period,capacity_mwh,reserve_mw,supply_mw,model,native_deficit_mwh,predicted_deficit_mwh,requested_reserve_mwh,hydrogen_energy_mwh,baseline_charge_mwh,maximum_state_error_mwh,initial_inventory_mwh,terminal_inventory_mwh,hours,native_deficit_pct,predicted_deficit_pct,terminal_restoration_mwh,restored_hydrogen_energy_mwh,restored_hydrogen_change_mwh
calibration,0.25,0.25,0.25,5minute,0.6262920741218723,0.6048303939823528,104.33515869615918,1102.7472121557985,-16.997212155798465,0.0021813225404122,0.125,0.1340337440734993,4343.0,0.6002694412395881,0.5796995006675713,-0.008491719429089342,1102.7557038752275,17.005703875227482
calibration,0.25,0.25,0.25,envelope,0.6262920741218723,0.6262920740394641,104.33515869615918,1102.7472121557985,-16.997212155798465,1.2490009027033011e-14,0.125,0.1340337440734993,4343.0,0.6002694412395881,0.600269441160604,-0.008491719429089342,1102.7557038752275,17.005703875227482
calibration,0.25,0.25,0.25,gross,0.6262920741218723,0.0,104.33515869615918,1102.7472121557985,-16.997212155798465,0.0100727384859593,0.125,0.1340337440734993,4343.0,0.6002694412395881,,-0.008491719429089342,1102.7557038752275,17.005703875227482
calibration,0.25,0.25,0.25,minute,0.6262920741218723,0.6229253857994251,104.33515869615918,1102.7472121557985,-16.997212155798465,0.0005044028469197,0.125,0.1340337440734993,4343.0,0.6002694412395881,0.5970426398770182,-0.008491719429089342,1102.7557038752275,17.005703875227482
calibration,0.25,0.25,0.25,native,0.6262920741218723,0.6262920741218723,104.33515869615918,1102.7472121557985,-16.997212155798465,0.0,0.125,0.1340337440734993,4343.0,0.6002694412395881,0.6002694412395881,-0.008491719429089342,1102.7557038752275,17.005703875227482
calibration,0.25,0.25,0.25,quarter,0.6262920741218723,0.5521162758467854,104.33515869615918,1102.7472121557985,-16.997212155798465,0.011399658766364,0.125,0.1340337440734993,4343.0,0.6002694412395881,0.5291756707387939,-0.008491719429089342,1102.7557038752275,17.005703875227482
calibration,0.25,0.25,0.5,5minute,0.6262920741218723,0.6048303939823528,104.33515869615918,2188.4972121557985,-16.997212155798465,0.0021813225404122,0.125,0.1340337440734993,4343.0,0.6002694412395881,0.5796995006675713,-0.008491719429089342,2188.5057038752275,17.005703875227482
calibration,0.25,0.25,0.5,envelope,0.6262920741218723,0.6262920740394641,104.33515869615918,2188.4972121557985,-16.997212155798465,1.2490009027033011e-14,0.125,0.1340337440734993,4343.0,0.6002694412395881,0.600269441160604,-0.008491719429089342,2188.5057038752275,17.005703875227482
calibration,0.25,0.25,0.5,gross,0.6262920741218723,0.0,104.33515869615918,2188.4972121557985,-16.997212155798465,0.0100727384859593,0.125,0.1340337440734993,4343.0,0.6002694412395881,,-0.008491719429089342,2188.5057038752275,17.005703875227482
calibration,0.25,0.25,0.5,minute,0.6262920741218723,0.6229253857994251,104.33515869615918,2188.4972121557985,-16.997212155798465,0.0005044028469197,0.125,0.1340337440734993,4343.0,0.6002694412395881,0.5970426398770182,-0.008491719429089342,2188.5057038752275,17.005703875227482
calibration,0.25,0.25,0.5,native,0.6262920741218723,0.6262920741218723,104.33515869615918,2188.4972121557985,-16.997212155798465,0.0,0.125,0.1340337440734993,4343.0,0.6002694412395881,0.6002694412395881,-0.008491719429089342,2188.5057038752275,17.005703875227482
calibration,0.25,0.25,0.5,quarter,0.6262920741218723,0.5521162758467854,104.33515869615918,2188.4972121557985,-16.997212155798465,0.011399658766364,0.125,0.1340337440734993,4343.0,0.6002694412395881,0.5291756707387939,-0.008491719429089342,2188.5057038752275,17.005703875227482
calibration,0.25,0.25,0.75,5minute,0.6262920741218723,0.6048303939823528,104.33515869615918,3274.2472121557985,-16.997212155798465,0.0021813225404122,0.125,0.1340337440734993,4343.0,0.6002694412395881,0.5796995006675713,-0.008491719429089342,3274.2557038752275,17.005703875227482
calibration,0.25,0.25,0.75,envelope,0.6262920741218723,0.6262920740394641,104.33515869615918,3274.2472121557985,-16.997212155798465,1.2490009027033011e-14,0.125,0.1340337440734993,4343.0,0.6002694412395881,0.600269441160604,-0.008491719429089342,3274.2557038752275,17.005703875227482
calibration,0.25,0.25,0.75,gross,0.6262920741218723,0.0,104.33515869615918,3274.2472121557985,-16.997212155798465,0.0100727384859593,0.125,0.1340337440734993,4343.0,0.6002694412395881,,-0.008491719429089342,3274.2557038752275,17.005703875227482
calibration,0.25,0.25,0.75,minute,0.6262920741218723,0.6229253857994251,104.33515869615918,3274.2472121557985,-16.997212155798465,0.0005044028469197,0.125,0.1340337440734993,4343.0,0.6002694412395881,0.5970426398770182,-0.008491719429089342,3274.2557038752275,17.005703875227482
calibration,0.25,0.25,0.75,native,0.6262920741218723,0.6262920741218723,104.33515869615918,3274.2472121557985,-16.997212155798465,0.0,0.125,0.1340337440734993,4343.0,0.6002694412395881,0.6002694412395881,-0.008491719429089342,3274.2557038752275,17.005703875227482
calibration,0.25,0.25,0.75,quarter,0.6262920741218723,0.5521162758467854,104.33515869615918,3274.2472121557985,-16.997212155798465,0.011399658766364,0.125,0.1340337440734993,4343.0,0.6002694412395881,0.5291756707387939,-0.008491719429089342,3274.2557038752275,17.005703875227482
calibration,0.25,0.5,0.25,5minute,19.3013906605028,18.81708343795189,208.67031739231837,1115.624665807158,-29.874665807157854,0.0095221360092126,0.125,0.1480633710495644,4343.0,9.249705900535199,9.017613848055895,-0.021679568786590542,1115.6463453759445,29.89634537594452
calibration,0.25,0.5,0.25,envelope,19.3013906605028,19.301390660435896,208.67031739231837,1115.624665807158,-29.874665807157854,1.2490009027033011e-14,0.125,0.1480633710495644,4343.0,9.249705900535199,9.249705900503137,-0.021679568786590542,1115.6463453759445,29.89634537594452
calibration,0.25,0.5,0.25,gross,19.3013906605028,0.0,208.67031739231837,1115.624665807158,-29.874665807157854,0.0264500431137134,0.125,0.1480633710495644,4343.0,9.249705900535199,,-0.021679568786590542,1115.6463453759445,29.89634537594452
calibration,0.25,0.5,0.25,minute,19.3013906605028,19.236912772895188,208.67031739231837,1115.624665807158,-29.874665807157854,0.0012971527397965,0.125,0.1480633710495644,4343.0,9.249705900535199,9.218806494997617,-0.021679568786590542,1115.6463453759445,29.89634537594452
calibration,0.25,0.5,0.25,native,19.3013906605028,19.3013906605028,208.67031739231837,1115.624665807158,-29.874665807157854,0.0,0.125,0.1480633710495644,4343.0,9.249705900535199,9.249705900535199,-0.021679568786590542,1115.6463453759445,29.89634537594452
calibration,0.25,0.5,0.25,quarter,19.3013906605028,17.45776386434231,208.67031739231837,1115.624665807158,-29.874665807157854,0.0300714802910918,0.125,0.1480633710495644,4343.0,9.249705900535199,8.366194139399422,-0.021679568786590542,1115.6463453759445,29.89634537594452
calibration,0.25,0.5,0.5,5minute,19.3013906605028,18.81708343795189,208.67031739231837,2201.3746658071577,-29.874665807157854,0.0095221360092126,0.125,0.1480633710495644,4343.0,9.249705900535199,9.017613848055895,-0.021679568786590542,2201.3963453759443,29.896345375944293
calibration,0.25,0.5,0.5,envelope,19.3013906605028,19.301390660435896,208.67031739231837,2201.3746658071577,-29.874665807157854,1.2490009027033011e-14,0.125,0.1480633710495644,4343.0,9.249705900535199,9.249705900503137,-0.021679568786590542,2201.3963453759443,29.896345375944293
calibration,0.25,0.5,0.5,gross,19.3013906605028,0.0,208.67031739231837,2201.3746658071577,-29.874665807157854,0.0264500431137134,0.125,0.1480633710495644,4343.0,9.249705900535199,,-0.021679568786590542,2201.3963453759443,29.896345375944293
calibration,0.25,0.5,0.5,minute,19.3013906605028,19.236912772895188,208.67031739231837,2201.3746658071577,-29.874665807157854,0.0012971527397965,0.125,0.1480633710495644,4343.0,9.249705900535199,9.218806494997617,-0.021679568786590542,2201.3963453759443,29.896345375944293
calibration,0.25,0.5,0.5,native,19.3013906605028,19.3013906605028,208.67031739231837,2201.3746658071577,-29.874665807157854,0.0,0.125,0.1480633710495644,4343.0,9.249705900535199,9.249705900535199,-0.021679568786590542,2201.3963453759443,29.896345375944293
calibration,0.25,0.5,0.5,quarter,19.3013906605028,17.45776386434231,208.67031739231837,2201.3746658071577,-29.874665807157854,0.0300714802910918,0.125,0.1480633710495644,4343.0,9.249705900535199,8.366194139399422,-0.021679568786590542,2201.3963453759443,29.896345375944293
calibration,0.25,0.5,0.75,5minute,19.3013906605028,18.81708343795189,208.67031739231837,3287.1246658071577,-29.874665807157854,0.0095221360092126,0.125,0.1480633710495644,4343.0,9.249705900535199,9.017613848055895,-0.021679568786590542,3287.1463453759443,29.896345375944293
calibration,0.25,0.5,0.75,envelope,19.3013906605028,19.301390660435896,208.67031739231837,3287.1246658071577,-29.874665807157854,1.2490009027033011e-14,0.125,0.1480633710495644,4343.0,9.249705900535199,9.249705900503137,-0.021679568786590542,3287.1463453759443,29.896345375944293
calibration,0.25,0.5,0.75,gross,19.3013906605028,0.0,208.67031739231837,3287.1246658071577,-29.874665807157854,0.0264500431137134,0.125,0.1480633710495644,4343.0,9.249705900535199,,-0.021679568786590542,3287.1463453759443,29.896345375944293
calibration,0.25,0.5,0.75,minute,19.3013906605028,19.236912772895188,208.67031739231837,3287.1246658071577,-29.874665807157854,0.0012971527397965,0.125,0.1480633710495644,4343.0,9.249705900535199,9.218806494997617,-0.021679568786590542,3287.1463453759443,29.896345375944293
calibration,0.25,0.5,0.75,native,19.3013906605028,19.3013906605028,208.67031739231837,3287.1246658071577,-29.874665807157854,0.0,0.125,0.1480633710495644,4343.0,9.249705900535199,9.249705900535199,-0.021679568786590542,3287.1463453759443,29.896345375944293
calibration,0.25,0.5,0.75,quarter,19.3013906605028,17.45776386434231,208.67031739231837,3287.1246658071577,-29.874665807157854,0.0300714802910918,0.125,0.1480633710495644,4343.0,9.249705900535199,8.366194139399422,-0.021679568786590542,3287.1463453759443,29.896345375944293
calibration,0.25,0.75,0.25,5minute,61.40578532920957,60.19334820265382,313.00547608849115,1122.588554749934,-36.838554749934055,0.0164815517503973,0.125,0.1627074882213569,4343.0,19.618118537916338,19.230765210521845,-0.035445038928075476,1122.6239997888622,36.87399978886219
calibration,0.25,0.75,0.25,envelope,61.40578532920957,61.40578532916067,313.00547608849115,1122.588554749934,-36.838554749934055,1.2490009027033011e-14,0.125,0.1627074882213569,4343.0,19.618118537916338,19.618118537900713,-0.035445038928075476,1122.6239997888622,36.87399978886219
calibration,0.25,0.75,0.25,gross,61.40578532920957,0.0,313.00547608849115,1122.588554749934,-36.838554749934055,0.0487134760503814,0.125,0.1627074882213569,4343.0,19.618118537916338,,-0.035445038928075476,1122.6239997888622,36.87399978886219
calibration,0.25,0.75,0.25,minute,61.40578532920957,61.24663181280014,313.00547608849115,1122.588554749934,-36.838554749934055,0.0013822891341744,0.125,0.1627074882213569,4343.0,19.618118537916338,19.567271658686522,-0.035445038928075476,1122.6239997888622,36.87399978886219
calibration,0.25,0.75,0.25,native,61.40578532920957,61.40578532920957,313.00547608849115,1122.588554749934,-36.838554749934055,0.0,0.125,0.1627074882213569,4343.0,19.618118537916338,19.618118537916338,-0.035445038928075476,1122.6239997888622,36.87399978886219
calibration,0.25,0.75,0.25,quarter,61.40578532920957,57.17827960486036,313.00547608849115,1122.588554749934,-36.838554749934055,0.0553340052656771,0.125,0.1627074882213569,4343.0,19.618118537916338,18.267501361124822,-0.035445038928075476,1122.6239997888622,36.87399978886219
calibration,0.25,0.75,0.5,5minute,61.40578532920957,60.19334820265382,313.00547608849115,2208.338554749934,-36.838554749934055,0.0164815517503973,0.125,0.1627074882213569,4343.0,19.618118537916338,19.230765210521845,-0.035445038928075476,2208.373999788862,36.873999788861965
calibration,0.25,0.75,0.5,envelope,61.40578532920957,61.40578532916067,313.00547608849115,2208.338554749934,-36.838554749934055,1.2490009027033011e-14,0.125,0.1627074882213569,4343.0,19.618118537916338,19.618118537900713,-0.035445038928075476,2208.373999788862,36.873999788861965
calibration,0.25,0.75,0.5,gross,61.40578532920957,0.0,313.00547608849115,2208.338554749934,-36.838554749934055,0.0487134760503814,0.125,0.1627074882213569,4343.0,19.618118537916338,,-0.035445038928075476,2208.373999788862,36.873999788861965
calibration,0.25,0.75,0.5,minute,61.40578532920957,61.24663181280014,313.00547608849115,2208.338554749934,-36.838554749934055,0.0013822891341744,0.125,0.1627074882213569,4343.0,19.618118537916338,19.567271658686522,-0.035445038928075476,2208.373999788862,36.873999788861965
calibration,0.25,0.75,0.5,native,61.40578532920957,61.40578532920957,313.00547608849115,2208.338554749934,-36.838554749934055,0.0,0.125,0.1627074882213569,4343.0,19.618118537916338,19.618118537916338,-0.035445038928075476,2208.373999788862,36.873999788861965
calibration,0.25,0.75,0.5,quarter,61.40578532920957,57.17827960486036,313.00547608849115,2208.338554749934,-36.838554749934055,0.0553340052656771,0.125,0.1627074882213569,4343.0,19.618118537916338,18.267501361124822,-0.035445038928075476,2208.373999788862,36.873999788861965
calibration,0.25,0.75,0.75,5minute,61.40578532920957,60.19334820265382,313.00547608849115,3294.0885547499342,-36.838554749934055,0.0164815517503973,0.125,0.1627074882213569,4343.0,19.618118537916338,19.230765210521845,-0.035445038928075476,3294.1239997888624,36.87399978886242
calibration,0.25,0.75,0.75,envelope,61.40578532920957,61.40578532916067,313.00547608849115,3294.0885547499342,-36.838554749934055,1.2490009027033011e-14,0.125,0.1627074882213569,4343.0,19.618118537916338,19.618118537900713,-0.035445038928075476,3294.1239997888624,36.87399978886242
calibration,0.25,0.75,0.75,gross,61.40578532920957,0.0,313.00547608849115,3294.0885547499342,-36.838554749934055,0.0487134760503814,0.125,0.1627074882213569,4343.0,19.618118537916338,,-0.035445038928075476,3294.1239997888624,36.87399978886242
calibration,0.25,0.75,0.75,minute,61.40578532920957,61.24663181280014,313.00547608849115,3294.0885547499342,-36.838554749934055,0.0013822891341744,0.125,0.1627074882213569,4343.0,19.618118537916338,19.567271658686522,-0.035445038928075476,3294.1239997888624,36.87399978886242
calibration,0.25,0.75,0.75,native,61.40578532920957,61.40578532920957,313.00547608849115,3294.0885547499342,-36.838554749934055,0.0,0.125,0.1627074882213569,4343.0,19.618118537916338,19.618118537916338,-0.035445038928075476,3294.1239997888624,36.87399978886242
calibration,0.25,0.75,0.75,quarter,61.40578532920957,57.17827960486036,313.00547608849115,3294.0885547499342,-36.838554749934055,0.0553340052656771,0.125,0.1627074882213569,4343.0,19.618118537916338,18.267501361124822,-0.035445038928075476,3294.1239997888624,36.87399978886242
calibration,0.5,0.25,0.25,5minute,1.6740104129271429e-10,5.591282003375016e-13,104.33515869615918,1102.9326885029432,-17.182688502943268,0.0007201643644035,0.25,0.2586629326208874,4343.0,1.6044547531691893e-10,5.358962475590546e-13,-0.008143156663634164,1102.9408316596068,17.19083165960683
calibration,0.5,0.25,0.25,envelope,1.6740104129271429e-10,0.0,104.33515869615918,1102.9326885029432,-17.182688502943268,2.4868995751603507e-14,0.25,0.2586629326208874,4343.0,1.6044547531691893e-10,0.0,-0.008143156663634164,1102.9408316596068,17.19083165960683
calibration,0.5,0.25,0.25,gross,1.6740104129271429e-10,0.0,104.33515869615918,1102.9326885029432,-17.182688502943268,2.4868995751603507e-14,0.25,0.2586629326208874,4343.0,1.6044547531691893e-10,,-0.008143156663634164,1102.9408316596068,17.19083165960683
calibration,0.5,0.25,0.25,minute,1.6740104129271429e-10,2.7972405944418563e-12,104.33515869615918,1102.9326885029432,-17.182688502943268,0.0001739203534337,0.25,0.2586629326208874,4343.0,1.6044547531691893e-10,2.681014366967009e-12,-0.008143156663634164,1102.9408316596068,17.19083165960683
calibration,0.5,0.25,0.25,native,1.6740104129271429e-10,1.6740104129271429e-10,104.33515869615918,1102.9326885029432,-17.182688502943268,0.0,0.25,0.2586629326208874,4343.0,1.6044547531691893e-10,1.6044547531691893e-10,-0.008143156663634164,1102.9408316596068,17.19083165960683
calibration,0.5,0.25,0.25,quarter,1.6740104129271429e-10,1.8874762706014322e-13,104.33515869615918,1102.9326885029432,-17.182688502943268,0.0020482773356162,0.25,0.2586629326208874,4343.0,1.6044547531691893e-10,1.809051037242458e-13,-0.008143156663634164,1102.9408316596068,17.19083165960683
calibration,0.5,0.25,0.5,5minute,1.6740104129271429e-10,5.591282003375016e-13,104.33515869615918,2188.682688502943,-17.182688502943268,0.0007201643644035,0.25,0.2586629326208874,4343.0,1.6044547531691893e-10,5.358962475590546e-13,-0.008143156663634164,2188.690831659607,17.19083165960683
calibration,0.5,0.25,0.5,envelope,1.6740104129271429e-10,0.0,104.33515869615918,2188.682688502943,-17.182688502943268,2.4868995751603507e-14,0.25,0.2586629326208874,4343.0,1.6044547531691893e-10,0.0,-0.008143156663634164,2188.690831659607,17.19083165960683
calibration,0.5,0.25,0.5,gross,1.6740104129271429e-10,0.0,104.33515869615918,2188.682688502943,-17.182688502943268,2.4868995751603507e-14,0.25,0.2586629326208874,4343.0,1.6044547531691893e-10,,-0.008143156663634164,2188.690831659607,17.19083165960683
calibration,0.5,0.25,0.5,minute,1.6740104129271429e-10,2.7972405944418563e-12,104.33515869615918,2188.682688502943,-17.182688502943268,0.0001739203534337,0.25,0.2586629326208874,4343.0,1.6044547531691893e-10,2.681014366967009e-12,-0.008143156663634164,2188.690831659607,17.19083165960683
calibration,0.5,0.25,0.5,native,1.6740104129271429e-10,1.6740104129271429e-10,104.33515869615918,2188.682688502943,-17.182688502943268,0.0,0.25,0.2586629326208874,4343.0,1.6044547531691893e-10,1.6044547531691893e-10,-0.008143156663634164,2188.690831659607,17.19083165960683
calibration,0.5,0.25,0.5,quarter,1.6740104129271429e-10,1.8874762706014322e-13,104.33515869615918,2188.682688502943,-17.182688502943268,0.0020482773356162,0.25,0.2586629326208874,4343.0,1.6044547531691893e-10,1.809051037242458e-13,-0.008143156663634164,2188.690831659607,17.19083165960683
calibration,0.5,0.25,0.75,5minute,1.6740104129271429e-10,5.591282003375016e-13,104.33515869615918,3274.432688502943,-17.182688502943268,0.0007201643644035,0.25,0.2586629326208874,4343.0,1.6044547531691893e-10,5.358962475590546e-13,-0.008143156663634164,3274.440831659607,17.19083165960683
calibration,0.5,0.25,0.75,envelope,1.6740104129271429e-10,0.0,104.33515869615918,3274.432688502943,-17.182688502943268,2.4868995751603507e-14,0.25,0.2586629326208874,4343.0,1.6044547531691893e-10,0.0,-0.008143156663634164,3274.440831659607,17.19083165960683
calibration,0.5,0.25,0.75,gross,1.6740104129271429e-10,0.0,104.33515869615918,3274.432688502943,-17.182688502943268,2.4868995751603507e-14,0.25,0.2586629326208874,4343.0,1.6044547531691893e-10,,-0.008143156663634164,3274.440831659607,17.19083165960683
calibration,0.5,0.25,0.75,minute,1.6740104129271429e-10,2.7972405944418563e-12,104.33515869615918,3274.432688502943,-17.182688502943268,0.0001739203534337,0.25,0.2586629326208874,4343.0,1.6044547531691893e-10,2.681014366967009e-12,-0.008143156663634164,3274.440831659607,17.19083165960683
calibration,0.5,0.25,0.75,native,1.6740104129271429e-10,1.6740104129271429e-10,104.33515869615918,3274.432688502943,-17.182688502943268,0.0,0.25,0.2586629326208874,4343.0,1.6044547531691893e-10,1.6044547531691893e-10,-0.008143156663634164,3274.440831659607,17.19083165960683
calibration,0.5,0.25,0.75,quarter,1.6740104129271429e-10,1.8874762706014322e-13,104.33515869615918,3274.432688502943,-17.182688502943268,0.0020482773356162,0.25,0.2586629326208874,4343.0,1.6044547531691893e-10,1.809051037242458e-13,-0.008143156663634164,3274.440831659607,17.19083165960683
calibration,0.5,0.5,0.25,5minute,1.2525841482437454,1.209660787964707,208.67031739231837,1119.744424311597,-33.99442431159694,0.0043626450808244,0.25,0.2680674881469986,4343.0,0.6002694412395886,0.5796995006675719,-0.016983438858178684,1119.7614077504552,34.01140775045519
calibration,0.5,0.5,0.25,envelope,1.2525841482437454,1.2525841480789293,208.67031739231837,1119.744424311597,-33.99442431159694,2.4980018054066022e-14,0.25,0.2680674881469986,4343.0,0.6002694412395886,0.6002694411606045,-0.016983438858178684,1119.7614077504552,34.01140775045519
calibration,0.5,0.5,0.25,gross,1.2525841482437454,0.0,208.67031739231837,1119.744424311597,-33.99442431159694,0.0201454769719187,0.25,0.2680674881469986,4343.0,0.6002694412395886,,-0.016983438858178684,1119.7614077504552,34.01140775045519
calibration,0.5,0.5,0.25,minute,1.2525841482437454,1.2458507715988516,208.67031739231837,1119.744424311597,-33.99442431159694,0.0010088056938395,0.25,0.2680674881469986,4343.0,0.6002694412395886,0.5970426398770189,-0.016983438858178684,1119.7614077504552,34.01140775045519
calibration,0.5,0.5,0.25,native,1.2525841482437454,1.2525841482437454,208.67031739231837,1119.744424311597,-33.99442431159694,0.0,0.25,0.2680674881469986,4343.0,0.6002694412395886,0.6002694412395886,-0.016983438858178684,1119.7614077504552,34.01140775045519
calibration,0.5,0.5,0.25,quarter,1.2525841482437454,1.1042325516935712,208.67031739231837,1119.744424311597,-33.99442431159694,0.022799317532728,0.25,0.2680674881469986,4343.0,0.6002694412395886,0.5291756707387941,-0.016983438858178684,1119.7614077504552,34.01140775045519
calibration,0.5,0.5,0.5,5minute,1.2525841482437454,1.209660787964707,208.67031739231837,2205.494424311597,-33.99442431159694,0.0043626450808244,0.25,0.2680674881469986,4343.0,0.6002694412395886,0.5796995006675719,-0.016983438858178684,2205.511407750455,34.011407750454964
calibration,0.5,0.5,0.5,envelope,1.2525841482437454,1.2525841480789293,208.67031739231837,2205.494424311597,-33.99442431159694,2.4980018054066022e-14,0.25,0.2680674881469986,4343.0,0.6002694412395886,0.6002694411606045,-0.016983438858178684,2205.511407750455,34.011407750454964
calibration,0.5,0.5,0.5,gross,1.2525841482437454,0.0,208.67031739231837,2205.494424311597,-33.99442431159694,0.0201454769719187,0.25,0.2680674881469986,4343.0,0.6002694412395886,,-0.016983438858178684,2205.511407750455,34.011407750454964
calibration,0.5,0.5,0.5,minute,1.2525841482437454,1.2458507715988516,208.67031739231837,2205.494424311597,-33.99442431159694,0.0010088056938395,0.25,0.2680674881469986,4343.0,0.6002694412395886,0.5970426398770189,-0.016983438858178684,2205.511407750455,34.011407750454964
calibration,0.5,0.5,0.5,native,1.2525841482437454,1.2525841482437454,208.67031739231837,2205.494424311597,-33.99442431159694,0.0,0.25,0.2680674881469986,4343.0,0.6002694412395886,0.6002694412395886,-0.016983438858178684,2205.511407750455,34.011407750454964
calibration,0.5,0.5,0.5,quarter,1.2525841482437454,1.1042325516935712,208.67031739231837,2205.494424311597,-33.99442431159694,0.022799317532728,0.25,0.2680674881469986,4343.0,0.6002694412395886,0.5291756707387941,-0.016983438858178684,2205.511407750455,34.011407750454964
calibration,0.5,0.5,0.75,5minute,1.2525841482437454,1.209660787964707,208.67031739231837,3291.244424311597,-33.99442431159694,0.0043626450808244,0.25,0.2680674881469986,4343.0,0.6002694412395886,0.5796995006675719,-0.016983438858178684,3291.261407750455,34.011407750454964
calibration,0.5,0.5,0.75,envelope,1.2525841482437454,1.2525841480789293,208.67031739231837,3291.244424311597,-33.99442431159694,2.4980018054066022e-14,0.25,0.2680674881469986,4343.0,0.6002694412395886,0.6002694411606045,-0.016983438858178684,3291.261407750455,34.011407750454964
calibration,0.5,0.5,0.75,gross,1.2525841482437454,0.0,208.67031739231837,3291.244424311597,-33.99442431159694,0.0201454769719187,0.25,0.2680674881469986,4343.0,0.6002694412395886,,-0.016983438858178684,3291.261407750455,34.011407750454964
calibration,0.5,0.5,0.75,minute,1.2525841482437454,1.2458507715988516,208.67031739231837,3291.244424311597,-33.99442431159694,0.0010088056938395,0.25,0.2680674881469986,4343.0,0.6002694412395886,0.5970426398770189,-0.016983438858178684,3291.261407750455,34.011407750454964
calibration,0.5,0.5,0.75,native,1.2525841482437454,1.2525841482437454,208.67031739231837,3291.244424311597,-33.99442431159694,0.0,0.25,0.2680674881469986,4343.0,0.6002694412395886,0.6002694412395886,-0.016983438858178684,3291.261407750455,34.011407750454964
calibration,0.5,0.5,0.75,quarter,1.2525841482437454,1.1042325516935712,208.67031739231837,3291.244424311597,-33.99442431159694,0.022799317532728,0.25,0.2680674881469986,4343.0,0.6002694412395886,0.5291756707387941,-0.016983438858178684,3291.261407750455,34.011407750454964
calibration,0.5,0.75,0.25,5minute,12.72054828120344,12.336537974605926,313.00547608849115,1134.6691861369702,-48.919186136970154,0.0101948097011183,0.25,0.2817583826891358,4343.0,4.0640018315868565,3.94131697910557,-0.02985287972778763,1134.699039016698,48.94903901669795
calibration,0.5,0.75,0.25,envelope,12.72054828120344,12.720548281048956,313.00547608849115,1134.6691861369702,-48.919186136970154,2.4813484600372252e-14,0.25,0.2817583826891358,4343.0,4.0640018315868565,4.064001831537501,-0.02985287972778763,1134.699039016698,48.94903901669795
calibration,0.5,0.75,0.25,gross,12.72054828120344,0.0,313.00547608849115,1134.6691861369702,-48.919186136970154,0.0341844224377139,0.25,0.2817583826891358,4343.0,4.0640018315868565,,-0.02985287972778763,1134.699039016698,48.94903901669795
calibration,0.5,0.75,0.25,minute,12.72054828120344,12.675022057521701,313.00547608849115,1134.6691861369702,-48.919186136970154,0.00238904182654,0.25,0.2817583826891358,4343.0,4.0640018315868565,4.049456966669264,-0.02985287972778763,1134.699039016698,48.94903901669795
calibration,0.5,0.75,0.25,native,12.72054828120344,12.72054828120344,313.00547608849115,1134.6691861369702,-48.919186136970154,0.0,0.25,0.2817583826891358,4343.0,4.0640018315868565,4.0640018315868565,-0.02985287972778763,1134.699039016698,48.94903901669795
calibration,0.5,0.75,0.25,quarter,12.72054828120344,11.312224117315724,313.00547608849115,1134.6691861369702,-48.919186136970154,0.0373629135296699,0.25,0.2817583826891358,4343.0,4.0640018315868565,3.6140658811086093,-0.02985287972778763,1134.699039016698,48.94903901669795
calibration,0.5,0.75,0.5,5minute,12.72054828120344,12.336537974605926,313.00547608849115,2220.41918613697,-48.919186136970154,0.0101948097011183,0.25,0.2817583826891358,4343.0,4.0640018315868565,3.94131697910557,-0.02985287972778763,2220.449039016698,48.94903901669795
calibration,0.5,0.75,0.5,envelope,12.72054828120344,12.720548281048956,313.00547608849115,2220.41918613697,-48.919186136970154,2.4813484600372252e-14,0.25,0.2817583826891358,4343.0,4.0640018315868565,4.064001831537501,-0.02985287972778763,2220.449039016698,48.94903901669795
calibration,0.5,0.75,0.5,gross,12.72054828120344,0.0,313.00547608849115,2220.41918613697,-48.919186136970154,0.0341844224377139,0.25,0.2817583826891358,4343.0,4.0640018315868565,,-0.02985287972778763,2220.449039016698,48.94903901669795
calibration,0.5,0.75,0.5,minute,12.72054828120344,12.675022057521701,313.00547608849115,2220.41918613697,-48.919186136970154,0.00238904182654,0.25,0.2817583826891358,4343.0,4.0640018315868565,4.049456966669264,-0.02985287972778763,2220.449039016698,48.94903901669795
calibration,0.5,0.75,0.5,native,12.72054828120344,12.72054828120344,313.00547608849115,2220.41918613697,-48.919186136970154,0.0,0.25,0.2817583826891358,4343.0,4.0640018315868565,4.0640018315868565,-0.02985287972778763,2220.449039016698,48.94903901669795
calibration,0.5,0.75,0.5,quarter,12.72054828120344,11.312224117315724,313.00547608849115,2220.41918613697,-48.919186136970154,0.0373629135296699,0.25,0.2817583826891358,4343.0,4.0640018315868565,3.6140658811086093,-0.02985287972778763,2220.449039016698,48.94903901669795
calibration,0.5,0.75,0.75,5minute,12.72054828120344,12.336537974605926,313.00547608849115,3306.16918613697,-48.919186136970154,0.0101948097011183,0.25,0.2817583826891358,4343.0,4.0640018315868565,3.94131697910557,-0.02985287972778763,3306.199039016698,48.94903901669795
calibration,0.5,0.75,0.75,envelope,12.72054828120344,12.720548281048956,313.00547608849115,3306.16918613697,-48.919186136970154,2.4813484600372252e-14,0.25,0.2817583826891358,4343.0,4.0640018315868565,4.064001831537501,-0.02985287972778763,3306.199039016698,48.94903901669795
calibration,0.5,0.75,0.75,gross,12.72054828120344,0.0,313.00547608849115,3306.16918613697,-48.919186136970154,0.0341844224377139,0.25,0.2817583826891358,4343.0,4.0640018315868565,,-0.02985287972778763,3306.199039016698,48.94903901669795
calibration,0.5,0.75,0.75,minute,12.72054828120344,12.675022057521701,313.00547608849115,3306.16918613697,-48.919186136970154,0.00238904182654,0.25,0.2817583826891358,4343.0,4.0640018315868565,4.049456966669264,-0.02985287972778763,3306.199039016698,48.94903901669795
calibration,0.5,0.75,0.75,native,12.72054828120344,12.72054828120344,313.00547608849115,3306.16918613697,-48.919186136970154,0.0,0.25,0.2817583826891358,4343.0,4.0640018315868565,4.0640018315868565,-0.02985287972778763,3306.199039016698,48.94903901669795
calibration,0.5,0.75,0.75,quarter,12.72054828120344,11.312224117315724,313.00547608849115,3306.16918613697,-48.919186136970154,0.0373629135296699,0.25,0.2817583826891358,4343.0,4.0640018315868565,3.6140658811086093,-0.02985287972778763,3306.199039016698,48.94903901669795
calibration,1.0,0.25,0.25,5minute,3.3554539083202146e-10,1.1249071124646615e-12,104.33515869615918,1102.9326885029443,-17.18268850294432,0.0007201643644059,0.5,0.5086629326208928,4343.0,3.216033741887371e-10,1.0781668677387768e-12,-0.008143156663639226,1102.940831659608,17.190831659607966
calibration,1.0,0.25,0.25,envelope,3.3554539083202146e-10,0.0,104.33515869615918,1102.9326885029443,-17.18268850294432,4.9849013805669535e-14,0.5,0.5086629326208928,4343.0,3.216033741887371e-10,0.0,-0.008143156663639226,1102.940831659608,17.190831659607966
calibration,1.0,0.25,0.25,gross,3.3554539083202146e-10,0.0,104.33515869615918,1102.9326885029443,-17.18268850294432,4.9849013805669535e-14,0.5,0.5086629326208928,4343.0,3.216033741887371e-10,,-0.008143156663639226,1102.940831659608,17.190831659607966
calibration,1.0,0.25,0.25,minute,3.3554539083202146e-10,5.592849975886298e-12,104.33515869615918,1102.9326885029443,-17.18268850294432,0.0001739203534328,0.5,0.5086629326208928,4343.0,3.216033741887371e-10,5.360465298350272e-12,-0.008143156663639226,1102.940831659608,17.190831659607966
calibration,1.0,0.25,0.25,native,3.3554539083202146e-10,3.3554539083202146e-10,104.33515869615918,1102.9326885029443,-17.18268850294432,0.0,0.5,0.5086629326208928,4343.0,3.216033741887371e-10,3.216033741887371e-10,-0.008143156663639226,1102.940831659608,17.190831659607966
calibration,1.0,0.25,0.25,quarter,3.3554539083202146e-10,3.775536459246922e-13,104.33515869615918,1102.9326885029443,-17.18268850294432,0.0020482773356161,0.5,0.5086629326208928,4343.0,3.216033741887371e-10,3.6186617305503824e-13,-0.008143156663639226,1102.940831659608,17.190831659607966
calibration,1.0,0.25,0.5,5minute,3.3554539083202146e-10,1.1249071124646615e-12,104.33515869615918,2188.6826885029445,-17.18268850294432,0.0007201643644059,0.5,0.5086629326208928,4343.0,3.216033741887371e-10,1.0781668677387768e-12,-0.008143156663639226,2188.690831659608,17.190831659608193
calibration,1.0,0.25,0.5,envelope,3.3554539083202146e-10,0.0,104.33515869615918,2188.6826885029445,-17.18268850294432,4.9849013805669535e-14,0.5,0.5086629326208928,4343.0,3.216033741887371e-10,0.0,-0.008143156663639226,2188.690831659608,17.190831659608193
calibration,1.0,0.25,0.5,gross,3.3554539083202146e-10,0.0,104.33515869615918,2188.6826885029445,-17.18268850294432,4.9849013805669535e-14,0.5,0.5086629326208928,4343.0,3.216033741887371e-10,,-0.008143156663639226,2188.690831659608,17.190831659608193
calibration,1.0,0.25,0.5,minute,3.3554539083202146e-10,5.592849975886298e-12,104.33515869615918,2188.6826885029445,-17.18268850294432,0.0001739203534328,0.5,0.5086629326208928,4343.0,3.216033741887371e-10,5.360465298350272e-12,-0.008143156663639226,2188.690831659608,17.190831659608193
calibration,1.0,0.25,0.5,native,3.3554539083202146e-10,3.3554539083202146e-10,104.33515869615918,2188.6826885029445,-17.18268850294432,0.0,0.5,0.5086629326208928,4343.0,3.216033741887371e-10,3.216033741887371e-10,-0.008143156663639226,2188.690831659608,17.190831659608193
calibration,1.0,0.25,0.5,quarter,3.3554539083202146e-10,3.775536459246922e-13,104.33515869615918,2188.6826885029445,-17.18268850294432,0.0020482773356161,0.5,0.5086629326208928,4343.0,3.216033741887371e-10,3.6186617305503824e-13,-0.008143156663639226,2188.690831659608,17.190831659608193
calibration,1.0,0.25,0.75,5minute,3.3554539083202146e-10,1.1249071124646615e-12,104.33515869615918,3274.432688502944,-17.18268850294432,0.0007201643644059,0.5,0.5086629326208928,4343.0,3.216033741887371e-10,1.0781668677387768e-12,-0.008143156663639226,3274.4408316596077,17.19083165960774
calibration,1.0,0.25,0.75,envelope,3.3554539083202146e-10,0.0,104.33515869615918,3274.432688502944,-17.18268850294432,4.9849013805669535e-14,0.5,0.5086629326208928,4343.0,3.216033741887371e-10,0.0,-0.008143156663639226,3274.4408316596077,17.19083165960774
calibration,1.0,0.25,0.75,gross,3.3554539083202146e-10,0.0,104.33515869615918,3274.432688502944,-17.18268850294432,4.9849013805669535e-14,0.5,0.5086629326208928,4343.0,3.216033741887371e-10,,-0.008143156663639226,3274.4408316596077,17.19083165960774
calibration,1.0,0.25,0.75,minute,3.3554539083202146e-10,5.592849975886298e-12,104.33515869615918,3274.432688502944,-17.18268850294432,0.0001739203534328,0.5,0.5086629326208928,4343.0,3.216033741887371e-10,5.360465298350272e-12,-0.008143156663639226,3274.4408316596077,17.19083165960774
calibration,1.0,0.25,0.75,native,3.3554539083202146e-10,3.3554539083202146e-10,104.33515869615918,3274.432688502944,-17.18268850294432,0.0,0.5,0.5086629326208928,4343.0,3.216033741887371e-10,3.216033741887371e-10,-0.008143156663639226,3274.4408316596077,17.19083165960774
calibration,1.0,0.25,0.75,quarter,3.3554539083202146e-10,3.775536459246922e-13,104.33515869615918,3274.432688502944,-17.18268850294432,0.0020482773356161,0.5,0.5086629326208928,4343.0,3.216033741887371e-10,3.6186617305503824e-13,-0.008143156663639226,3274.4408316596077,17.19083165960774
calibration,1.0,0.5,0.25,5minute,3.3449047177270614e-10,1.1185276749914355e-12,208.67031739231837,1120.111045134856,-34.36104513485606,0.0014403287288071,0.5,0.516970122881313,4343.0,1.6029614367425095e-10,5.360262489506382e-13,-0.01595191550843427,1120.1269970503645,34.37699705036448
calibration,1.0,0.5,0.25,envelope,3.3449047177270614e-10,0.0,208.67031739231837,1120.111045134856,-34.36104513485606,4.973799150320701e-14,0.5,0.516970122881313,4343.0,1.6029614367425095e-10,0.0,-0.01595191550843427,1120.1269970503645,34.37699705036448
calibration,1.0,0.5,0.25,gross,3.3449047177270614e-10,0.0,208.67031739231837,1120.111045134856,-34.36104513485606,4.973799150320701e-14,0.5,0.516970122881313,4343.0,1.6029614367425095e-10,,-0.01595191550843427,1120.1269970503645,34.37699705036448
calibration,1.0,0.5,0.25,minute,3.3449047177270614e-10,5.59433942919555e-12,208.67031739231837,1120.111045134856,-34.36104513485606,0.0003478407068674,0.5,0.516970122881313,4343.0,1.6029614367425095e-10,2.6809464322027674e-12,-0.01595191550843427,1120.1269970503645,34.37699705036448
calibration,1.0,0.5,0.25,native,3.3449047177270614e-10,3.3449047177270614e-10,208.67031739231837,1120.111045134856,-34.36104513485606,0.0,0.5,0.516970122881313,4343.0,1.6029614367425095e-10,1.6029614367425095e-10,-0.01595191550843427,1120.1269970503645,34.37699705036448
calibration,1.0,0.5,0.25,quarter,3.3449047177270614e-10,3.7678624180365543e-13,208.67031739231837,1120.111045134856,-34.36104513485606,0.0040965546712324,0.5,0.516970122881313,4343.0,1.6029614367425095e-10,1.8056532740843274e-13,-0.01595191550843427,1120.1269970503645,34.37699705036448
calibration,1.0,0.5,0.5,5minute,3.3480208258542857e-10,1.1182564006750033e-12,208.67031739231837,2205.8653770058863,-34.36537700588654,0.0014403287288071,0.5,0.5173258652417749,4343.0,1.6044547531691893e-10,5.358962475590546e-13,-0.01628631332726843,2205.8816633192137,34.38166331921366
calibration,1.0,0.5,0.5,envelope,3.3480208258542857e-10,0.0,208.67031739231837,2205.8653770058863,-34.36537700588654,4.973799150320701e-14,0.5,0.5173258652417749,4343.0,1.6044547531691893e-10,0.0,-0.01628631332726843,2205.8816633192137,34.38166331921366
calibration,1.0,0.5,0.5,gross,3.3480208258542857e-10,0.0,208.67031739231837,2205.8653770058863,-34.36537700588654,4.973799150320701e-14,0.5,0.5173258652417749,4343.0,1.6044547531691893e-10,,-0.01628631332726843,2205.8816633192137,34.38166331921366
calibration,1.0,0.5,0.5,minute,3.3480208258542857e-10,5.5944811888837125e-12,208.67031739231837,2205.8653770058863,-34.36537700588654,0.0003478407068674,0.5,0.5173258652417749,4343.0,1.6044547531691893e-10,2.681014366967009e-12,-0.01628631332726843,2205.8816633192137,34.38166331921366
calibration,1.0,0.5,0.5,native,3.3480208258542857e-10,3.3480208258542857e-10,208.67031739231837,2205.8653770058863,-34.36537700588654,0.0,0.5,0.5173258652417749,4343.0,1.6044547531691893e-10,1.6044547531691893e-10,-0.01628631332726843,2205.8816633192137,34.38166331921366
calibration,1.0,0.5,0.5,quarter,3.3480208258542857e-10,3.7749525412028644e-13,208.67031739231837,2205.8653770058863,-34.36537700588654,0.0040965546712324,0.5,0.5173258652417749,4343.0,1.6044547531691893e-10,1.809051037242458e-13,-0.01628631332726843,2205.8816633192137,34.38166331921366
calibration,1.0,0.5,0.75,5minute,0.047869716554017595,0.04726176893029616,208.67031739231837,3291.552296519971,-34.30229651997143,0.0014403287288071,0.5,0.5173258652417749,4343.0,0.02294035737915631,0.022649013774891577,-0.01628631332726843,3291.5685828332985,34.31858283329848
calibration,1.0,0.5,0.75,envelope,0.047869716554017595,0.047869716219066,208.67031739231837,3291.552296519971,-34.30229651997143,4.973799150320701e-14,0.5,0.5173258652417749,4343.0,0.02294035737915631,0.022940357218639185,-0.01628631332726843,3291.5685828332985,34.31858283329848
calibration,1.0,0.5,0.75,gross,0.047869716554017595,0.0,208.67031739231837,3291.552296519971,-34.30229651997143,0.0124318590243164,0.5,0.5173258652417749,4343.0,0.02294035737915631,,-0.01628631332726843,3291.5685828332985,34.31858283329848
calibration,1.0,0.5,0.75,minute,0.047869716554017595,0.047825004779432564,208.67031739231837,3291.552296519971,-34.30229651997143,0.0003478407068674,0.5,0.5173258652417749,4343.0,0.02294035737915631,0.022918930386020064,-0.01628631332726843,3291.5685828332985,34.31858283329848
calibration,1.0,0.5,0.75,native,0.047869716554017595,0.047869716554017595,208.67031739231837,3291.552296519971,-34.30229651997143,0.0,0.5,0.5173258652417749,4343.0,0.02294035737915631,0.02294035737915631,-0.01628631332726843,3291.5685828332985,34.31858283329848
calibration,1.0,0.5,0.75,quarter,0.047869716554017595,0.03464433427864137,208.67031739231837,3291.552296519971,-34.30229651997143,0.0141135038425328,0.5,0.5173258652417749,4343.0,0.02294035737915631,0.016602425640397624,-0.01628631332726843,3291.5685828332985,34.31858283329848
calibration,1.0,0.75,0.25,5minute,2.063389347300523,2.015939304484403,313.00547608849115,1136.0158787442188,-50.265878744218774,0.0088956114815131,0.5,0.5103273427183412,4343.0,0.6592182900714405,0.6440587972059849,-0.009707702155240762,1136.025586446374,50.275586446374064
calibration,1.0,0.75,0.25,envelope,2.063389347300523,2.0633893469679934,313.00547608849115,1136.0158787442188,-50.265878744218774,4.951594689828198e-14,0.5,0.5103273427183412,4343.0,0.6592182900714405,0.6592182899652028,-0.009707702155240762,1136.025586446374,50.275586446374064
calibration,1.0,0.75,0.25,gross,2.063389347300523,0.0,313.00547608849115,1136.0158787442188,-50.265878744218774,0.0309951655620084,0.5,0.5103273427183412,4343.0,0.6592182900714405,,-0.009707702155240762,1136.025586446374,50.275586446374064
calibration,1.0,0.75,0.25,minute,2.063389347300523,2.0579321598901523,313.00547608849115,1136.0158787442188,-50.265878744218774,0.0010595566666448,0.5,0.5103273427183412,4343.0,0.6592182900714405,0.6574748102197245,-0.009707702155240762,1136.025586446374,50.275586446374064
calibration,1.0,0.75,0.25,native,2.063389347300523,2.063389347300523,313.00547608849115,1136.0158787442188,-50.265878744218774,0.0,0.5,0.5103273427183412,4343.0,0.6592182900714405,0.6592182900714405,-0.009707702155240762,1136.025586446374,50.275586446374064
calibration,1.0,0.75,0.25,quarter,2.063389347300523,1.9031960519833684,313.00547608849115,1136.0158787442188,-50.265878744218774,0.0309951655620084,0.5,0.5103273427183412,4343.0,0.6592182900714405,0.6080392189193864,-0.009707702155240762,1136.025586446374,50.275586446374064
calibration,1.0,0.75,0.5,5minute,2.063389347300523,2.015939304484403,313.00547608849115,2221.7658787442188,-50.265878744218774,0.0088956114815131,0.5,0.5103273427183412,4343.0,0.6592182900714405,0.6440587972059849,-0.009707702155240762,2221.775586446374,50.275586446373836
calibration,1.0,0.75,0.5,envelope,2.063389347300523,2.0633893469679934,313.00547608849115,2221.7658787442188,-50.265878744218774,4.951594689828198e-14,0.5,0.5103273427183412,4343.0,0.6592182900714405,0.6592182899652028,-0.009707702155240762,2221.775586446374,50.275586446373836
calibration,1.0,0.75,0.5,gross,2.063389347300523,0.0,313.00547608849115,2221.7658787442188,-50.265878744218774,0.0309951655620084,0.5,0.5103273427183412,4343.0,0.6592182900714405,,-0.009707702155240762,2221.775586446374,50.275586446373836
calibration,1.0,0.75,0.5,minute,2.063389347300523,2.0579321598901523,313.00547608849115,2221.7658787442188,-50.265878744218774,0.0010595566666448,0.5,0.5103273427183412,4343.0,0.6592182900714405,0.6574748102197245,-0.009707702155240762,2221.775586446374,50.275586446373836
calibration,1.0,0.75,0.5,native,2.063389347300523,2.063389347300523,313.00547608849115,2221.7658787442188,-50.265878744218774,0.0,0.5,0.5103273427183412,4343.0,0.6592182900714405,0.6592182900714405,-0.009707702155240762,2221.775586446374,50.275586446373836
calibration,1.0,0.75,0.5,quarter,2.063389347300523,1.9031960519833684,313.00547608849115,2221.7658787442188,-50.265878744218774,0.0309951655620084,0.5,0.5103273427183412,4343.0,0.6592182900714405,0.6080392189193864,-0.009707702155240762,2221.775586446374,50.275586446373836
calibration,1.0,0.75,0.75,5minute,2.063389347300523,2.015939304484403,313.00547608849115,3307.5158787442188,-50.265878744218774,0.0088956114815131,0.5,0.5103273427183412,4343.0,0.6592182900714405,0.6440587972059849,-0.009707702155240762,3307.525586446374,50.275586446373836
calibration,1.0,0.75,0.75,envelope,2.063389347300523,2.0633893469679934,313.00547608849115,3307.5158787442188,-50.265878744218774,4.951594689828198e-14,0.5,0.5103273427183412,4343.0,0.6592182900714405,0.6592182899652028,-0.009707702155240762,3307.525586446374,50.275586446373836
calibration,1.0,0.75,0.75,gross,2.063389347300523,0.0,313.00547608849115,3307.5158787442188,-50.265878744218774,0.0309951655620084,0.5,0.5103273427183412,4343.0,0.6592182900714405,,-0.009707702155240762,3307.525586446374,50.275586446373836
calibration,1.0,0.75,0.75,minute,2.063389347300523,2.0579321598901523,313.00547608849115,3307.5158787442188,-50.265878744218774,0.0010595566666448,0.5,0.5103273427183412,4343.0,0.6592182900714405,0.6574748102197245,-0.009707702155240762,3307.525586446374,50.275586446373836
calibration,1.0,0.75,0.75,native,2.063389347300523,2.063389347300523,313.00547608849115,3307.5158787442188,-50.265878744218774,0.0,0.5,0.5103273427183412,4343.0,0.6592182900714405,0.6592182900714405,-0.009707702155240762,3307.525586446374,50.275586446373836
calibration,1.0,0.75,0.75,quarter,2.063389347300523,1.9031960519833684,313.00547608849115,3307.5158787442188,-50.265878744218774,0.0309951655620084,0.5,0.5103273427183412,4343.0,0.6592182900714405,0.6080392189193864,-0.009707702155240762,3307.525586446374,50.275586446373836
calibration,2.0,0.25,0.25,5minute,6.698891974367922e-10,2.2433104603317786e-12,104.33515869615918,1102.932688502946,-17.18268850294596,0.000720164364401,1.0,1.00866293262091,4343.0,6.420550903532122e-10,2.1501002043468975e-12,-0.008143156663655402,1102.9408316596096,17.190831659609557
calibration,2.0,0.25,0.25,envelope,6.698891974367922e-10,0.0,104.33515869615918,1102.932688502946,-17.18268850294596,9.969802761133907e-14,1.0,1.00866293262091,4343.0,6.420550903532122e-10,0.0,-0.008143156663655402,1102.9408316596096,17.190831659609557
calibration,2.0,0.25,0.25,gross,6.698891974367922e-10,0.0,104.33515869615918,1102.932688502946,-17.18268850294596,9.969802761133907e-14,1.0,1.00866293262091,4343.0,6.420550903532122e-10,,-0.008143156663655402,1102.9408316596096,17.190831659609557
calibration,2.0,0.25,0.25,minute,6.698891974367922e-10,1.1206033839207504e-11,104.33515869615918,1102.932688502946,-17.18268850294596,0.0001739203534332,1.0,1.00866293262091,4343.0,6.420550903532122e-10,1.0740419604709934e-11,-0.008143156663655402,1102.9408316596096,17.190831659609557
calibration,2.0,0.25,0.25,native,6.698891974367922e-10,6.698891974367922e-10,104.33515869615918,1102.932688502946,-17.18268850294596,0.0,1.0,1.00866293262091,4343.0,6.420550903532122e-10,6.420550903532122e-10,-0.008143156663655402,1102.9408316596096,17.190831659609557
calibration,2.0,0.25,0.25,quarter,6.698891974367922e-10,7.515636016655105e-13,104.33515869615918,1102.932688502946,-17.18268850294596,0.0020482773356154,1.0,1.00866293262091,4343.0,6.420550903532122e-10,7.203358973691553e-13,-0.008143156663655402,1102.9408316596096,17.190831659609557
calibration,2.0,0.25,0.5,5minute,6.698891974367922e-10,2.2433104603317786e-12,104.33515869615918,2188.682688502946,-17.18268850294596,0.000720164364401,1.0,1.00866293262091,4343.0,6.420550903532122e-10,2.1501002043468975e-12,-0.008143156663655402,2188.6908316596096,17.190831659609557
calibration,2.0,0.25,0.5,envelope,6.698891974367922e-10,0.0,104.33515869615918,2188.682688502946,-17.18268850294596,9.969802761133907e-14,1.0,1.00866293262091,4343.0,6.420550903532122e-10,0.0,-0.008143156663655402,2188.6908316596096,17.190831659609557
calibration,2.0,0.25,0.5,gross,6.698891974367922e-10,0.0,104.33515869615918,2188.682688502946,-17.18268850294596,9.969802761133907e-14,1.0,1.00866293262091,4343.0,6.420550903532122e-10,,-0.008143156663655402,2188.6908316596096,17.190831659609557
calibration,2.0,0.25,0.5,minute,6.698891974367922e-10,1.1206033839207504e-11,104.33515869615918,2188.682688502946,-17.18268850294596,0.0001739203534332,1.0,1.00866293262091,4343.0,6.420550903532122e-10,1.0740419604709934e-11,-0.008143156663655402,2188.6908316596096,17.190831659609557
calibration,2.0,0.25,0.5,native,6.698891974367922e-10,6.698891974367922e-10,104.33515869615918,2188.682688502946,-17.18268850294596,0.0,1.0,1.00866293262091,4343.0,6.420550903532122e-10,6.420550903532122e-10,-0.008143156663655402,2188.6908316596096,17.190831659609557
calibration,2.0,0.25,0.5,quarter,6.698891974367922e-10,7.515636016655105e-13,104.33515869615918,2188.682688502946,-17.18268850294596,0.0020482773356154,1.0,1.00866293262091,4343.0,6.420550903532122e-10,7.203358973691553e-13,-0.008143156663655402,2188.6908316596096,17.190831659609557
calibration,2.0,0.25,0.75,5minute,6.698891974367922e-10,2.2433104603317786e-12,104.33515869615918,3274.432688502946,-17.18268850294596,0.000720164364401,1.0,1.00866293262091,4343.0,6.420550903532122e-10,2.1501002043468975e-12,-0.008143156663655402,3274.4408316596096,17.190831659609557
calibration,2.0,0.25,0.75,envelope,6.698891974367922e-10,0.0,104.33515869615918,3274.432688502946,-17.18268850294596,9.969802761133907e-14,1.0,1.00866293262091,4343.0,6.420550903532122e-10,0.0,-0.008143156663655402,3274.4408316596096,17.190831659609557
calibration,2.0,0.25,0.75,gross,6.698891974367922e-10,0.0,104.33515869615918,3274.432688502946,-17.18268850294596,9.969802761133907e-14,1.0,1.00866293262091,4343.0,6.420550903532122e-10,,-0.008143156663655402,3274.4408316596096,17.190831659609557
calibration,2.0,0.25,0.75,minute,6.698891974367922e-10,1.1206033839207504e-11,104.33515869615918,3274.432688502946,-17.18268850294596,0.0001739203534332,1.0,1.00866293262091,4343.0,6.420550903532122e-10,1.0740419604709934e-11,-0.008143156663655402,3274.4408316596096,17.190831659609557
calibration,2.0,0.25,0.75,native,6.698891974367922e-10,6.698891974367922e-10,104.33515869615918,3274.432688502946,-17.18268850294596,0.0,1.0,1.00866293262091,4343.0,6.420550903532122e-10,6.420550903532122e-10,-0.008143156663655402,3274.4408316596096,17.190831659609557
calibration,2.0,0.25,0.75,quarter,6.698891974367922e-10,7.515636016655105e-13,104.33515869615918,3274.432688502946,-17.18268850294596,0.0020482773356154,1.0,1.00866293262091,4343.0,6.420550903532122e-10,7.203358973691553e-13,-0.008143156663655402,3274.4408316596096,17.190831659609557
calibration,2.0,0.5,0.25,5minute,6.708410998468649e-10,2.2522038986124617e-12,208.67031739231837,1120.1110451348584,-34.36104513485844,0.0014403287288118,1.0,1.0169701228813488,4343.0,3.2148372045920894e-10,1.079312058733357e-12,-0.015951915508467876,1120.1269970503668,34.376997050366754
calibration,2.0,0.5,0.25,envelope,6.708410998468649e-10,0.0,208.67031739231837,1120.1110451348584,-34.36104513485844,9.969802761133907e-14,1.0,1.0169701228813488,4343.0,3.2148372045920894e-10,0.0,-0.015951915508467876,1120.1269970503668,34.376997050366754
calibration,2.0,0.5,0.25,gross,6.708410998468649e-10,0.0,208.67031739231837,1120.1110451348584,-34.36104513485844,9.969802761133907e-14,1.0,1.0169701228813488,4343.0,3.2148372045920894e-10,,-0.015951915508467876,1120.1269970503668,34.376997050366754
calibration,2.0,0.5,0.25,minute,6.708410998468649e-10,1.1194747811347872e-11,208.67031739231837,1120.1110451348584,-34.36104513485844,0.0003478407068657,1.0,1.0169701228813488,4343.0,3.2148372045920894e-10,5.364801257430769e-12,-0.015951915508467876,1120.1269970503668,34.376997050366754
calibration,2.0,0.5,0.25,native,6.708410998468649e-10,6.708410998468649e-10,208.67031739231837,1120.1110451348584,-34.36104513485844,0.0,1.0,1.0169701228813488,4343.0,3.2148372045920894e-10,3.2148372045920894e-10,-0.015951915508467876,1120.1269970503668,34.376997050366754
calibration,2.0,0.5,0.25,quarter,6.708410998468649e-10,7.550005872973705e-13,208.67031739231837,1120.1110451348584,-34.36104513485844,0.0040965546712322,1.0,1.0169701228813488,4343.0,3.2148372045920894e-10,3.618150375828986e-13,-0.015951915508467876,1120.1269970503668,34.376997050366754
calibration,2.0,0.5,0.5,5minute,6.710907816640429e-10,2.249814224929323e-12,208.67031739231837,2205.8653770058886,-34.36537700588864,0.0014403287288118,1.0,1.0173258652417856,4343.0,3.216033741887371e-10,1.0781668677387768e-12,-0.01628631332727845,2205.881663319216,34.38166331921593
calibration,2.0,0.5,0.5,envelope,6.710907816640429e-10,0.0,208.67031739231837,2205.8653770058886,-34.36537700588864,9.969802761133907e-14,1.0,1.0173258652417856,4343.0,3.216033741887371e-10,0.0,-0.01628631332727845,2205.881663319216,34.38166331921593
calibration,2.0,0.5,0.5,gross,6.710907816640429e-10,0.0,208.67031739231837,2205.8653770058886,-34.36537700588864,9.969802761133907e-14,1.0,1.0173258652417856,4343.0,3.216033741887371e-10,,-0.01628631332727845,2205.881663319216,34.38166331921593
calibration,2.0,0.5,0.5,minute,6.710907816640429e-10,1.1185699951772596e-11,208.67031739231837,2205.8653770058886,-34.36537700588864,0.0003478407068657,1.0,1.0173258652417856,4343.0,3.216033741887371e-10,5.360465298350272e-12,-0.01628631332727845,2205.881663319216,34.38166331921593
calibration,2.0,0.5,0.5,native,6.710907816640429e-10,6.710907816640429e-10,208.67031739231837,2205.8653770058886,-34.36537700588864,0.0,1.0,1.0173258652417856,4343.0,3.216033741887371e-10,3.216033741887371e-10,-0.01628631332727845,2205.881663319216,34.38166331921593
calibration,2.0,0.5,0.5,quarter,6.710907816640429e-10,7.551072918493844e-13,208.67031739231837,2205.8653770058886,-34.36537700588864,0.0040965546712322,1.0,1.0173258652417856,4343.0,3.216033741887371e-10,3.6186617305503824e-13,-0.01628631332727845,2205.881663319216,34.38166331921593
calibration,2.0,0.5,0.75,5minute,6.718097859972683e-10,2.253277779962006e-12,208.67031739231837,3291.59596196296,-34.34596196295947,0.0014403287288118,1.0,1.0173258652417856,4343.0,3.2194793892712946e-10,1.0798266893540241e-12,-0.01628631332727845,3291.612248276287,34.36224827628712
calibration,2.0,0.5,0.75,envelope,6.718097859972683e-10,0.0,208.67031739231837,3291.59596196296,-34.34596196295947,9.969802761133907e-14,1.0,1.0173258652417856,4343.0,3.2194793892712946e-10,0.0,-0.01628631332727845,3291.612248276287,34.36224827628712
calibration,2.0,0.5,0.75,gross,6.718097859972683e-10,0.0,208.67031739231837,3291.59596196296,-34.34596196295947,9.969802761133907e-14,1.0,1.0173258652417856,4343.0,3.2194793892712946e-10,,-0.01628631332727845,3291.612248276287,34.36224827628712
calibration,2.0,0.5,0.75,minute,6.718097859972683e-10,1.1192030338068346e-11,208.67031739231837,3291.59596196296,-34.34596196295947,0.0003478407068657,1.0,1.0173258652417856,4343.0,3.2194793892712946e-10,5.363498976726217e-12,-0.01628631332727845,3291.612248276287,34.36224827628712
calibration,2.0,0.5,0.75,native,6.718097859972683e-10,6.718097859972683e-10,208.67031739231837,3291.59596196296,-34.34596196295947,0.0,1.0,1.0173258652417856,4343.0,3.2194793892712946e-10,3.2194793892712946e-10,-0.01628631332727845,3291.612248276287,34.36224827628712
calibration,2.0,0.5,0.75,quarter,6.718097859972683e-10,7.533393341886891e-13,208.67031739231837,3291.59596196296,-34.34596196295947,0.0040965546712322,1.0,1.0173258652417856,4343.0,3.2194793892712946e-10,3.610189238234327e-13,-0.01628631332727845,3291.612248276287,34.36224827628712
calibration,2.0,0.75,0.25,5minute,0.11518720112228313,0.1058867745425471,313.00547608849115,1136.9699933066372,-51.21999330663722,0.0036746936545113,1.0,1.01032734271837,4343.0,0.036800378882099194,0.033829048573134665,-0.009707702155267896,1136.9797010087925,51.22970100879252
calibration,2.0,0.75,0.25,envelope,0.11518720112228313,0.1151872004505564,313.00547608849115,1136.9699933066372,-51.21999330663722,9.9253938401489e-14,1.0,1.01032734271837,4343.0,0.036800378882099194,0.03680037866749376,-0.009707702155267896,1136.9797010087925,51.22970100879252
calibration,2.0,0.75,0.25,gross,0.11518720112228313,0.0,313.00547608849115,1136.9699933066372,-51.21999330663722,0.0243837068470795,1.0,1.01032734271837,4343.0,0.036800378882099194,,-0.009707702155267896,1136.9797010087925,51.22970100879252
calibration,2.0,0.75,0.25,minute,0.11518720112228313,0.11304982723666103,313.00547608849115,1136.9699933066372,-51.21999330663722,0.0010595566666804,1.0,1.01032734271837,4343.0,0.036800378882099194,0.036117523772874895,-0.009707702155267896,1136.9797010087925,51.22970100879252
calibration,2.0,0.75,0.25,native,0.11518720112228313,0.11518720112228313,313.00547608849115,1136.9699933066372,-51.21999330663722,0.0,1.0,1.01032734271837,4343.0,0.036800378882099194,0.036800378882099194,-0.009707702155267896,1136.9797010087925,51.22970100879252
calibration,2.0,0.75,0.25,quarter,0.11518720112228313,0.05531402159482002,313.00547608849115,1136.9699933066372,-51.21999330663722,0.0243837068470795,1.0,1.01032734271837,4343.0,0.036800378882099194,0.01767190219355202,-0.009707702155267896,1136.9797010087925,51.22970100879252
calibration,2.0,0.75,0.5,5minute,0.11518720112228313,0.1058867745425471,313.00547608849115,2222.719993306637,-51.21999330663722,0.0036746936545113,1.0,1.01032734271837,4343.0,0.036800378882099194,0.033829048573134665,-0.009707702155267896,2222.7297010087923,51.22970100879229
calibration,2.0,0.75,0.5,envelope,0.11518720112228313,0.1151872004505564,313.00547608849115,2222.719993306637,-51.21999330663722,9.9253938401489e-14,1.0,1.01032734271837,4343.0,0.036800378882099194,0.03680037866749376,-0.009707702155267896,2222.7297010087923,51.22970100879229
calibration,2.0,0.75,0.5,gross,0.11518720112228313,0.0,313.00547608849115,2222.719993306637,-51.21999330663722,0.0243837068470795,1.0,1.01032734271837,4343.0,0.036800378882099194,,-0.009707702155267896,2222.7297010087923,51.22970100879229
calibration,2.0,0.75,0.5,minute,0.11518720112228313,0.11304982723666103,313.00547608849115,2222.719993306637,-51.21999330663722,0.0010595566666804,1.0,1.01032734271837,4343.0,0.036800378882099194,0.036117523772874895,-0.009707702155267896,2222.7297010087923,51.22970100879229
calibration,2.0,0.75,0.5,native,0.11518720112228313,0.11518720112228313,313.00547608849115,2222.719993306637,-51.21999330663722,0.0,1.0,1.01032734271837,4343.0,0.036800378882099194,0.036800378882099194,-0.009707702155267896,2222.7297010087923,51.22970100879229
calibration,2.0,0.75,0.5,quarter,0.11518720112228313,0.05531402159482002,313.00547608849115,2222.719993306637,-51.21999330663722,0.0243837068470795,1.0,1.01032734271837,4343.0,0.036800378882099194,0.01767190219355202,-0.009707702155267896,2222.7297010087923,51.22970100879229
calibration,2.0,0.75,0.75,5minute,0.11518720112228313,0.1058867745425471,313.00547608849115,3308.469993306637,-51.21999330663722,0.0036746936545113,1.0,1.01032734271837,4343.0,0.036800378882099194,0.033829048573134665,-0.009707702155267896,3308.4797010087923,51.22970100879229
calibration,2.0,0.75,0.75,envelope,0.11518720112228313,0.1151872004505564,313.00547608849115,3308.469993306637,-51.21999330663722,9.9253938401489e-14,1.0,1.01032734271837,4343.0,0.036800378882099194,0.03680037866749376,-0.009707702155267896,3308.4797010087923,51.22970100879229
calibration,2.0,0.75,0.75,gross,0.11518720112228313,0.0,313.00547608849115,3308.469993306637,-51.21999330663722,0.0243837068470795,1.0,1.01032734271837,4343.0,0.036800378882099194,,-0.009707702155267896,3308.4797010087923,51.22970100879229
calibration,2.0,0.75,0.75,minute,0.11518720112228313,0.11304982723666103,313.00547608849115,3308.469993306637,-51.21999330663722,0.0010595566666804,1.0,1.01032734271837,4343.0,0.036800378882099194,0.036117523772874895,-0.009707702155267896,3308.4797010087923,51.22970100879229
calibration,2.0,0.75,0.75,native,0.11518720112228313,0.11518720112228313,313.00547608849115,3308.469993306637,-51.21999330663722,0.0,1.0,1.01032734271837,4343.0,0.036800378882099194,0.036800378882099194,-0.009707702155267896,3308.4797010087923,51.22970100879229
calibration,2.0,0.75,0.75,quarter,0.11518720112228313,0.05531402159482002,313.00547608849115,3308.469993306637,-51.21999330663722,0.0243837068470795,1.0,1.01032734271837,4343.0,0.036800378882099194,0.01767190219355202,-0.009707702155267896,3308.4797010087923,51.22970100879229
calibration,4.0,0.25,0.25,5minute,1.3463529094783058e-09,4.503278865946822e-12,104.33515869615918,1102.9326885029377,-17.18268850293779,0.0007201643644059,2.0,2.0086629326208514,4343.0,1.290411522159182e-09,4.316166211105402e-12,-0.008143156663600298,1102.9408316596014,17.190831659601372
calibration,4.0,0.25,0.25,envelope,1.3463529094783058e-09,0.0,104.33515869615918,1102.9326885029377,-17.18268850293779,1.9584334154387761e-13,2.0,2.0086629326208514,4343.0,1.290411522159182e-09,0.0,-0.008143156663600298,1102.9408316596014,17.190831659601372
calibration,4.0,0.25,0.25,gross,1.3463529094783058e-09,0.0,104.33515869615918,1102.9326885029377,-17.18268850293779,1.9584334154387761e-13,2.0,2.0086629326208514,4343.0,1.290411522159182e-09,,-0.008143156663600298,1102.9408316596014,17.190831659601372
calibration,4.0,0.25,0.25,minute,1.3463529094783058e-09,2.235706076582942e-11,104.33515869615918,1102.9326885029377,-17.18268850293779,0.0001739203534349,2.0,2.0086629326208514,4343.0,1.290411522159182e-09,2.142811785137241e-11,-0.008143156663600298,1102.9408316596014,17.190831659601372
calibration,4.0,0.25,0.25,native,1.3463529094783058e-09,1.3463529094783058e-09,104.33515869615918,1102.9326885029377,-17.18268850293779,0.0,2.0,2.0086629326208514,4343.0,1.290411522159182e-09,1.290411522159182e-09,-0.008143156663600298,1102.9408316596014,17.190831659601372
calibration,4.0,0.25,0.25,quarter,1.3463529094783058e-09,1.4985278672081707e-12,104.33515869615918,1102.9326885029377,-17.18268850293779,0.0020482773356067,2.0,2.0086629326208514,4343.0,1.290411522159182e-09,1.436263562479572e-12,-0.008143156663600298,1102.9408316596014,17.190831659601372
calibration,4.0,0.25,0.5,5minute,1.3463529094783058e-09,4.503278865946822e-12,104.33515869615918,2188.6826885029377,-17.18268850293779,0.0007201643644059,2.0,2.0086629326208514,4343.0,1.290411522159182e-09,4.316166211105402e-12,-0.008143156663600298,2188.6908316596014,17.190831659601372
calibration,4.0,0.25,0.5,envelope,1.3463529094783058e-09,0.0,104.33515869615918,2188.6826885029377,-17.18268850293779,1.9584334154387761e-13,2.0,2.0086629326208514,4343.0,1.290411522159182e-09,0.0,-0.008143156663600298,2188.6908316596014,17.190831659601372
calibration,4.0,0.25,0.5,gross,1.3463529094783058e-09,0.0,104.33515869615918,2188.6826885029377,-17.18268850293779,1.9584334154387761e-13,2.0,2.0086629326208514,4343.0,1.290411522159182e-09,,-0.008143156663600298,2188.6908316596014,17.190831659601372
calibration,4.0,0.25,0.5,minute,1.3463529094783058e-09,2.235706076582942e-11,104.33515869615918,2188.6826885029377,-17.18268850293779,0.0001739203534349,2.0,2.0086629326208514,4343.0,1.290411522159182e-09,2.142811785137241e-11,-0.008143156663600298,2188.6908316596014,17.190831659601372
calibration,4.0,0.25,0.5,native,1.3463529094783058e-09,1.3463529094783058e-09,104.33515869615918,2188.6826885029377,-17.18268850293779,0.0,2.0,2.0086629326208514,4343.0,1.290411522159182e-09,1.290411522159182e-09,-0.008143156663600298,2188.6908316596014,17.190831659601372
calibration,4.0,0.25,0.5,quarter,1.3463529094783058e-09,1.4985278672081707e-12,104.33515869615918,2188.6826885029377,-17.18268850293779,0.0020482773356067,2.0,2.0086629326208514,4343.0,1.290411522159182e-09,1.436263562479572e-12,-0.008143156663600298,2188.6908316596014,17.190831659601372
calibration,4.0,0.25,0.75,5minute,1.3463529094783058e-09,4.503278865946822e-12,104.33515869615918,3274.4326885029377,-17.18268850293779,0.0007201643644059,2.0,2.0086629326208514,4343.0,1.290411522159182e-09,4.316166211105402e-12,-0.008143156663600298,3274.4408316596014,17.190831659601372
calibration,4.0,0.25,0.75,envelope,1.3463529094783058e-09,0.0,104.33515869615918,3274.4326885029377,-17.18268850293779,1.9584334154387761e-13,2.0,2.0086629326208514,4343.0,1.290411522159182e-09,0.0,-0.008143156663600298,3274.4408316596014,17.190831659601372
calibration,4.0,0.25,0.75,gross,1.3463529094783058e-09,0.0,104.33515869615918,3274.4326885029377,-17.18268850293779,1.9584334154387761e-13,2.0,2.0086629326208514,4343.0,1.290411522159182e-09,,-0.008143156663600298,3274.4408316596014,17.190831659601372
calibration,4.0,0.25,0.75,minute,1.3463529094783058e-09,2.235706076582942e-11,104.33515869615918,3274.4326885029377,-17.18268850293779,0.0001739203534349,2.0,2.0086629326208514,4343.0,1.290411522159182e-09,2.142811785137241e-11,-0.008143156663600298,3274.4408316596014,17.190831659601372
calibration,4.0,0.25,0.75,native,1.3463529094783058e-09,1.3463529094783058e-09,104.33515869615918,3274.4326885029377,-17.18268850293779,0.0,2.0,2.0086629326208514,4343.0,1.290411522159182e-09,1.290411522159182e-09,-0.008143156663600298,3274.4408316596014,17.190831659601372
calibration,4.0,0.25,0.75,quarter,1.3463529094783058e-09,1.4985278672081707e-12,104.33515869615918,3274.4326885029377,-17.18268850293779,0.0020482773356067,2.0,2.0086629326208514,4343.0,1.290411522159182e-09,1.436263562479572e-12,-0.008143156663600298,3274.4408316596014,17.190831659601372
calibration,4.0,0.5,0.25,5minute,1.3398689465525808e-09,4.4901366353608865e-12,208.67031739231837,1120.1110451348616,-34.36104513486161,0.001440328728802,2.0,2.016970122881287,4343.0,6.420984849673231e-10,2.1517850221692236e-12,-0.01595191550840985,1120.12699705037,34.37699705036994
calibration,4.0,0.5,0.25,envelope,1.3398689465525808e-09,0.0,208.67031739231837,1120.1110451348616,-34.36104513486161,1.993960552226781e-13,2.0,2.016970122881287,4343.0,6.420984849673231e-10,0.0,-0.01595191550840985,1120.12699705037,34.37699705036994
calibration,4.0,0.5,0.25,gross,1.3398689465525808e-09,0.0,208.67031739231837,1120.1110451348616,-34.36104513486161,1.993960552226781e-13,2.0,2.016970122881287,4343.0,6.420984849673231e-10,,-0.01595191550840985,1120.12699705037,34.37699705036994
calibration,4.0,0.5,0.25,minute,1.3398689465525808e-09,2.2425231329582735e-11,208.67031739231837,1120.1110451348616,-34.36104513486161,0.0003478407068664,2.0,2.016970122881287,4343.0,6.420984849673231e-10,1.074672795336835e-11,-0.01595191550840985,1120.12699705037,34.37699705036994
calibration,4.0,0.5,0.25,native,1.3398689465525808e-09,1.3398689465525808e-09,208.67031739231837,1120.1110451348616,-34.36104513486161,0.0,2.0,2.016970122881287,4343.0,6.420984849673231e-10,6.420984849673231e-10,-0.01595191550840985,1120.12699705037,34.37699705036994
calibration,4.0,0.5,0.25,quarter,1.3398689465525808e-09,1.5038139988204785e-12,208.67031739231837,1120.1110451348616,-34.36104513486161,0.0040965546712308,2.0,2.016970122881287,4343.0,6.420984849673231e-10,7.206650268294639e-13,-0.01595191550840985,1120.12699705037,34.37699705036994
calibration,4.0,0.5,0.5,5minute,1.3397783948735843e-09,4.486620920663557e-12,208.67031739231837,2205.865377005892,-34.36537700589192,0.001440328728802,2.0,2.01732586524182,4343.0,6.420550903532122e-10,2.1501002043468975e-12,-0.016286313327310804,2205.881663319219,34.381663319219115
calibration,4.0,0.5,0.5,envelope,1.3397783948735843e-09,0.0,208.67031739231837,2205.865377005892,-34.36537700589192,1.993960552226781e-13,2.0,2.01732586524182,4343.0,6.420550903532122e-10,0.0,-0.016286313327310804,2205.881663319219,34.381663319219115
calibration,4.0,0.5,0.5,gross,1.3397783948735843e-09,0.0,208.67031739231837,2205.865377005892,-34.36537700589192,1.993960552226781e-13,2.0,2.01732586524182,4343.0,6.420550903532122e-10,,-0.016286313327310804,2205.881663319219,34.381663319219115
calibration,4.0,0.5,0.5,minute,1.3397783948735843e-09,2.2412067678415008e-11,208.67031739231837,2205.865377005892,-34.36537700589192,0.0003478407068664,2.0,2.01732586524182,4343.0,6.420550903532122e-10,1.0740419604709934e-11,-0.016286313327310804,2205.881663319219,34.381663319219115
calibration,4.0,0.5,0.5,native,1.3397783948735843e-09,1.3397783948735843e-09,208.67031739231837,2205.865377005892,-34.36537700589192,0.0,2.0,2.01732586524182,4343.0,6.420550903532122e-10,6.420550903532122e-10,-0.016286313327310804,2205.881663319219,34.381663319219115
calibration,4.0,0.5,0.5,quarter,1.3397783948735843e-09,1.503127203331021e-12,208.67031739231837,2205.865377005892,-34.36537700589192,0.0040965546712308,2.0,2.01732586524182,4343.0,6.420550903532122e-10,7.203358973691553e-13,-0.016286313327310804,2205.881663319219,34.381663319219115
calibration,4.0,0.5,0.75,5minute,1.3421216088244234e-09,4.486038632630734e-12,208.67031739231837,3291.5959619629593,-34.34596196295952,0.001440328728802,2.0,2.01732586524182,4343.0,6.431780166898956e-10,2.1498211574560413e-12,-0.016286313327310804,3291.6122482762867,34.362248276286664
calibration,4.0,0.5,0.75,envelope,1.3421216088244234e-09,0.0,208.67031739231837,3291.5959619629593,-34.34596196295952,1.993960552226781e-13,2.0,2.01732586524182,4343.0,6.431780166898956e-10,0.0,-0.016286313327310804,3291.6122482762867,34.362248276286664
calibration,4.0,0.5,0.75,gross,1.3421216088244234e-09,0.0,208.67031739231837,3291.5959619629593,-34.34596196295952,1.993960552226781e-13,2.0,2.01732586524182,4343.0,6.431780166898956e-10,,-0.016286313327310804,3291.6122482762867,34.362248276286664
calibration,4.0,0.5,0.75,minute,1.3421216088244234e-09,2.2416567419666294e-11,208.67031739231837,3291.5959619629593,-34.34596196295952,0.0003478407068664,2.0,2.01732586524182,4343.0,6.431780166898956e-10,1.074257599250266e-11,-0.016286313327310804,3291.6122482762867,34.362248276286664
calibration,4.0,0.5,0.75,native,1.3421216088244234e-09,1.3421216088244234e-09,208.67031739231837,3291.5959619629593,-34.34596196295952,0.0,2.0,2.01732586524182,4343.0,6.431780166898956e-10,6.431780166898956e-10,-0.016286313327310804,3291.6122482762867,34.362248276286664
calibration,4.0,0.5,0.75,quarter,1.3421216088244234e-09,1.5064923771390359e-12,208.67031739231837,3291.5959619629593,-34.34596196295952,0.0040965546712308,2.0,2.01732586524182,4343.0,6.431780166898956e-10,7.219485722574999e-13,-0.016286313327310804,3291.6122482762867,34.362248276286664
calibration,4.0,0.75,0.25,5minute,1.3533501812869483e-09,4.497452897371752e-12,313.00547608849115,1137.0722495338582,-51.3222495338581,0.0021606251994641,2.0,2.0103273427184045,4343.0,4.3237268504028876e-10,1.4368607711196263e-12,-0.009707702155300249,1137.0819572360135,51.33195723601352
calibration,4.0,0.75,0.25,envelope,1.3533501812869483e-09,0.0,313.00547608849115,1137.0722495338582,-51.3222495338581,1.9806378759312798e-13,2.0,2.0103273427184045,4343.0,4.3237268504028876e-10,0.0,-0.009707702155300249,1137.0819572360135,51.33195723601352
calibration,4.0,0.75,0.25,gross,1.3533501812869483e-09,0.0,313.00547608849115,1137.0722495338582,-51.3222495338581,1.9806378759312798e-13,2.0,2.0103273427184045,4343.0,4.3237268504028876e-10,,-0.009707702155300249,1137.0819572360135,51.33195723601352
calibration,4.0,0.75,0.25,minute,1.3533501812869483e-09,2.2425369397807564e-11,313.00547608849115,1137.0722495338582,-51.3222495338581,0.0005217610602947,2.0,2.0103273427184045,4343.0,4.3237268504028876e-10,7.164529412727459e-12,-0.009707702155300249,1137.0819572360135,51.33195723601352
calibration,4.0,0.75,0.25,native,1.3533501812869483e-09,1.3533501812869483e-09,313.00547608849115,1137.0722495338582,-51.3222495338581,0.0,2.0,2.0103273427184045,4343.0,4.3237268504028876e-10,4.3237268504028876e-10,-0.009707702155300249,1137.0819572360135,51.33195723601352
calibration,4.0,0.75,0.25,quarter,1.3533501812869483e-09,1.520579226442518e-12,313.00547608849115,1137.0722495338582,-51.3222495338581,0.0061448329094719,2.0,2.0103273427184045,4343.0,4.3237268504028876e-10,4.857995602647631e-13,-0.009707702155300249,1137.0819572360135,51.33195723601352
calibration,4.0,0.75,0.5,5minute,1.3533501812869483e-09,4.497452897371752e-12,313.00547608849115,2222.822249533858,-51.3222495338581,0.0021606251994641,2.0,2.0103273427184045,4343.0,4.3237268504028876e-10,1.4368607711196263e-12,-0.009707702155300249,2222.8319572360133,51.331957236013295
calibration,4.0,0.75,0.5,envelope,1.3533501812869483e-09,0.0,313.00547608849115,2222.822249533858,-51.3222495338581,1.9806378759312798e-13,2.0,2.0103273427184045,4343.0,4.3237268504028876e-10,0.0,-0.009707702155300249,2222.8319572360133,51.331957236013295
calibration,4.0,0.75,0.5,gross,1.3533501812869483e-09,0.0,313.00547608849115,2222.822249533858,-51.3222495338581,1.9806378759312798e-13,2.0,2.0103273427184045,4343.0,4.3237268504028876e-10,,-0.009707702155300249,2222.8319572360133,51.331957236013295
calibration,4.0,0.75,0.5,minute,1.3533501812869483e-09,2.2425369397807564e-11,313.00547608849115,2222.822249533858,-51.3222495338581,0.0005217610602947,2.0,2.0103273427184045,4343.0,4.3237268504028876e-10,7.164529412727459e-12,-0.009707702155300249,2222.8319572360133,51.331957236013295
calibration,4.0,0.75,0.5,native,1.3533501812869483e-09,1.3533501812869483e-09,313.00547608849115,2222.822249533858,-51.3222495338581,0.0,2.0,2.0103273427184045,4343.0,4.3237268504028876e-10,4.3237268504028876e-10,-0.009707702155300249,2222.8319572360133,51.331957236013295
calibration,4.0,0.75,0.5,quarter,1.3533501812869483e-09,1.520579226442518e-12,313.00547608849115,2222.822249533858,-51.3222495338581,0.0061448329094719,2.0,2.0103273427184045,4343.0,4.3237268504028876e-10,4.857995602647631e-13,-0.009707702155300249,2222.8319572360133,51.331957236013295
calibration,4.0,0.75,0.75,5minute,1.3533501812869483e-09,4.497452897371752e-12,313.00547608849115,3308.572249533858,-51.3222495338581,0.0021606251994641,2.0,2.0103273427184045,4343.0,4.3237268504028876e-10,1.4368607711196263e-12,-0.009707702155300249,3308.5819572360133,51.331957236013295
calibration,4.0,0.75,0.75,envelope,1.3533501812869483e-09,0.0,313.00547608849115,3308.572249533858,-51.3222495338581,1.9806378759312798e-13,2.0,2.0103273427184045,4343.0,4.3237268504028876e-10,0.0,-0.009707702155300249,3308.5819572360133,51.331957236013295
calibration,4.0,0.75,0.75,gross,1.3533501812869483e-09,0.0,313.00547608849115,3308.572249533858,-51.3222495338581,1.9806378759312798e-13,2.0,2.0103273427184045,4343.0,4.3237268504028876e-10,,-0.009707702155300249,3308.5819572360133,51.331957236013295
calibration,4.0,0.75,0.75,minute,1.3533501812869483e-09,2.2425369397807564e-11,313.00547608849115,3308.572249533858,-51.3222495338581,0.0005217610602947,2.0,2.0103273427184045,4343.0,4.3237268504028876e-10,7.164529412727459e-12,-0.009707702155300249,3308.5819572360133,51.331957236013295
calibration,4.0,0.75,0.75,native,1.3533501812869483e-09,1.3533501812869483e-09,313.00547608849115,3308.572249533858,-51.3222495338581,0.0,2.0,2.0103273427184045,4343.0,4.3237268504028876e-10,4.3237268504028876e-10,-0.009707702155300249,3308.5819572360133,51.331957236013295
calibration,4.0,0.75,0.75,quarter,1.3533501812869483e-09,1.520579226442518e-12,313.00547608849115,3308.572249533858,-51.3222495338581,0.0061448329094719,2.0,2.0103273427184045,4343.0,4.3237268504028876e-10,4.857995602647631e-13,-0.009707702155300249,3308.5819572360133,51.331957236013295
development,0.25,0.25,0.25,5minute,0.6135768247034837,0.5906150118473386,100.50238914345823,1073.1861940271508,31.063805972849256,0.0019318998824091,0.1340337440734993,0.1400284178959303,4417.0,0.6105096902996577,0.5876626584511221,-0.005634993393085131,1073.191829020544,-31.05817097945601
development,0.25,0.25,0.25,envelope,0.6135768247034837,0.6135768246287048,100.50238914345823,1073.1861940271508,31.063805972849256,1.2351231148954868e-14,0.1340337440734993,0.1400284178959303,4417.0,0.6105096902996577,0.6105096902252526,-0.005634993393085131,1073.191829020544,-31.05817097945601
development,0.25,0.25,0.25,gross,0.6135768247034837,0.0,100.50238914345823,1073.1861940271508,31.063805972849256,0.0096869097391977,0.1340337440734993,0.1400284178959303,4417.0,0.6105096902996577,,-0.005634993393085131,1073.191829020544,-31.05817097945601
development,0.25,0.25,0.25,minute,0.6135768247034837,0.6107905463172629,100.50238914345823,1073.1861940271508,31.063805972849256,0.0002251055578305,0.1340337440734993,0.1400284178959303,4417.0,0.6105096902996577,0.6077373399008592,-0.005634993393085131,1073.191829020544,-31.05817097945601
development,0.25,0.25,0.25,native,0.6135768247034837,0.6135768247034837,100.50238914345823,1073.1861940271508,31.063805972849256,0.0,0.1340337440734993,0.1400284178959303,4417.0,0.6105096902996577,0.6105096902996577,-0.005634993393085131,1073.191829020544,-31.05817097945601
development,0.25,0.25,0.25,quarter,0.6135768247034837,0.5070406197031031,100.50238914345823,1073.1861940271508,31.063805972849256,0.0096869097391977,0.1340337440734993,0.1400284178959303,4417.0,0.6105096902996577,0.5045060361493972,-0.005634993393085131,1073.191829020544,-31.05817097945601
development,0.25,0.25,0.5,5minute,0.6135768247034837,0.5906150118473386,100.50238914345823,2177.4361940271506,31.063805972849256,0.0019318998824091,0.1340337440734993,0.1400284178959303,4417.0,0.6105096902996577,0.5876626584511221,-0.005634993393085131,2177.4418290205435,-31.058170979456463
development,0.25,0.25,0.5,envelope,0.6135768247034837,0.6135768246287048,100.50238914345823,2177.4361940271506,31.063805972849256,1.2351231148954868e-14,0.1340337440734993,0.1400284178959303,4417.0,0.6105096902996577,0.6105096902252526,-0.005634993393085131,2177.4418290205435,-31.058170979456463
development,0.25,0.25,0.5,gross,0.6135768247034837,0.0,100.50238914345823,2177.4361940271506,31.063805972849256,0.0096869097391977,0.1340337440734993,0.1400284178959303,4417.0,0.6105096902996577,,-0.005634993393085131,2177.4418290205435,-31.058170979456463
development,0.25,0.25,0.5,minute,0.6135768247034837,0.6107905463172629,100.50238914345823,2177.4361940271506,31.063805972849256,0.0002251055578305,0.1340337440734993,0.1400284178959303,4417.0,0.6105096902996577,0.6077373399008592,-0.005634993393085131,2177.4418290205435,-31.058170979456463
development,0.25,0.25,0.5,native,0.6135768247034837,0.6135768247034837,100.50238914345823,2177.4361940271506,31.063805972849256,0.0,0.1340337440734993,0.1400284178959303,4417.0,0.6105096902996577,0.6105096902996577,-0.005634993393085131,2177.4418290205435,-31.058170979456463
development,0.25,0.25,0.5,quarter,0.6135768247034837,0.5070406197031031,100.50238914345823,2177.4361940271506,31.063805972849256,0.0096869097391977,0.1340337440734993,0.1400284178959303,4417.0,0.6105096902996577,0.5045060361493972,-0.005634993393085131,2177.4418290205435,-31.058170979456463
development,0.25,0.25,0.75,5minute,0.6135768247034837,0.5906150118473386,100.50238914345823,3281.6861940271506,31.063805972849256,0.0019318998824091,0.1340337440734993,0.1400284178959303,4417.0,0.6105096902996577,0.5876626584511221,-0.005634993393085131,3281.6918290205435,-31.058170979456463
development,0.25,0.25,0.75,envelope,0.6135768247034837,0.6135768246287048,100.50238914345823,3281.6861940271506,31.063805972849256,1.2351231148954868e-14,0.1340337440734993,0.1400284178959303,4417.0,0.6105096902996577,0.6105096902252526,-0.005634993393085131,3281.6918290205435,-31.058170979456463
development,0.25,0.25,0.75,gross,0.6135768247034837,0.0,100.50238914345823,3281.6861940271506,31.063805972849256,0.0096869097391977,0.1340337440734993,0.1400284178959303,4417.0,0.6105096902996577,,-0.005634993393085131,3281.6918290205435,-31.058170979456463
development,0.25,0.25,0.75,minute,0.6135768247034837,0.6107905463172629,100.50238914345823,3281.6861940271506,31.063805972849256,0.0002251055578305,0.1340337440734993,0.1400284178959303,4417.0,0.6105096902996577,0.6077373399008592,-0.005634993393085131,3281.6918290205435,-31.058170979456463
development,0.25,0.25,0.75,native,0.6135768247034837,0.6135768247034837,100.50238914345823,3281.6861940271506,31.063805972849256,0.0,0.1340337440734993,0.1400284178959303,4417.0,0.6105096902996577,0.6105096902996577,-0.005634993393085131,3281.6918290205435,-31.058170979456463
development,0.25,0.25,0.75,quarter,0.6135768247034837,0.5070406197031031,100.50238914345823,3281.6861940271506,31.063805972849256,0.0096869097391977,0.1340337440734993,0.1400284178959303,4417.0,0.6105096902996577,0.5045060361493972,-0.005634993393085131,3281.6918290205435,-31.058170979456463
development,0.25,0.5,0.25,5minute,15.394733747227965,15.035318304261734,201.00477828691646,1052.4320711446687,51.81792885533115,0.0055681635376547,0.1480633710495644,0.1550568357918756,4417.0,7.65888944453517,7.480080042077484,-0.006573856857772517,1052.4386450015265,-51.81135499847346
development,0.25,0.5,0.25,envelope,15.394733747227965,15.394733747166043,201.00477828691646,1052.4320711446687,51.81792885533115,1.2018164241567321e-14,0.1480633710495644,0.1550568357918756,4417.0,7.65888944453517,7.6588894445043625,-0.006573856857772517,1052.4386450015265,-51.81135499847346
development,0.25,0.5,0.25,gross,15.394733747227965,0.0,201.00477828691646,1052.4320711446687,51.81792885533115,0.0282711312698135,0.1480633710495644,0.1550568357918756,4417.0,7.65888944453517,,-0.006573856857772517,1052.4386450015265,-51.81135499847346
development,0.25,0.5,0.25,minute,15.394733747227965,15.345270670135553,201.00477828691646,1052.4320711446687,51.81792885533115,0.0010207751459596,0.1480633710495644,0.1550568357918756,4417.0,7.65888944453517,7.634281533462624,-0.006573856857772517,1052.4386450015265,-51.81135499847346
development,0.25,0.5,0.25,native,15.394733747227965,15.394733747227965,201.00477828691646,1052.4320711446687,51.81792885533115,0.0,0.1480633710495644,0.1550568357918756,4417.0,7.65888944453517,7.65888944453517,-0.006573856857772517,1052.4386450015265,-51.81135499847346
development,0.25,0.5,0.25,quarter,15.394733747227965,14.31420320691295,201.00477828691646,1052.4320711446687,51.81792885533115,0.0302350783738406,0.1480633710495644,0.1550568357918756,4417.0,7.65888944453517,7.121324840586972,-0.006573856857772517,1052.4386450015265,-51.81135499847346
development,0.25,0.5,0.5,5minute,15.394733747227965,15.035318304261734,201.00477828691646,2156.682071144669,51.81792885533115,0.0055681635376547,0.1480633710495644,0.1550568357918756,4417.0,7.65888944453517,7.480080042077484,-0.006573856857772517,2156.6886450015268,-51.811354998473234
development,0.25,0.5,0.5,envelope,15.394733747227965,15.394733747166043,201.00477828691646,2156.682071144669,51.81792885533115,1.2018164241567321e-14,0.1480633710495644,0.1550568357918756,4417.0,7.65888944453517,7.6588894445043625,-0.006573856857772517,2156.6886450015268,-51.811354998473234
development,0.25,0.5,0.5,gross,15.394733747227965,0.0,201.00477828691646,2156.682071144669,51.81792885533115,0.0282711312698135,0.1480633710495644,0.1550568357918756,4417.0,7.65888944453517,,-0.006573856857772517,2156.6886450015268,-51.811354998473234
development,0.25,0.5,0.5,minute,15.394733747227965,15.345270670135553,201.00477828691646,2156.682071144669,51.81792885533115,0.0010207751459596,0.1480633710495644,0.1550568357918756,4417.0,7.65888944453517,7.634281533462624,-0.006573856857772517,2156.6886450015268,-51.811354998473234
development,0.25,0.5,0.5,native,15.394733747227965,15.394733747227965,201.00477828691646,2156.682071144669,51.81792885533115,0.0,0.1480633710495644,0.1550568357918756,4417.0,7.65888944453517,7.65888944453517,-0.006573856857772517,2156.6886450015268,-51.811354998473234
development,0.25,0.5,0.5,quarter,15.394733747227965,14.31420320691295,201.00477828691646,2156.682071144669,51.81792885533115,0.0302350783738406,0.1480633710495644,0.1550568357918756,4417.0,7.65888944453517,7.121324840586972,-0.006573856857772517,2156.6886450015268,-51.811354998473234
development,0.25,0.5,0.75,5minute,15.394733747227965,15.035318304261734,201.00477828691646,3260.932071144669,51.81792885533115,0.0055681635376547,0.1480633710495644,0.1550568357918756,4417.0,7.65888944453517,7.480080042077484,-0.006573856857772517,3260.9386450015268,-51.811354998473234
development,0.25,0.5,0.75,envelope,15.394733747227965,15.394733747166043,201.00477828691646,3260.932071144669,51.81792885533115,1.2018164241567321e-14,0.1480633710495644,0.1550568357918756,4417.0,7.65888944453517,7.6588894445043625,-0.006573856857772517,3260.9386450015268,-51.811354998473234
development,0.25,0.5,0.75,gross,15.394733747227965,0.0,201.00477828691646,3260.932071144669,51.81792885533115,0.0282711312698135,0.1480633710495644,0.1550568357918756,4417.0,7.65888944453517,,-0.006573856857772517,3260.9386450015268,-51.811354998473234
development,0.25,0.5,0.75,minute,15.394733747227965,15.345270670135553,201.00477828691646,3260.932071144669,51.81792885533115,0.0010207751459596,0.1480633710495644,0.1550568357918756,4417.0,7.65888944453517,7.634281533462624,-0.006573856857772517,3260.9386450015268,-51.811354998473234
development,0.25,0.5,0.75,native,15.394733747227965,15.394733747227965,201.00477828691646,3260.932071144669,51.81792885533115,0.0,0.1480633710495644,0.1550568357918756,4417.0,7.65888944453517,7.65888944453517,-0.006573856857772517,3260.9386450015268,-51.811354998473234
development,0.25,0.5,0.75,quarter,15.394733747227965,14.31420320691295,201.00477828691646,3260.932071144669,51.81792885533115,0.0302350783738406,0.1480633710495644,0.1550568357918756,4417.0,7.65888944453517,7.121324840586972,-0.006573856857772517,3260.9386450015268,-51.811354998473234
development,0.25,0.75,0.25,5minute,49.98562500681798,48.9378781354136,301.5071674303827,1040.9480979345371,63.30190206546291,0.0064131131016079,0.1627074882213569,0.1668618824138662,4417.0,16.578585986138968,16.23108284704815,-0.00390513054095876,1040.952003065078,-63.29799693492191
development,0.25,0.75,0.25,envelope,49.98562500681798,49.98562500677142,301.5071674303827,1040.9480979345371,63.30190206546291,1.2295719997723607e-14,0.1627074882213569,0.1668618824138662,4417.0,16.578585986138968,16.578585986123525,-0.00390513054095876,1040.952003065078,-63.29799693492191
development,0.25,0.75,0.25,gross,49.98562500681798,0.0,301.5071674303827,1040.9480979345371,63.30190206546291,0.0374893846058788,0.1627074882213569,0.1668618824138662,4417.0,16.578585986138968,,-0.00390513054095876,1040.952003065078,-63.29799693492191
development,0.25,0.75,0.25,minute,49.98562500681798,49.83678856269881,301.5071674303827,1040.9480979345371,63.30190206546291,0.0014295337920241,0.1627074882213569,0.1668618824138662,4417.0,16.578585986138968,16.529221838219154,-0.00390513054095876,1040.952003065078,-63.29799693492191
development,0.25,0.75,0.25,native,49.98562500681798,49.98562500681798,301.5071674303827,1040.9480979345371,63.30190206546291,0.0,0.1627074882213569,0.1668618824138662,4417.0,16.578585986138968,16.578585986138968,-0.00390513054095876,1040.952003065078,-63.29799693492191
development,0.25,0.75,0.25,quarter,49.98562500681798,46.71664469549418,301.5071674303827,1040.9480979345371,63.30190206546291,0.0374893846058788,0.1627074882213569,0.1668618824138662,4417.0,16.578585986138968,15.494372851445046,-0.00390513054095876,1040.952003065078,-63.29799693492191
development,0.25,0.75,0.5,5minute,49.98562500681798,48.9378781354136,301.5071674303827,2145.198097934537,63.30190206546291,0.0064131131016079,0.1627074882213569,0.1668618824138662,4417.0,16.578585986138968,16.23108284704815,-0.00390513054095876,2145.2020030650783,-63.297996934921684
development,0.25,0.75,0.5,envelope,49.98562500681798,49.98562500677142,301.5071674303827,2145.198097934537,63.30190206546291,1.2295719997723607e-14,0.1627074882213569,0.1668618824138662,4417.0,16.578585986138968,16.578585986123525,-0.00390513054095876,2145.2020030650783,-63.297996934921684
development,0.25,0.75,0.5,gross,49.98562500681798,0.0,301.5071674303827,2145.198097934537,63.30190206546291,0.0374893846058788,0.1627074882213569,0.1668618824138662,4417.0,16.578585986138968,,-0.00390513054095876,2145.2020030650783,-63.297996934921684
development,0.25,0.75,0.5,minute,49.98562500681798,49.83678856269881,301.5071674303827,2145.198097934537,63.30190206546291,0.0014295337920241,0.1627074882213569,0.1668618824138662,4417.0,16.578585986138968,16.529221838219154,-0.00390513054095876,2145.2020030650783,-63.297996934921684
development,0.25,0.75,0.5,native,49.98562500681798,49.98562500681798,301.5071674303827,2145.198097934537,63.30190206546291,0.0,0.1627074882213569,0.1668618824138662,4417.0,16.578585986138968,16.578585986138968,-0.00390513054095876,2145.2020030650783,-63.297996934921684
development,0.25,0.75,0.5,quarter,49.98562500681798,46.71664469549418,301.5071674303827,2145.198097934537,63.30190206546291,0.0374893846058788,0.1627074882213569,0.1668618824138662,4417.0,16.578585986138968,15.494372851445046,-0.00390513054095876,2145.2020030650783,-63.297996934921684
development,0.25,0.75,0.75,5minute,49.98562500681798,48.9378781354136,301.5071674303827,3249.448097934537,63.30190206546291,0.0064131131016079,0.1627074882213569,0.1668618824138662,4417.0,16.578585986138968,16.23108284704815,-0.00390513054095876,3249.4520030650783,-63.297996934921684
development,0.25,0.75,0.75,envelope,49.98562500681798,49.98562500677142,301.5071674303827,3249.448097934537,63.30190206546291,1.2295719997723607e-14,0.1627074882213569,0.1668618824138662,4417.0,16.578585986138968,16.578585986123525,-0.00390513054095876,3249.4520030650783,-63.297996934921684
development,0.25,0.75,0.75,gross,49.98562500681798,0.0,301.5071674303827,3249.448097934537,63.30190206546291,0.0374893846058788,0.1627074882213569,0.1668618824138662,4417.0,16.578585986138968,,-0.00390513054095876,3249.4520030650783,-63.297996934921684
development,0.25,0.75,0.75,minute,49.98562500681798,49.83678856269881,301.5071674303827,3249.448097934537,63.30190206546291,0.0014295337920241,0.1627074882213569,0.1668618824138662,4417.0,16.578585986138968,16.529221838219154,-0.00390513054095876,3249.4520030650783,-63.297996934921684
development,0.25,0.75,0.75,native,49.98562500681798,49.98562500681798,301.5071674303827,3249.448097934537,63.30190206546291,0.0,0.1627074882213569,0.1668618824138662,4417.0,16.578585986138968,16.578585986138968,-0.00390513054095876,3249.4520030650783,-63.297996934921684
development,0.25,0.75,0.75,quarter,49.98562500681798,46.71664469549418,301.5071674303827,3249.448097934537,63.30190206546291,0.0374893846058788,0.1627074882213569,0.1668618824138662,4417.0,16.578585986138968,15.494372851445046,-0.00390513054095876,3249.4520030650783,-63.297996934921684
development,0.5,0.25,0.25,5minute,1.5145573777903857e-10,5.066410420654082e-13,100.50238914345823,1072.541226455672,31.708773544328082,0.0007492760621225,0.2586629326208874,0.2650284178959204,4417.0,1.5069864415148277e-10,5.041084559116531e-13,-0.00598355615853102,1072.5472100118304,-31.70278998816957
development,0.5,0.25,0.25,envelope,1.5145573777903857e-10,0.0,100.50238914345823,1072.541226455672,31.708773544328082,2.4424906541753444e-14,0.2586629326208874,0.2650284178959204,4417.0,1.5069864415148277e-10,0.0,-0.00598355615853102,1072.5472100118304,-31.70278998816957
development,0.5,0.25,0.25,gross,1.5145573777903857e-10,0.0,100.50238914345823,1072.541226455672,31.708773544328082,2.4424906541753444e-14,0.2586629326208874,0.2650284178959204,4417.0,1.5069864415148277e-10,,-0.00598355615853102,1072.5472100118304,-31.70278998816957
development,0.5,0.25,0.25,minute,1.5145573777903857e-10,2.532671902445664e-12,100.50238914345823,1072.541226455672,31.708773544328082,0.0001093134994655,0.2586629326208874,0.2650284178959204,4417.0,1.5069864415148277e-10,2.520011637564655e-12,-0.00598355615853102,1072.5472100118304,-31.70278998816957
development,0.5,0.25,0.25,native,1.5145573777903857e-10,1.5145573777903857e-10,100.50238914345823,1072.541226455672,31.708773544328082,0.0,0.2586629326208874,0.2650284178959204,4417.0,1.5069864415148277e-10,1.5069864415148277e-10,-0.00598355615853102,1072.5472100118304,-31.70278998816957
development,0.5,0.25,0.25,quarter,1.5145573777903857e-10,1.7027686882030507e-13,100.50238914345823,1072.541226455672,31.708773544328082,0.0025676417879959,0.2586629326208874,0.2650284178959204,4417.0,1.5069864415148277e-10,1.6942569253478141e-13,-0.00598355615853102,1072.5472100118304,-31.70278998816957
development,0.5,0.25,0.5,5minute,1.5145573777903857e-10,5.066410420654082e-13,100.50238914345823,2176.7912264556717,31.708773544328082,0.0007492760621225,0.2586629326208874,0.2650284178959204,4417.0,1.5069864415148277e-10,5.041084559116531e-13,-0.00598355615853102,2176.7972100118304,-31.70278998816957
development,0.5,0.25,0.5,envelope,1.5145573777903857e-10,0.0,100.50238914345823,2176.7912264556717,31.708773544328082,2.4424906541753444e-14,0.2586629326208874,0.2650284178959204,4417.0,1.5069864415148277e-10,0.0,-0.00598355615853102,2176.7972100118304,-31.70278998816957
development,0.5,0.25,0.5,gross,1.5145573777903857e-10,0.0,100.50238914345823,2176.7912264556717,31.708773544328082,2.4424906541753444e-14,0.2586629326208874,0.2650284178959204,4417.0,1.5069864415148277e-10,,-0.00598355615853102,2176.7972100118304,-31.70278998816957
development,0.5,0.25,0.5,minute,1.5145573777903857e-10,2.532671902445664e-12,100.50238914345823,2176.7912264556717,31.708773544328082,0.0001093134994655,0.2586629326208874,0.2650284178959204,4417.0,1.5069864415148277e-10,2.520011637564655e-12,-0.00598355615853102,2176.7972100118304,-31.70278998816957
development,0.5,0.25,0.5,native,1.5145573777903857e-10,1.5145573777903857e-10,100.50238914345823,2176.7912264556717,31.708773544328082,0.0,0.2586629326208874,0.2650284178959204,4417.0,1.5069864415148277e-10,1.5069864415148277e-10,-0.00598355615853102,2176.7972100118304,-31.70278998816957
development,0.5,0.25,0.5,quarter,1.5145573777903857e-10,1.7027686882030507e-13,100.50238914345823,2176.7912264556717,31.708773544328082,0.0025676417879959,0.2586629326208874,0.2650284178959204,4417.0,1.5069864415148277e-10,1.6942569253478141e-13,-0.00598355615853102,2176.7972100118304,-31.70278998816957
development,0.5,0.25,0.75,5minute,1.5145573777903857e-10,5.066410420654082e-13,100.50238914345823,3281.041226455672,31.708773544328082,0.0007492760621225,0.2586629326208874,0.2650284178959204,4417.0,1.5069864415148277e-10,5.041084559116531e-13,-0.00598355615853102,3281.047210011831,-31.702789988169116
development,0.5,0.25,0.75,envelope,1.5145573777903857e-10,0.0,100.50238914345823,3281.041226455672,31.708773544328082,2.4424906541753444e-14,0.2586629326208874,0.2650284178959204,4417.0,1.5069864415148277e-10,0.0,-0.00598355615853102,3281.047210011831,-31.702789988169116
development,0.5,0.25,0.75,gross,1.5145573777903857e-10,0.0,100.50238914345823,3281.041226455672,31.708773544328082,2.4424906541753444e-14,0.2586629326208874,0.2650284178959204,4417.0,1.5069864415148277e-10,,-0.00598355615853102,3281.047210011831,-31.702789988169116
development,0.5,0.25,0.75,minute,1.5145573777903857e-10,2.532671902445664e-12,100.50238914345823,3281.041226455672,31.708773544328082,0.0001093134994655,0.2586629326208874,0.2650284178959204,4417.0,1.5069864415148277e-10,2.520011637564655e-12,-0.00598355615853102,3281.047210011831,-31.702789988169116
development,0.5,0.25,0.75,native,1.5145573777903857e-10,1.5145573777903857e-10,100.50238914345823,3281.041226455672,31.708773544328082,0.0,0.2586629326208874,0.2650284178959204,4417.0,1.5069864415148277e-10,1.5069864415148277e-10,-0.00598355615853102,3281.047210011831,-31.702789988169116
development,0.5,0.25,0.75,quarter,1.5145573777903857e-10,1.7027686882030507e-13,100.50238914345823,3281.041226455672,31.708773544328082,0.0025676417879959,0.2586629326208874,0.2650284178959204,4417.0,1.5069864415148277e-10,1.6942569253478141e-13,-0.00598355615853102,3281.047210011831,-31.702789988169116
development,0.5,0.5,0.25,5minute,1.2271536494069681,1.1812300236946787,201.00477828691646,1042.1223880543014,62.12761194569852,0.0038637997648183,0.2680674881469986,0.2800568357918607,4417.0,0.6105096902996582,0.5876626584511229,-0.011269986786170366,1042.1336580410875,-62.11634195891247
development,0.5,0.5,0.25,envelope,1.2271536494069681,1.2271536492574107,201.00477828691646,1042.1223880543014,62.12761194569852,2.4702462297909733e-14,0.2680674881469986,0.2800568357918607,4417.0,0.6105096902996582,0.6105096902252533,-0.011269986786170366,1042.1336580410875,-62.11634195891247
development,0.5,0.5,0.25,gross,1.2271536494069681,0.0,201.00477828691646,1042.1223880543014,62.12761194569852,0.0193738194783955,0.2680674881469986,0.2800568357918607,4417.0,0.6105096902996582,,-0.011269986786170366,1042.1336580410875,-62.11634195891247
development,0.5,0.5,0.25,minute,1.2271536494069681,1.2215810926345267,201.00477828691646,1042.1223880543014,62.12761194569852,0.000450211115661,0.2680674881469986,0.2800568357918607,4417.0,0.6105096902996582,0.6077373399008595,-0.011269986786170366,1042.1336580410875,-62.11634195891247
development,0.5,0.5,0.25,native,1.2271536494069681,1.2271536494069681,201.00477828691646,1042.1223880543014,62.12761194569852,0.0,0.2680674881469986,0.2800568357918607,4417.0,0.6105096902996582,0.6105096902996582,-0.011269986786170366,1042.1336580410875,-62.11634195891247
development,0.5,0.5,0.25,quarter,1.2271536494069681,1.014081239406207,201.00477828691646,1042.1223880543014,62.12761194569852,0.0193738194783955,0.2680674881469986,0.2800568357918607,4417.0,0.6105096902996582,0.5045060361493975,-0.011269986786170366,1042.1336580410875,-62.11634195891247
development,0.5,0.5,0.5,5minute,1.2271536494069681,1.1812300236946787,201.00477828691646,2146.3723880543016,62.12761194569852,0.0038637997648183,0.2680674881469986,0.2800568357918607,4417.0,0.6105096902996582,0.5876626584511229,-0.011269986786170366,2146.383658041088,-62.11634195891202
development,0.5,0.5,0.5,envelope,1.2271536494069681,1.2271536492574107,201.00477828691646,2146.3723880543016,62.12761194569852,2.4702462297909733e-14,0.2680674881469986,0.2800568357918607,4417.0,0.6105096902996582,0.6105096902252533,-0.011269986786170366,2146.383658041088,-62.11634195891202
development,0.5,0.5,0.5,gross,1.2271536494069681,0.0,201.00477828691646,2146.3723880543016,62.12761194569852,0.0193738194783955,0.2680674881469986,0.2800568357918607,4417.0,0.6105096902996582,,-0.011269986786170366,2146.383658041088,-62.11634195891202
development,0.5,0.5,0.5,minute,1.2271536494069681,1.2215810926345267,201.00477828691646,2146.3723880543016,62.12761194569852,0.000450211115661,0.2680674881469986,0.2800568357918607,4417.0,0.6105096902996582,0.6077373399008595,-0.011269986786170366,2146.383658041088,-62.11634195891202
development,0.5,0.5,0.5,native,1.2271536494069681,1.2271536494069681,201.00477828691646,2146.3723880543016,62.12761194569852,0.0,0.2680674881469986,0.2800568357918607,4417.0,0.6105096902996582,0.6105096902996582,-0.011269986786170366,2146.383658041088,-62.11634195891202
development,0.5,0.5,0.5,quarter,1.2271536494069681,1.014081239406207,201.00477828691646,2146.3723880543016,62.12761194569852,0.0193738194783955,0.2680674881469986,0.2800568357918607,4417.0,0.6105096902996582,0.5045060361493975,-0.011269986786170366,2146.383658041088,-62.11634195891202
development,0.5,0.5,0.75,5minute,1.2271536494069681,1.1812300236946787,201.00477828691646,3250.6223880543016,62.12761194569852,0.0038637997648183,0.2680674881469986,0.2800568357918607,4417.0,0.6105096902996582,0.5876626584511229,-0.011269986786170366,3250.633658041088,-62.11634195891202
development,0.5,0.5,0.75,envelope,1.2271536494069681,1.2271536492574107,201.00477828691646,3250.6223880543016,62.12761194569852,2.4702462297909733e-14,0.2680674881469986,0.2800568357918607,4417.0,0.6105096902996582,0.6105096902252533,-0.011269986786170366,3250.633658041088,-62.11634195891202
development,0.5,0.5,0.75,gross,1.2271536494069681,0.0,201.00477828691646,3250.6223880543016,62.12761194569852,0.0193738194783955,0.2680674881469986,0.2800568357918607,4417.0,0.6105096902996582,,-0.011269986786170366,3250.633658041088,-62.11634195891202
development,0.5,0.5,0.75,minute,1.2271536494069681,1.2215810926345267,201.00477828691646,3250.6223880543016,62.12761194569852,0.000450211115661,0.2680674881469986,0.2800568357918607,4417.0,0.6105096902996582,0.6077373399008595,-0.011269986786170366,3250.633658041088,-62.11634195891202
development,0.5,0.5,0.75,native,1.2271536494069681,1.2271536494069681,201.00477828691646,3250.6223880543016,62.12761194569852,0.0,0.2680674881469986,0.2800568357918607,4417.0,0.6105096902996582,0.6105096902996582,-0.011269986786170366,3250.633658041088,-62.11634195891202
development,0.5,0.5,0.75,quarter,1.2271536494069681,1.014081239406207,201.00477828691646,3250.6223880543016,62.12761194569852,0.0193738194783955,0.2680674881469986,0.2800568357918607,4417.0,0.6105096902996582,0.5045060361493975,-0.011269986786170366,3250.633658041088,-62.11634195891202
development,0.5,0.75,0.25,5minute,10.498071124434546,10.224617727564157,301.5071674303827,1018.041969458925,86.20803054107506,0.007191118045069,0.2817583826891358,0.2950852536878087,4417.0,3.481864532079001,3.391169044074217,-0.012527258738752538,1018.0544967176637,-86.19550328233629
development,0.5,0.75,0.25,envelope,10.498071124434546,10.498071124296088,301.5071674303827,1018.041969458925,86.20803054107506,2.4424906541753444e-14,0.2817583826891358,0.2950852536878087,4417.0,3.481864532079001,3.4818645320330788,-0.012527258738752538,1018.0544967176637,-86.19550328233629
development,0.5,0.75,0.25,gross,10.498071124434546,0.0,301.5071674303827,1018.041969458925,86.20803054107506,0.0314910142761777,0.2817583826891358,0.2950852536878087,4417.0,3.481864532079001,,-0.012527258738752538,1018.0544967176637,-86.19550328233629
development,0.5,0.75,0.25,minute,10.498071124434546,10.459527997587415,301.5071674303827,1018.041969458925,86.20803054107506,0.0020179744204669,0.2817583826891358,0.2950852536878087,4417.0,3.481864532079001,3.4690810459762935,-0.012527258738752538,1018.0544967176637,-86.19550328233629
development,0.5,0.75,0.25,native,10.498071124434546,10.498071124434546,301.5071674303827,1018.041969458925,86.20803054107506,0.0,0.2817583826891358,0.2950852536878087,4417.0,3.481864532079001,3.481864532079001,-0.012527258738752538,1018.0544967176637,-86.19550328233629
development,0.5,0.75,0.25,quarter,10.498071124434546,9.731898420239085,301.5071674303827,1018.041969458925,86.20803054107506,0.0314910142761777,0.2817583826891358,0.2950852536878087,4417.0,3.481864532079001,3.2277502731294634,-0.012527258738752538,1018.0544967176637,-86.19550328233629
development,0.5,0.75,0.5,5minute,10.498071124434546,10.224617727564157,301.5071674303827,2122.291969458925,86.20803054107506,0.007191118045069,0.2817583826891358,0.2950852536878087,4417.0,3.481864532079001,3.391169044074217,-0.012527258738752538,2122.304496717664,-86.19550328233618
development,0.5,0.75,0.5,envelope,10.498071124434546,10.498071124296088,301.5071674303827,2122.291969458925,86.20803054107506,2.4424906541753444e-14,0.2817583826891358,0.2950852536878087,4417.0,3.481864532079001,3.4818645320330788,-0.012527258738752538,2122.304496717664,-86.19550328233618
development,0.5,0.75,0.5,gross,10.498071124434546,0.0,301.5071674303827,2122.291969458925,86.20803054107506,0.0314910142761777,0.2817583826891358,0.2950852536878087,4417.0,3.481864532079001,,-0.012527258738752538,2122.304496717664,-86.19550328233618
development,0.5,0.75,0.5,minute,10.498071124434546,10.459527997587415,301.5071674303827,2122.291969458925,86.20803054107506,0.0020179744204669,0.2817583826891358,0.2950852536878087,4417.0,3.481864532079001,3.4690810459762935,-0.012527258738752538,2122.304496717664,-86.19550328233618
development,0.5,0.75,0.5,native,10.498071124434546,10.498071124434546,301.5071674303827,2122.291969458925,86.20803054107506,0.0,0.2817583826891358,0.2950852536878087,4417.0,3.481864532079001,3.481864532079001,-0.012527258738752538,2122.304496717664,-86.19550328233618
development,0.5,0.75,0.5,quarter,10.498071124434546,9.731898420239085,301.5071674303827,2122.291969458925,86.20803054107506,0.0314910142761777,0.2817583826891358,0.2950852536878087,4417.0,3.481864532079001,3.2277502731294634,-0.012527258738752538,2122.304496717664,-86.19550328233618
development,0.5,0.75,0.75,5minute,10.498071124434546,10.224617727564157,301.5071674303827,3226.541969458925,86.20803054107506,0.007191118045069,0.2817583826891358,0.2950852536878087,4417.0,3.481864532079001,3.391169044074217,-0.012527258738752538,3226.554496717664,-86.19550328233618
development,0.5,0.75,0.75,envelope,10.498071124434546,10.498071124296088,301.5071674303827,3226.541969458925,86.20803054107506,2.4424906541753444e-14,0.2817583826891358,0.2950852536878087,4417.0,3.481864532079001,3.4818645320330788,-0.012527258738752538,3226.554496717664,-86.19550328233618
development,0.5,0.75,0.75,gross,10.498071124434546,0.0,301.5071674303827,3226.541969458925,86.20803054107506,0.0314910142761777,0.2817583826891358,0.2950852536878087,4417.0,3.481864532079001,,-0.012527258738752538,3226.554496717664,-86.19550328233618
development,0.5,0.75,0.75,minute,10.498071124434546,10.459527997587415,301.5071674303827,3226.541969458925,86.20803054107506,0.0020179744204669,0.2817583826891358,0.2950852536878087,4417.0,3.481864532079001,3.4690810459762935,-0.012527258738752538,3226.554496717664,-86.19550328233618
development,0.5,0.75,0.75,native,10.498071124434546,10.498071124434546,301.5071674303827,3226.541969458925,86.20803054107506,0.0,0.2817583826891358,0.2950852536878087,4417.0,3.481864532079001,3.481864532079001,-0.012527258738752538,3226.554496717664,-86.19550328233618
development,0.5,0.75,0.75,quarter,10.498071124434546,9.731898420239085,301.5071674303827,3226.541969458925,86.20803054107506,0.0314910142761777,0.2817583826891358,0.2950852536878087,4417.0,3.481864532079001,3.2277502731294634,-0.012527258738752538,3226.554496717664,-86.19550328233618
development,1.0,0.25,0.25,5minute,3.0466299803756067e-10,1.0139008824093066e-12,100.50238914345823,1072.5412264556699,31.70877354433017,0.0007492760621236,0.5086629326208928,0.5150284178959427,4417.0,3.031400553102089e-10,1.0088326168665036e-12,-0.005983556158546883,1072.5472100118284,-31.702789988171617
development,1.0,0.25,0.25,envelope,3.0466299803756067e-10,0.0,100.50238914345823,1072.5412264556699,31.70877354433017,4.918287999089444e-14,0.5086629326208928,0.5150284178959427,4417.0,3.031400553102089e-10,0.0,-0.005983556158546883,1072.5472100118284,-31.702789988171617
development,1.0,0.25,0.25,gross,3.0466299803756067e-10,0.0,100.50238914345823,1072.5412264556699,31.70877354433017,4.918287999089444e-14,0.5086629326208928,0.5150284178959427,4417.0,3.031400553102089e-10,,-0.005983556158546883,1072.5472100118284,-31.702789988171617
development,1.0,0.25,0.25,minute,3.0466299803756067e-10,5.0873125282695185e-12,100.50238914345823,1072.5412264556699,31.70877354433017,0.0001093134994621,0.5086629326208928,0.5150284178959427,4417.0,3.031400553102089e-10,5.0618821817338406e-12,-0.005983556158546883,1072.5472100118284,-31.702789988171617
development,1.0,0.25,0.25,native,3.0466299803756067e-10,3.0466299803756067e-10,100.50238914345823,1072.5412264556699,31.70877354433017,0.0,0.5086629326208928,0.5150284178959427,4417.0,3.031400553102089e-10,3.031400553102089e-10,-0.005983556158546883,1072.5472100118284,-31.702789988171617
development,1.0,0.25,0.25,quarter,3.0466299803756067e-10,3.4149778637998094e-13,100.50238914345823,1072.5412264556699,31.70877354433017,0.0025676417880035,0.5086629326208928,0.5150284178959427,4417.0,3.031400553102089e-10,3.397907147187548e-13,-0.005983556158546883,1072.5472100118284,-31.702789988171617
development,1.0,0.25,0.5,5minute,3.0466299803756067e-10,1.0139008824093066e-12,100.50238914345823,2176.79122645567,31.70877354433017,0.0007492760621236,0.5086629326208928,0.5150284178959427,4417.0,3.031400553102089e-10,1.0088326168665036e-12,-0.005983556158546883,2176.7972100118286,-31.70278998817139
development,1.0,0.25,0.5,envelope,3.0466299803756067e-10,0.0,100.50238914345823,2176.79122645567,31.70877354433017,4.918287999089444e-14,0.5086629326208928,0.5150284178959427,4417.0,3.031400553102089e-10,0.0,-0.005983556158546883,2176.7972100118286,-31.70278998817139
development,1.0,0.25,0.5,gross,3.0466299803756067e-10,0.0,100.50238914345823,2176.79122645567,31.70877354433017,4.918287999089444e-14,0.5086629326208928,0.5150284178959427,4417.0,3.031400553102089e-10,,-0.005983556158546883,2176.7972100118286,-31.70278998817139
development,1.0,0.25,0.5,minute,3.0466299803756067e-10,5.0873125282695185e-12,100.50238914345823,2176.79122645567,31.70877354433017,0.0001093134994621,0.5086629326208928,0.5150284178959427,4417.0,3.031400553102089e-10,5.0618821817338406e-12,-0.005983556158546883,2176.7972100118286,-31.70278998817139
development,1.0,0.25,0.5,native,3.0466299803756067e-10,3.0466299803756067e-10,100.50238914345823,2176.79122645567,31.70877354433017,0.0,0.5086629326208928,0.5150284178959427,4417.0,3.031400553102089e-10,3.031400553102089e-10,-0.005983556158546883,2176.7972100118286,-31.70278998817139
development,1.0,0.25,0.5,quarter,3.0466299803756067e-10,3.4149778637998094e-13,100.50238914345823,2176.79122645567,31.70877354433017,0.0025676417880035,0.5086629326208928,0.5150284178959427,4417.0,3.031400553102089e-10,3.397907147187548e-13,-0.005983556158546883,2176.7972100118286,-31.70278998817139
development,1.0,0.25,0.75,5minute,3.0466299803756067e-10,1.0139008824093066e-12,100.50238914345823,3281.04122645567,31.70877354433017,0.0007492760621236,0.5086629326208928,0.5150284178959427,4417.0,3.031400553102089e-10,1.0088326168665036e-12,-0.005983556158546883,3281.0472100118286,-31.70278998817139
development,1.0,0.25,0.75,envelope,3.0466299803756067e-10,0.0,100.50238914345823,3281.04122645567,31.70877354433017,4.918287999089444e-14,0.5086629326208928,0.5150284178959427,4417.0,3.031400553102089e-10,0.0,-0.005983556158546883,3281.0472100118286,-31.70278998817139
development,1.0,0.25,0.75,gross,3.0466299803756067e-10,0.0,100.50238914345823,3281.04122645567,31.70877354433017,4.918287999089444e-14,0.5086629326208928,0.5150284178959427,4417.0,3.031400553102089e-10,,-0.005983556158546883,3281.0472100118286,-31.70278998817139
development,1.0,0.25,0.75,minute,3.0466299803756067e-10,5.0873125282695185e-12,100.50238914345823,3281.04122645567,31.70877354433017,0.0001093134994621,0.5086629326208928,0.5150284178959427,4417.0,3.031400553102089e-10,5.0618821817338406e-12,-0.005983556158546883,3281.0472100118286,-31.70278998817139
development,1.0,0.25,0.75,native,3.0466299803756067e-10,3.0466299803756067e-10,100.50238914345823,3281.04122645567,31.70877354433017,0.0,0.5086629326208928,0.5150284178959427,4417.0,3.031400553102089e-10,3.031400553102089e-10,-0.005983556158546883,3281.0472100118286,-31.70278998817139
development,1.0,0.25,0.75,quarter,3.0466299803756067e-10,3.4149778637998094e-13,100.50238914345823,3281.04122645567,31.70877354433017,0.0025676417880035,0.5086629326208928,0.5150284178959427,4417.0,3.031400553102089e-10,3.397907147187548e-13,-0.005983556158546883,3281.0472100118286,-31.70278998817139
development,1.0,0.5,0.25,5minute,3.0242993041346613e-10,1.0121461688278373e-12,201.00477828691646,1040.816803468804,63.433196531196025,0.0014985521242451,0.516970122881313,0.5300568357918409,4417.0,1.5045907514784264e-10,5.035433373544427e-13,-0.012301510135896202,1040.8291049789398,-63.42089502106023
development,1.0,0.5,0.25,envelope,3.0242993041346613e-10,0.0,201.00477828691646,1040.816803468804,63.433196531196025,4.8849813083506894e-14,0.516970122881313,0.5300568357918409,4417.0,1.5045907514784264e-10,0.0,-0.012301510135896202,1040.8291049789398,-63.42089502106023
development,1.0,0.5,0.25,gross,3.0242993041346613e-10,0.0,201.00477828691646,1040.816803468804,63.433196531196025,4.8849813083506894e-14,0.516970122881313,0.5300568357918409,4417.0,1.5045907514784264e-10,,-0.012301510135896202,1040.8291049789398,-63.42089502106023
development,1.0,0.5,0.25,minute,3.0242993041346613e-10,5.0649645367218275e-12,201.00477828691646,1040.816803468804,63.433196531196025,0.000218626998931,0.516970122881313,0.5300568357918409,4417.0,1.5045907514784264e-10,2.519822951418618e-12,-0.012301510135896202,1040.8291049789398,-63.42089502106023
development,1.0,0.5,0.25,native,3.0242993041346613e-10,3.0242993041346613e-10,201.00477828691646,1040.816803468804,63.433196531196025,0.0,0.516970122881313,0.5300568357918409,4417.0,1.5045907514784264e-10,1.5045907514784264e-10,-0.012301510135896202,1040.8291049789398,-63.42089502106023
development,1.0,0.5,0.25,quarter,3.0242993041346613e-10,3.4224557933247837e-13,201.00477828691646,1040.816803468804,63.433196531196025,0.0051352835759919,0.516970122881313,0.5300568357918409,4417.0,1.5045907514784264e-10,1.7026738481010298e-13,-0.012301510135896202,1040.8291049789398,-63.42089502106023
development,1.0,0.5,0.5,5minute,3.0291147555807715e-10,1.0132820841308163e-12,201.00477828691646,2145.082452911344,63.41754708865617,0.0014985521242451,0.5173258652417749,0.5300568357918409,4417.0,1.5069864415148277e-10,5.041084559116531e-13,-0.01196711231706204,2145.094420023661,-63.40557997633914
development,1.0,0.5,0.5,envelope,3.0291147555807715e-10,0.0,201.00477828691646,2145.082452911344,63.41754708865617,4.8849813083506894e-14,0.5173258652417749,0.5300568357918409,4417.0,1.5069864415148277e-10,0.0,-0.01196711231706204,2145.094420023661,-63.40557997633914
development,1.0,0.5,0.5,gross,3.0291147555807715e-10,0.0,201.00477828691646,2145.082452911344,63.41754708865617,4.8849813083506894e-14,0.5173258652417749,0.5300568357918409,4417.0,1.5069864415148277e-10,,-0.01196711231706204,2145.094420023661,-63.40557997633914
development,1.0,0.5,0.5,minute,3.0291147555807715e-10,5.065343804891328e-12,201.00477828691646,2145.082452911344,63.41754708865617,0.000218626998931,0.5173258652417749,0.5300568357918409,4417.0,1.5069864415148277e-10,2.520011637564655e-12,-0.01196711231706204,2145.094420023661,-63.40557997633914
development,1.0,0.5,0.5,native,3.0291147555807715e-10,3.0291147555807715e-10,201.00477828691646,2145.082452911344,63.41754708865617,0.0,0.5173258652417749,0.5300568357918409,4417.0,1.5069864415148277e-10,1.5069864415148277e-10,-0.01196711231706204,2145.094420023661,-63.40557997633914
development,1.0,0.5,0.5,quarter,3.0291147555807715e-10,3.4055373764061014e-13,201.00477828691646,2145.082452911344,63.41754708865617,0.0051352835759919,0.5173258652417749,0.5300568357918409,4417.0,1.5069864415148277e-10,1.6942569253478141e-13,-0.01196711231706204,2145.094420023661,-63.40557997633914
development,1.0,0.5,0.75,5minute,3.028999423237354e-10,1.0135813679761356e-12,201.00477828691646,3249.3322949489057,63.417705051094565,0.0014985521242451,0.5173258652417749,0.5300568357918409,4417.0,1.5069290636035163e-10,5.042573498075445e-13,-0.01196711231706204,3249.3442620612227,-63.40573793877729
development,1.0,0.5,0.75,envelope,3.028999423237354e-10,0.0,201.00477828691646,3249.3322949489057,63.417705051094565,4.9626969200744504e-14,0.5173258652417749,0.5300568357918409,4417.0,1.5069290636035163e-10,0.0,-0.01196711231706204,3249.3442620612227,-63.40573793877729
development,1.0,0.5,0.75,gross,3.028999423237354e-10,0.0,201.00477828691646,3249.3322949489057,63.417705051094565,4.9626969200744504e-14,0.5173258652417749,0.5300568357918409,4417.0,1.5069290636035163e-10,,-0.01196711231706204,3249.3442620612227,-63.40573793877729
development,1.0,0.5,0.75,minute,3.028999423237354e-10,5.066715008747874e-12,201.00477828691646,3249.3322949489057,63.417705051094565,0.000218626998931,0.5173258652417749,0.5300568357918409,4417.0,1.5069290636035163e-10,2.5206938123210128e-12,-0.01196711231706204,3249.3442620612227,-63.40573793877729
development,1.0,0.5,0.75,native,3.028999423237354e-10,3.028999423237354e-10,201.00477828691646,3249.3322949489057,63.417705051094565,0.0,0.5173258652417749,0.5300568357918409,4417.0,1.5069290636035163e-10,1.5069290636035163e-10,-0.01196711231706204,3249.3442620612227,-63.40573793877729
development,1.0,0.5,0.75,quarter,3.028999423237354e-10,3.4062450089060613e-13,201.00477828691646,3249.3322949489057,63.417705051094565,0.0051352835759919,0.5173258652417749,0.5300568357918409,4417.0,1.5069290636035163e-10,1.6946089729488666e-13,-0.01196711231706204,3249.3442620612227,-63.40573793877729
development,1.0,0.75,0.25,5minute,1.4913932390145648,1.427516812930282,301.5071674303827,1010.4789428990093,93.77105710099065,0.007191118045069,0.5103273427183412,0.5450852536877707,4417.0,0.4946460317096521,0.47346032437517166,-0.032672436311263715,1010.5116153353206,-93.73838466467942
development,1.0,0.75,0.25,envelope,1.4913932390145648,1.4913932387137354,301.5071674303827,1010.4789428990093,93.77105710099065,4.9293902293356957e-14,0.5103273427183412,0.5450852536877707,4417.0,0.4946460317096521,0.4946460316098769,-0.032672436311263715,1010.5116153353206,-93.73838466467942
development,1.0,0.75,0.25,gross,1.4913932390145648,0.0,301.5071674303827,1010.4789428990093,93.77105710099065,0.023729885271013,0.5103273427183412,0.5450852536877707,4417.0,0.4946460317096521,,-0.032672436311263715,1010.5116153353206,-93.73838466467942
development,1.0,0.75,0.25,minute,1.4913932390145648,1.4853031555857983,301.5071674303827,1010.4789428990093,93.77105710099065,0.0006177636121962,0.5103273427183412,0.5450852536877707,4417.0,0.4946460317096521,0.4926261515586528,-0.032672436311263715,1010.5116153353206,-93.73838466467942
development,1.0,0.75,0.25,native,1.4913932390145648,1.4913932390145648,301.5071674303827,1010.4789428990093,93.77105710099065,0.0,0.5103273427183412,0.5450852536877707,4417.0,0.4946460317096521,0.4946460317096521,-0.032672436311263715,1010.5116153353206,-93.73838466467942
development,1.0,0.75,0.25,quarter,1.4913932390145648,1.322321371464456,301.5071674303827,1010.4789428990093,93.77105710099065,0.023729885271013,0.5103273427183412,0.5450852536877707,4417.0,0.4946460317096521,0.4385704601101321,-0.032672436311263715,1010.5116153353206,-93.73838466467942
development,1.0,0.75,0.5,5minute,1.4913932390145648,1.427516812930282,301.5071674303827,2114.7289428990093,93.77105710099065,0.007191118045069,0.5103273427183412,0.5450852536877707,4417.0,0.4946460317096521,0.47346032437517166,-0.032672436311263715,2114.7616153353206,-93.73838466467942
development,1.0,0.75,0.5,envelope,1.4913932390145648,1.4913932387137354,301.5071674303827,2114.7289428990093,93.77105710099065,4.9293902293356957e-14,0.5103273427183412,0.5450852536877707,4417.0,0.4946460317096521,0.4946460316098769,-0.032672436311263715,2114.7616153353206,-93.73838466467942
development,1.0,0.75,0.5,gross,1.4913932390145648,0.0,301.5071674303827,2114.7289428990093,93.77105710099065,0.023729885271013,0.5103273427183412,0.5450852536877707,4417.0,0.4946460317096521,,-0.032672436311263715,2114.7616153353206,-93.73838466467942
development,1.0,0.75,0.5,minute,1.4913932390145648,1.4853031555857983,301.5071674303827,2114.7289428990093,93.77105710099065,0.0006177636121962,0.5103273427183412,0.5450852536877707,4417.0,0.4946460317096521,0.4926261515586528,-0.032672436311263715,2114.7616153353206,-93.73838466467942
development,1.0,0.75,0.5,native,1.4913932390145648,1.4913932390145648,301.5071674303827,2114.7289428990093,93.77105710099065,0.0,0.5103273427183412,0.5450852536877707,4417.0,0.4946460317096521,0.4946460317096521,-0.032672436311263715,2114.7616153353206,-93.73838466467942
development,1.0,0.75,0.5,quarter,1.4913932390145648,1.322321371464456,301.5071674303827,2114.7289428990093,93.77105710099065,0.023729885271013,0.5103273427183412,0.5450852536877707,4417.0,0.4946460317096521,0.4385704601101321,-0.032672436311263715,2114.7616153353206,-93.73838466467942
development,1.0,0.75,0.75,5minute,1.4913932390145648,1.427516812930282,301.5071674303827,3218.9789428990093,93.77105710099065,0.007191118045069,0.5103273427183412,0.5450852536877707,4417.0,0.4946460317096521,0.47346032437517166,-0.032672436311263715,3219.0116153353206,-93.73838466467942
development,1.0,0.75,0.75,envelope,1.4913932390145648,1.4913932387137354,301.5071674303827,3218.9789428990093,93.77105710099065,4.9293902293356957e-14,0.5103273427183412,0.5450852536877707,4417.0,0.4946460317096521,0.4946460316098769,-0.032672436311263715,3219.0116153353206,-93.73838466467942
development,1.0,0.75,0.75,gross,1.4913932390145648,0.0,301.5071674303827,3218.9789428990093,93.77105710099065,0.023729885271013,0.5103273427183412,0.5450852536877707,4417.0,0.4946460317096521,,-0.032672436311263715,3219.0116153353206,-93.73838466467942
development,1.0,0.75,0.75,minute,1.4913932390145648,1.4853031555857983,301.5071674303827,3218.9789428990093,93.77105710099065,0.0006177636121962,0.5103273427183412,0.5450852536877707,4417.0,0.4946460317096521,0.4926261515586528,-0.032672436311263715,3219.0116153353206,-93.73838466467942
development,1.0,0.75,0.75,native,1.4913932390145648,1.4913932390145648,301.5071674303827,3218.9789428990093,93.77105710099065,0.0,0.5103273427183412,0.5450852536877707,4417.0,0.4946460317096521,0.4946460317096521,-0.032672436311263715,3219.0116153353206,-93.73838466467942
development,1.0,0.75,0.75,quarter,1.4913932390145648,1.322321371464456,301.5071674303827,3218.9789428990093,93.77105710099065,0.023729885271013,0.5103273427183412,0.5450852536877707,4417.0,0.4946460317096521,0.4385704601101321,-0.032672436311263715,3219.0116153353206,-93.73838466467942
development,2.0,0.25,0.25,5minute,6.082981065140134e-10,2.0338085363791006e-12,100.50238914345823,1072.5412264556742,31.708773544325734,0.000749276062114,1.00866293262091,1.0150284178959672,4417.0,6.052573592511537e-10,2.02364197877527e-12,-0.005983556158553771,1072.5472100118327,-31.702789988167297
development,2.0,0.25,0.25,envelope,6.082981065140134e-10,0.0,100.50238914345823,1072.5412264556742,31.708773544325734,9.525713551283844e-14,1.00866293262091,1.0150284178959672,4417.0,6.052573592511537e-10,0.0,-0.005983556158553771,1072.5472100118327,-31.702789988167297
development,2.0,0.25,0.25,gross,6.082981065140134e-10,0.0,100.50238914345823,1072.5412264556742,31.708773544325734,9.525713551283844e-14,1.00866293262091,1.0150284178959672,4417.0,6.052573592511537e-10,,-0.005983556158553771,1072.5472100118327,-31.702789988167297
development,2.0,0.25,0.25,minute,6.082981065140134e-10,1.0107407631779674e-11,100.50238914345823,1072.5412264556742,31.708773544325734,0.000109313499468,1.00866293262091,1.0150284178959672,4417.0,6.052573592511537e-10,1.005688294370022e-11,-0.005983556158553771,1072.5472100118327,-31.702789988167297
development,2.0,0.25,0.25,native,6.082981065140134e-10,6.082981065140134e-10,100.50238914345823,1072.5412264556742,31.708773544325734,0.0,1.00866293262091,1.0150284178959672,4417.0,6.052573592511537e-10,6.052573592511537e-10,-0.005983556158553771,1072.5472100118327,-31.702789988167297
development,2.0,0.25,0.25,quarter,6.082981065140134e-10,6.76627842807388e-13,100.50238914345823,1072.5412264556742,31.708773544325734,0.0025676417880109,1.00866293262091,1.0150284178959672,4417.0,6.052573592511537e-10,6.732455303540713e-13,-0.005983556158553771,1072.5472100118327,-31.702789988167297
development,2.0,0.25,0.5,5minute,6.082981065140134e-10,2.0338085363791006e-12,100.50238914345823,2176.7912264556744,31.708773544325734,0.000749276062114,1.00866293262091,1.0150284178959672,4417.0,6.052573592511537e-10,2.02364197877527e-12,-0.005983556158553771,2176.797210011833,-31.702789988166842
development,2.0,0.25,0.5,envelope,6.082981065140134e-10,0.0,100.50238914345823,2176.7912264556744,31.708773544325734,9.525713551283844e-14,1.00866293262091,1.0150284178959672,4417.0,6.052573592511537e-10,0.0,-0.005983556158553771,2176.797210011833,-31.702789988166842
development,2.0,0.25,0.5,gross,6.082981065140134e-10,0.0,100.50238914345823,2176.7912264556744,31.708773544325734,9.525713551283844e-14,1.00866293262091,1.0150284178959672,4417.0,6.052573592511537e-10,,-0.005983556158553771,2176.797210011833,-31.702789988166842
development,2.0,0.25,0.5,minute,6.082981065140134e-10,1.0107407631779674e-11,100.50238914345823,2176.7912264556744,31.708773544325734,0.000109313499468,1.00866293262091,1.0150284178959672,4417.0,6.052573592511537e-10,1.005688294370022e-11,-0.005983556158553771,2176.797210011833,-31.702789988166842
development,2.0,0.25,0.5,native,6.082981065140134e-10,6.082981065140134e-10,100.50238914345823,2176.7912264556744,31.708773544325734,0.0,1.00866293262091,1.0150284178959672,4417.0,6.052573592511537e-10,6.052573592511537e-10,-0.005983556158553771,2176.797210011833,-31.702789988166842
development,2.0,0.25,0.5,quarter,6.082981065140134e-10,6.76627842807388e-13,100.50238914345823,2176.7912264556744,31.708773544325734,0.0025676417880109,1.00866293262091,1.0150284178959672,4417.0,6.052573592511537e-10,6.732455303540713e-13,-0.005983556158553771,2176.797210011833,-31.702789988166842
development,2.0,0.25,0.75,5minute,6.082981065140134e-10,2.0338085363791006e-12,100.50238914345823,3281.0412264556744,31.708773544325734,0.000749276062114,1.00866293262091,1.0150284178959672,4417.0,6.052573592511537e-10,2.02364197877527e-12,-0.005983556158553771,3281.047210011833,-31.702789988166842
development,2.0,0.25,0.75,envelope,6.082981065140134e-10,0.0,100.50238914345823,3281.0412264556744,31.708773544325734,9.525713551283844e-14,1.00866293262091,1.0150284178959672,4417.0,6.052573592511537e-10,0.0,-0.005983556158553771,3281.047210011833,-31.702789988166842
development,2.0,0.25,0.75,gross,6.082981065140134e-10,0.0,100.50238914345823,3281.0412264556744,31.708773544325734,9.525713551283844e-14,1.00866293262091,1.0150284178959672,4417.0,6.052573592511537e-10,,-0.005983556158553771,3281.047210011833,-31.702789988166842
development,2.0,0.25,0.75,minute,6.082981065140134e-10,1.0107407631779674e-11,100.50238914345823,3281.0412264556744,31.708773544325734,0.000109313499468,1.00866293262091,1.0150284178959672,4417.0,6.052573592511537e-10,1.005688294370022e-11,-0.005983556158553771,3281.047210011833,-31.702789988166842
development,2.0,0.25,0.75,native,6.082981065140134e-10,6.082981065140134e-10,100.50238914345823,3281.0412264556744,31.708773544325734,0.0,1.00866293262091,1.0150284178959672,4417.0,6.052573592511537e-10,6.052573592511537e-10,-0.005983556158553771,3281.047210011833,-31.702789988166842
development,2.0,0.25,0.75,quarter,6.082981065140134e-10,6.76627842807388e-13,100.50238914345823,3281.0412264556744,31.708773544325734,0.0025676417880109,1.00866293262091,1.0150284178959672,4417.0,6.052573592511537e-10,6.732455303540713e-13,-0.005983556158553771,3281.047210011833,-31.702789988166842
development,2.0,0.5,0.25,5minute,6.093242181829539e-10,2.0274926509221244e-12,201.00477828691646,1040.816803468802,63.433196531198,0.0014985521242472,1.0169701228813488,1.0300568357918851,4417.0,3.0313917080776934e-10,1.00867883251415e-12,-0.012301510135904133,1040.829104978938,-63.42089502106205
development,2.0,0.5,0.25,envelope,6.093242181829539e-10,0.0,201.00477828691646,1040.816803468802,63.433196531198,9.83657599817889e-14,1.0169701228813488,1.0300568357918851,4417.0,3.0313917080776934e-10,0.0,-0.012301510135904133,1040.829104978938,-63.42089502106205
development,2.0,0.5,0.25,gross,6.093242181829539e-10,0.0,201.00477828691646,1040.816803468802,63.433196531198,9.83657599817889e-14,1.0169701228813488,1.0300568357918851,4417.0,3.0313917080776934e-10,,-0.012301510135904133,1040.829104978938,-63.42089502106205
development,2.0,0.5,0.25,minute,6.093242181829539e-10,1.0174964319755367e-11,201.00477828691646,1040.816803468802,63.433196531198,0.0002186269989243,1.0169701228813488,1.0300568357918851,4417.0,3.0313917080776934e-10,5.062050965391235e-12,-0.012301510135904133,1040.829104978938,-63.42089502106205
development,2.0,0.5,0.25,native,6.093242181829539e-10,6.093242181829539e-10,201.00477828691646,1040.816803468802,63.433196531198,0.0,1.0169701228813488,1.0300568357918851,4417.0,3.0313917080776934e-10,3.0313917080776934e-10,-0.012301510135904133,1040.829104978938,-63.42089502106205
development,2.0,0.5,0.25,quarter,6.093242181829539e-10,6.838170101714952e-13,201.00477828691646,1040.816803468802,63.433196531198,0.005135283576007,1.0169701228813488,1.0300568357918851,4417.0,3.0313917080776934e-10,3.401993803328432e-13,-0.012301510135904133,1040.829104978938,-63.42089502106205
development,2.0,0.5,0.5,5minute,6.093259960751213e-10,2.0278017648186132e-12,201.00477828691646,2145.0824529113397,63.41754708866034,0.0014985521242472,1.0173258652417856,1.0300568357918851,4417.0,3.031400553102089e-10,1.0088326168665036e-12,-0.011967112317093557,2145.0944200236568,-63.40557997634323
development,2.0,0.5,0.5,envelope,6.093259960751213e-10,0.0,201.00477828691646,2145.0824529113397,63.41754708866034,9.83657599817889e-14,1.0173258652417856,1.0300568357918851,4417.0,3.031400553102089e-10,0.0,-0.011967112317093557,2145.0944200236568,-63.40557997634323
development,2.0,0.5,0.5,gross,6.093259960751213e-10,0.0,201.00477828691646,2145.0824529113397,63.41754708866034,9.83657599817889e-14,1.0173258652417856,1.0300568357918851,4417.0,3.031400553102089e-10,,-0.011967112317093557,2145.0944200236568,-63.40557997634323
development,2.0,0.5,0.5,minute,6.093259960751213e-10,1.0174625056539037e-11,201.00477828691646,2145.0824529113397,63.41754708866034,0.0002186269989243,1.0173258652417856,1.0300568357918851,4417.0,3.031400553102089e-10,5.0618821817338406e-12,-0.011967112317093557,2145.0944200236568,-63.40557997634323
development,2.0,0.5,0.5,native,6.093259960751213e-10,6.093259960751213e-10,201.00477828691646,2145.0824529113397,63.41754708866034,0.0,1.0173258652417856,1.0300568357918851,4417.0,3.031400553102089e-10,3.031400553102089e-10,-0.011967112317093557,2145.0944200236568,-63.40557997634323
development,2.0,0.5,0.5,quarter,6.093259960751213e-10,6.829955727599619e-13,201.00477828691646,2145.0824529113397,63.41754708866034,0.005135283576007,1.0173258652417856,1.0300568357918851,4417.0,3.031400553102089e-10,3.397907147187548e-13,-0.011967112317093557,2145.0944200236568,-63.40557997634323
development,2.0,0.5,0.75,5minute,6.091831085228386e-10,2.0275343757165784e-12,201.00477828691646,3249.332294948901,63.41770505109864,0.0014985521242472,1.0173258652417856,1.0300568357918851,4417.0,3.030689686656523e-10,1.008699590624882e-12,-0.011967112317093557,3249.344262061218,-63.40573793878184
development,2.0,0.5,0.75,envelope,6.091831085228386e-10,0.0,201.00477828691646,3249.332294948901,63.41770505109864,9.83657599817889e-14,1.0173258652417856,1.0300568357918851,4417.0,3.030689686656523e-10,0.0,-0.011967112317093557,3249.344262061218,-63.40573793878184
development,2.0,0.5,0.75,gross,6.091831085228386e-10,0.0,201.00477828691646,3249.332294948901,63.41770505109864,9.83657599817889e-14,1.0173258652417856,1.0300568357918851,4417.0,3.030689686656523e-10,,-0.011967112317093557,3249.344262061218,-63.40573793878184
development,2.0,0.5,0.75,minute,6.091831085228386e-10,1.0173550244453809e-11,201.00477828691646,3249.332294948901,63.41770505109864,0.0002186269989243,1.0173258652417856,1.0300568357918851,4417.0,3.030689686656523e-10,5.0613474620647925e-12,-0.011967112317093557,3249.344262061218,-63.40573793878184
development,2.0,0.5,0.75,native,6.091831085228386e-10,6.091831085228386e-10,201.00477828691646,3249.332294948901,63.41770505109864,0.0,1.0173258652417856,1.0300568357918851,4417.0,3.030689686656523e-10,3.030689686656523e-10,-0.011967112317093557,3249.344262061218,-63.40573793878184
development,2.0,0.5,0.75,quarter,6.091831085228386e-10,6.828988255037594e-13,201.00477828691646,3249.332294948901,63.41770505109864,0.005135283576007,1.0173258652417856,1.0300568357918851,4417.0,3.030689686656523e-10,3.3974258289968713e-13,-0.011967112317093557,3249.344262061218,-63.40573793878184
development,2.0,0.75,0.25,5minute,6.051648566076515e-10,2.0255005405238473e-12,301.5071674303827,1008.886109786461,95.36389021353904,0.0022478281863617,1.01032734271837,1.0450852536878663,4417.0,2.0071325725527986e-10,6.717918375826109e-13,-0.032672436311326436,1008.9187822227724,-95.33121777722761
development,2.0,0.75,0.25,envelope,6.051648566076515e-10,0.0,301.5071674303827,1008.886109786461,95.36389021353904,9.969802761133907e-14,1.01032734271837,1.0450852536878663,4417.0,2.0071325725527986e-10,0.0,-0.032672436311326436,1008.9187822227724,-95.33121777722761
development,2.0,0.75,0.25,gross,6.051648566076515e-10,0.0,301.5071674303827,1008.886109786461,95.36389021353904,9.969802761133907e-14,1.01032734271837,1.0450852536878663,4417.0,2.0071325725527986e-10,,-0.032672436311326436,1008.9187822227724,-95.33121777722761
development,2.0,0.75,0.25,minute,6.051648566076515e-10,1.009689334688816e-11,301.5071674303827,1008.886109786461,95.36389021353904,0.0003279416250367,1.01032734271837,1.0450852536878663,4417.0,2.0071325725527986e-10,3.3488070724618872e-12,-0.032672436311326436,1008.9187822227724,-95.33121777722761
development,2.0,0.75,0.25,native,6.051648566076515e-10,6.051648566076515e-10,301.5071674303827,1008.886109786461,95.36389021353904,0.0,1.01032734271837,1.0450852536878663,4417.0,2.0071325725527986e-10,2.0071325725527986e-10,-0.032672436311326436,1008.9187822227724,-95.33121777722761
development,2.0,0.75,0.25,quarter,6.051648566076515e-10,6.758282307879275e-13,301.5071674303827,1008.886109786461,95.36389021353904,0.0077029253640203,1.01032734271837,1.0450852536878663,4417.0,2.0071325725527986e-10,2.2414997180588573e-13,-0.032672436311326436,1008.9187822227724,-95.33121777722761
development,2.0,0.75,0.5,5minute,6.051648566076515e-10,2.0255005405238473e-12,301.5071674303827,2113.136109786461,95.36389021353904,0.0022478281863617,1.01032734271837,1.0450852536878663,4417.0,2.0071325725527986e-10,6.717918375826109e-13,-0.032672436311326436,2113.1687822227723,-95.33121777722772
development,2.0,0.75,0.5,envelope,6.051648566076515e-10,0.0,301.5071674303827,2113.136109786461,95.36389021353904,9.969802761133907e-14,1.01032734271837,1.0450852536878663,4417.0,2.0071325725527986e-10,0.0,-0.032672436311326436,2113.1687822227723,-95.33121777722772
development,2.0,0.75,0.5,gross,6.051648566076515e-10,0.0,301.5071674303827,2113.136109786461,95.36389021353904,9.969802761133907e-14,1.01032734271837,1.0450852536878663,4417.0,2.0071325725527986e-10,,-0.032672436311326436,2113.1687822227723,-95.33121777722772
development,2.0,0.75,0.5,minute,6.051648566076515e-10,1.009689334688816e-11,301.5071674303827,2113.136109786461,95.36389021353904,0.0003279416250367,1.01032734271837,1.0450852536878663,4417.0,2.0071325725527986e-10,3.3488070724618872e-12,-0.032672436311326436,2113.1687822227723,-95.33121777722772
development,2.0,0.75,0.5,native,6.051648566076515e-10,6.051648566076515e-10,301.5071674303827,2113.136109786461,95.36389021353904,0.0,1.01032734271837,1.0450852536878663,4417.0,2.0071325725527986e-10,2.0071325725527986e-10,-0.032672436311326436,2113.1687822227723,-95.33121777722772
development,2.0,0.75,0.5,quarter,6.051648566076515e-10,6.758282307879275e-13,301.5071674303827,2113.136109786461,95.36389021353904,0.0077029253640203,1.01032734271837,1.0450852536878663,4417.0,2.0071325725527986e-10,2.2414997180588573e-13,-0.032672436311326436,2113.1687822227723,-95.33121777722772
development,2.0,0.75,0.75,5minute,6.051648566076515e-10,2.0255005405238473e-12,301.5071674303827,3217.386109786461,95.36389021353904,0.0022478281863617,1.01032734271837,1.0450852536878663,4417.0,2.0071325725527986e-10,6.717918375826109e-13,-0.032672436311326436,3217.4187822227723,-95.33121777722772
development,2.0,0.75,0.75,envelope,6.051648566076515e-10,0.0,301.5071674303827,3217.386109786461,95.36389021353904,9.969802761133907e-14,1.01032734271837,1.0450852536878663,4417.0,2.0071325725527986e-10,0.0,-0.032672436311326436,3217.4187822227723,-95.33121777722772
development,2.0,0.75,0.75,gross,6.051648566076515e-10,0.0,301.5071674303827,3217.386109786461,95.36389021353904,9.969802761133907e-14,1.01032734271837,1.0450852536878663,4417.0,2.0071325725527986e-10,,-0.032672436311326436,3217.4187822227723,-95.33121777722772
development,2.0,0.75,0.75,minute,6.051648566076515e-10,1.009689334688816e-11,301.5071674303827,3217.386109786461,95.36389021353904,0.0003279416250367,1.01032734271837,1.0450852536878663,4417.0,2.0071325725527986e-10,3.3488070724618872e-12,-0.032672436311326436,3217.4187822227723,-95.33121777722772
development,2.0,0.75,0.75,native,6.051648566076515e-10,6.051648566076515e-10,301.5071674303827,3217.386109786461,95.36389021353904,0.0,1.01032734271837,1.0450852536878663,4417.0,2.0071325725527986e-10,2.0071325725527986e-10,-0.032672436311326436,3217.4187822227723,-95.33121777722772
development,2.0,0.75,0.75,quarter,6.051648566076515e-10,6.758282307879275e-13,301.5071674303827,3217.386109786461,95.36389021353904,0.0077029253640203,1.01032734271837,1.0450852536878663,4417.0,2.0071325725527986e-10,2.2414997180588573e-13,-0.032672436311326436,3217.4187822227723,-95.33121777722772
development,4.0,0.25,0.25,5minute,1.2132951856328812e-09,4.040736851829763e-12,100.50238914345823,1072.5412264556799,31.708773544320003,0.0007492760621128,2.0086629326208514,2.015028417895888,4417.0,1.2072301922106648e-09,4.020538104882234e-12,-0.005983556158534568,1072.5472100118384,-31.702789988161612
development,4.0,0.25,0.25,envelope,1.2132951856328812e-09,0.0,100.50238914345823,1072.5412264556799,31.708773544320003,1.9451107391432745e-13,2.0086629326208514,2.015028417895888,4417.0,1.2072301922106648e-09,0.0,-0.005983556158534568,1072.5472100118384,-31.702789988161612
development,4.0,0.25,0.25,gross,1.2132951856328812e-09,0.0,100.50238914345823,1072.5412264556799,31.708773544320003,1.9451107391432745e-13,2.0086629326208514,2.015028417895888,4417.0,1.2072301922106648e-09,,-0.005983556158534568,1072.5472100118384,-31.702789988161612
development,4.0,0.25,0.25,minute,1.2132951856328812e-09,2.0248191104256174e-11,100.50238914345823,1072.5412264556799,31.708773544320003,0.0001093134994607,2.0086629326208514,2.015028417895888,4417.0,1.2072301922106648e-09,2.014697488967519e-11,-0.005983556158534568,1072.5472100118384,-31.702789988161612
development,4.0,0.25,0.25,native,1.2132951856328812e-09,1.2132951856328812e-09,100.50238914345823,1072.5412264556799,31.708773544320003,0.0,2.0086629326208514,2.015028417895888,4417.0,1.2072301922106648e-09,1.2072301922106648e-09,-0.005983556158534568,1072.5472100118384,-31.702789988161612
development,4.0,0.25,0.25,quarter,1.2132951856328812e-09,1.3604063670046032e-12,100.50238914345823,1072.5412264556799,31.708773544320003,0.0025676417879623,2.0086629326208514,2.015028417895888,4417.0,1.2072301922106648e-09,1.3536059974283238e-12,-0.005983556158534568,1072.5472100118384,-31.702789988161612
development,4.0,0.25,0.5,5minute,1.2132951856328812e-09,4.040736851829763e-12,100.50238914345823,2176.79122645568,31.708773544320003,0.0007492760621128,2.0086629326208514,2.015028417895888,4417.0,1.2072301922106648e-09,4.020538104882234e-12,-0.005983556158534568,2176.7972100118386,-31.702789988161385
development,4.0,0.25,0.5,envelope,1.2132951856328812e-09,0.0,100.50238914345823,2176.79122645568,31.708773544320003,1.9451107391432745e-13,2.0086629326208514,2.015028417895888,4417.0,1.2072301922106648e-09,0.0,-0.005983556158534568,2176.7972100118386,-31.702789988161385
development,4.0,0.25,0.5,gross,1.2132951856328812e-09,0.0,100.50238914345823,2176.79122645568,31.708773544320003,1.9451107391432745e-13,2.0086629326208514,2.015028417895888,4417.0,1.2072301922106648e-09,,-0.005983556158534568,2176.7972100118386,-31.702789988161385
development,4.0,0.25,0.5,minute,1.2132951856328812e-09,2.0248191104256174e-11,100.50238914345823,2176.79122645568,31.708773544320003,0.0001093134994607,2.0086629326208514,2.015028417895888,4417.0,1.2072301922106648e-09,2.014697488967519e-11,-0.005983556158534568,2176.7972100118386,-31.702789988161385
development,4.0,0.25,0.5,native,1.2132951856328812e-09,1.2132951856328812e-09,100.50238914345823,2176.79122645568,31.708773544320003,0.0,2.0086629326208514,2.015028417895888,4417.0,1.2072301922106648e-09,1.2072301922106648e-09,-0.005983556158534568,2176.7972100118386,-31.702789988161385
development,4.0,0.25,0.5,quarter,1.2132951856328812e-09,1.3604063670046032e-12,100.50238914345823,2176.79122645568,31.708773544320003,0.0025676417879623,2.0086629326208514,2.015028417895888,4417.0,1.2072301922106648e-09,1.3536059974283238e-12,-0.005983556158534568,2176.7972100118386,-31.702789988161385
development,4.0,0.25,0.75,5minute,1.2132951856328812e-09,4.040736851829763e-12,100.50238914345823,3281.04122645568,31.708773544320003,0.0007492760621128,2.0086629326208514,2.015028417895888,4417.0,1.2072301922106648e-09,4.020538104882234e-12,-0.005983556158534568,3281.0472100118386,-31.702789988161385
development,4.0,0.25,0.75,envelope,1.2132951856328812e-09,0.0,100.50238914345823,3281.04122645568,31.708773544320003,1.9451107391432745e-13,2.0086629326208514,2.015028417895888,4417.0,1.2072301922106648e-09,0.0,-0.005983556158534568,3281.0472100118386,-31.702789988161385
development,4.0,0.25,0.75,gross,1.2132951856328812e-09,0.0,100.50238914345823,3281.04122645568,31.708773544320003,1.9451107391432745e-13,2.0086629326208514,2.015028417895888,4417.0,1.2072301922106648e-09,,-0.005983556158534568,3281.0472100118386,-31.702789988161385
development,4.0,0.25,0.75,minute,1.2132951856328812e-09,2.0248191104256174e-11,100.50238914345823,3281.04122645568,31.708773544320003,0.0001093134994607,2.0086629326208514,2.015028417895888,4417.0,1.2072301922106648e-09,2.014697488967519e-11,-0.005983556158534568,3281.0472100118386,-31.702789988161385
development,4.0,0.25,0.75,native,1.2132951856328812e-09,1.2132951856328812e-09,100.50238914345823,3281.04122645568,31.708773544320003,0.0,2.0086629326208514,2.015028417895888,4417.0,1.2072301922106648e-09,1.2072301922106648e-09,-0.005983556158534568,3281.0472100118386,-31.702789988161385
development,4.0,0.25,0.75,quarter,1.2132951856328812e-09,1.3604063670046032e-12,100.50238914345823,3281.04122645568,31.708773544320003,0.0025676417879623,2.0086629326208514,2.015028417895888,4417.0,1.2072301922106648e-09,1.3536059974283238e-12,-0.005983556158534568,3281.0472100118386,-31.702789988161385
development,4.0,0.5,0.25,5minute,1.216198961378907e-09,4.0649411862164626e-12,201.00477828691646,1040.8168034688044,63.43319653119559,0.0014985521242281,2.016970122881287,2.0300568357919344,4417.0,6.050597263130188e-10,2.0223107235859437e-12,-0.012301510136008494,1040.8291049789404,-63.42089502105955
development,4.0,0.5,0.25,envelope,1.216198961378907e-09,0.0,201.00477828691646,1040.8168034688044,63.43319653119559,1.905142710256769e-13,2.016970122881287,2.0300568357919344,4417.0,6.050597263130188e-10,0.0,-0.012301510136008494,1040.8291049789404,-63.42089502105955
development,4.0,0.5,0.25,gross,1.216198961378907e-09,0.0,201.00477828691646,1040.8168034688044,63.43319653119559,1.905142710256769e-13,2.016970122881287,2.0300568357919344,4417.0,6.050597263130188e-10,,-0.012301510136008494,1040.8291049789404,-63.42089502105955
development,4.0,0.5,0.25,minute,1.216198961378907e-09,2.0230528784399134e-11,201.00477828691646,1040.8168034688044,63.43319653119559,0.0002186269989361,2.016970122881287,2.0300568357919344,4417.0,6.050597263130188e-10,1.0064700429918064e-11,-0.012301510136008494,1040.8291049789404,-63.42089502105955
development,4.0,0.5,0.25,native,1.216198961378907e-09,1.216198961378907e-09,201.00477828691646,1040.8168034688044,63.43319653119559,0.0,2.016970122881287,2.0300568357919344,4417.0,6.050597263130188e-10,6.050597263130188e-10,-0.012301510136008494,1040.8291049789404,-63.42089502105955
development,4.0,0.5,0.25,quarter,1.216198961378907e-09,1.356270213299495e-12,201.00477828691646,1040.8168034688044,63.43319653119559,0.0051352835760218,2.016970122881287,2.0300568357919344,4417.0,6.050597263130188e-10,6.747452597189207e-13,-0.012301510136008494,1040.8291049789404,-63.42089502105955
development,4.0,0.5,0.5,5minute,1.2165962130280268e-09,4.067617072758201e-12,201.00477828691646,2145.0824529113484,63.41754708865147,0.0014985521242281,2.01732586524182,2.0300568357919344,4417.0,6.052573592511537e-10,2.02364197877527e-12,-0.011967112317107542,2145.0944200236654,-63.40557997633459
development,4.0,0.5,0.5,envelope,1.2165962130280268e-09,0.0,201.00477828691646,2145.0824529113484,63.41754708865147,1.905142710256769e-13,2.01732586524182,2.0300568357919344,4417.0,6.052573592511537e-10,0.0,-0.011967112317107542,2145.0944200236654,-63.40557997633459
development,4.0,0.5,0.5,gross,1.2165962130280268e-09,0.0,201.00477828691646,2145.0824529113484,63.41754708865147,1.905142710256769e-13,2.01732586524182,2.0300568357919344,4417.0,6.052573592511537e-10,,-0.011967112317107542,2145.0944200236654,-63.40557997633459
development,4.0,0.5,0.5,minute,1.2165962130280268e-09,2.0214815263559348e-11,201.00477828691646,2145.0824529113484,63.41754708865147,0.0002186269989361,2.01732586524182,2.0300568357919344,4417.0,6.052573592511537e-10,1.005688294370022e-11,-0.011967112317107542,2145.0944200236654,-63.40557997633459
development,4.0,0.5,0.5,native,1.2165962130280268e-09,1.2165962130280268e-09,201.00477828691646,2145.0824529113484,63.41754708865147,0.0,2.01732586524182,2.0300568357919344,4417.0,6.052573592511537e-10,6.052573592511537e-10,-0.011967112317107542,2145.0944200236654,-63.40557997633459
development,4.0,0.5,0.5,quarter,1.2165962130280268e-09,1.353255685614776e-12,201.00477828691646,2145.0824529113484,63.41754708865147,0.0051352835760218,2.01732586524182,2.0300568357919344,4417.0,6.052573592511537e-10,6.732455303540713e-13,-0.011967112317107542,2145.0944200236654,-63.40557997633459
development,4.0,0.5,0.75,5minute,1.216653500267029e-09,4.068914623330686e-12,201.00477828691646,3249.33229494891,63.41770505108961,0.0014985521242281,2.01732586524182,2.0300568357919344,4417.0,6.052858596875564e-10,2.0242875109778098e-12,-0.011967112317107542,3249.3442620612273,-63.405737938772745
development,4.0,0.5,0.75,envelope,1.216653500267029e-09,0.0,201.00477828691646,3249.33229494891,63.41770505108961,1.905142710256769e-13,2.01732586524182,2.0300568357919344,4417.0,6.052858596875564e-10,0.0,-0.011967112317107542,3249.3442620612273,-63.405737938772745
development,4.0,0.5,0.75,gross,1.216653500267029e-09,0.0,201.00477828691646,3249.33229494891,63.41770505108961,1.905142710256769e-13,2.01732586524182,2.0300568357919344,4417.0,6.052858596875564e-10,,-0.011967112317107542,3249.3442620612273,-63.405737938772745
development,4.0,0.5,0.75,minute,1.216653500267029e-09,2.021020893040437e-11,201.00477828691646,3249.33229494891,63.41770505108961,0.0002186269989361,2.01732586524182,2.0300568357919344,4417.0,6.052858596875564e-10,1.0054591290141417e-11,-0.011967112317107542,3249.3442620612273,-63.405737938772745
development,4.0,0.5,0.75,native,1.216653500267029e-09,1.216653500267029e-09,201.00477828691646,3249.33229494891,63.41770505108961,0.0,2.01732586524182,2.0300568357919344,4417.0,6.052858596875564e-10,6.052858596875564e-10,-0.011967112317107542,3249.3442620612273,-63.405737938772745
development,4.0,0.5,0.75,quarter,1.216653500267029e-09,1.3528978887334604e-12,201.00477828691646,3249.33229494891,63.41770505108961,0.0051352835760218,2.01732586524182,2.0300568357919344,4417.0,6.052858596875564e-10,6.730675261870237e-13,-0.011967112317107542,3249.3442620612273,-63.405737938772745
development,4.0,0.75,0.25,5minute,1.2194418919150044e-09,4.040673919538331e-12,301.5071674303827,1008.8861097864715,95.36389021352859,0.00224782818638,2.0103273427184045,2.0450852536878497,4417.0,4.0444872415730235e-10,1.3401584957250853e-12,-0.032672436311278426,1008.9187822227827,-95.33121777721726
development,4.0,0.75,0.25,envelope,1.2194418919150044e-09,0.0,301.5071674303827,1008.8861097864715,95.36389021352859,1.9761969838327786e-13,2.0103273427184045,2.0450852536878497,4417.0,4.0444872415730235e-10,0.0,-0.032672436311278426,1008.9187822227827,-95.33121777721726
development,4.0,0.75,0.25,gross,1.2194418919150044e-09,0.0,301.5071674303827,1008.8861097864715,95.36389021352859,1.9761969838327786e-13,2.0103273427184045,2.0450852536878497,4417.0,4.0444872415730235e-10,,-0.032672436311278426,1008.9187822227827,-95.33121777721726
development,4.0,0.75,0.25,minute,1.2194418919150044e-09,2.0259732377611982e-11,301.5071674303827,1008.8861097864715,95.36389021352859,0.0003279416250339,2.0103273427184045,2.0450852536878497,4417.0,4.0444872415730235e-10,6.719486156921927e-12,-0.032672436311278426,1008.9187822227827,-95.33121777721726
development,4.0,0.75,0.25,native,1.2194418919150044e-09,1.2194418919150044e-09,301.5071674303827,1008.8861097864715,95.36389021352859,0.0,2.0103273427184045,2.0450852536878497,4417.0,4.0444872415730235e-10,4.0444872415730235e-10,-0.032672436311278426,1008.9187822227827,-95.33121777721726
development,4.0,0.75,0.25,quarter,1.2194418919150044e-09,1.3567255358867614e-12,301.5071674303827,1008.8861097864715,95.36389021352859,0.0077029253639686,2.0103273427184045,2.0450852536878497,4417.0,4.0444872415730235e-10,4.4998118865616226e-13,-0.032672436311278426,1008.9187822227827,-95.33121777721726
development,4.0,0.75,0.5,5minute,1.2194418919150044e-09,4.040673919538331e-12,301.5071674303827,2113.1361097864715,95.36389021352859,0.00224782818638,2.0103273427184045,2.0450852536878497,4417.0,4.0444872415730235e-10,1.3401584957250853e-12,-0.032672436311278426,2113.1687822227827,-95.33121777721726
development,4.0,0.75,0.5,envelope,1.2194418919150044e-09,0.0,301.5071674303827,2113.1361097864715,95.36389021352859,1.9761969838327786e-13,2.0103273427184045,2.0450852536878497,4417.0,4.0444872415730235e-10,0.0,-0.032672436311278426,2113.1687822227827,-95.33121777721726
development,4.0,0.75,0.5,gross,1.2194418919150044e-09,0.0,301.5071674303827,2113.1361097864715,95.36389021352859,1.9761969838327786e-13,2.0103273427184045,2.0450852536878497,4417.0,4.0444872415730235e-10,,-0.032672436311278426,2113.1687822227827,-95.33121777721726
development,4.0,0.75,0.5,minute,1.2194418919150044e-09,2.0259732377611982e-11,301.5071674303827,2113.1361097864715,95.36389021352859,0.0003279416250339,2.0103273427184045,2.0450852536878497,4417.0,4.0444872415730235e-10,6.719486156921927e-12,-0.032672436311278426,2113.1687822227827,-95.33121777721726
development,4.0,0.75,0.5,native,1.2194418919150044e-09,1.2194418919150044e-09,301.5071674303827,2113.1361097864715,95.36389021352859,0.0,2.0103273427184045,2.0450852536878497,4417.0,4.0444872415730235e-10,4.0444872415730235e-10,-0.032672436311278426,2113.1687822227827,-95.33121777721726
development,4.0,0.75,0.5,quarter,1.2194418919150044e-09,1.3567255358867614e-12,301.5071674303827,2113.1361097864715,95.36389021352859,0.0077029253639686,2.0103273427184045,2.0450852536878497,4417.0,4.0444872415730235e-10,4.4998118865616226e-13,-0.032672436311278426,2113.1687822227827,-95.33121777721726
development,4.0,0.75,0.75,5minute,1.2194418919150044e-09,4.040673919538331e-12,301.5071674303827,3217.3861097864715,95.36389021352859,0.00224782818638,2.0103273427184045,2.0450852536878497,4417.0,4.0444872415730235e-10,1.3401584957250853e-12,-0.032672436311278426,3217.4187822227827,-95.33121777721726
development,4.0,0.75,0.75,envelope,1.2194418919150044e-09,0.0,301.5071674303827,3217.3861097864715,95.36389021352859,1.9761969838327786e-13,2.0103273427184045,2.0450852536878497,4417.0,4.0444872415730235e-10,0.0,-0.032672436311278426,3217.4187822227827,-95.33121777721726
development,4.0,0.75,0.75,gross,1.2194418919150044e-09,0.0,301.5071674303827,3217.3861097864715,95.36389021352859,1.9761969838327786e-13,2.0103273427184045,2.0450852536878497,4417.0,4.0444872415730235e-10,,-0.032672436311278426,3217.4187822227827,-95.33121777721726
development,4.0,0.75,0.75,minute,1.2194418919150044e-09,2.0259732377611982e-11,301.5071674303827,3217.3861097864715,95.36389021352859,0.0003279416250339,2.0103273427184045,2.0450852536878497,4417.0,4.0444872415730235e-10,6.719486156921927e-12,-0.032672436311278426,3217.4187822227827,-95.33121777721726
development,4.0,0.75,0.75,native,1.2194418919150044e-09,1.2194418919150044e-09,301.5071674303827,3217.3861097864715,95.36389021352859,0.0,2.0103273427184045,2.0450852536878497,4417.0,4.0444872415730235e-10,4.0444872415730235e-10,-0.032672436311278426,3217.4187822227827,-95.33121777721726
development,4.0,0.75,0.75,quarter,1.2194418919150044e-09,1.3567255358867614e-12,301.5071674303827,3217.3861097864715,95.36389021352859,0.0077029253639686,2.0103273427184045,2.0450852536878497,4417.0,4.0444872415730235e-10,4.4998118865616226e-13,-0.032672436311278426,3217.4187822227827,-95.33121777721726
evaluation,0.25,0.25,0.25,5minute,0.6026466165100824,0.5856954200863693,145.60742940116907,1267.041390984929,4.708609015071037,0.0019919434749803,0.1400284178959303,0.1092485834101526,5087.0,0.41388452429148087,0.4022428130866149,0.03274450477210392,1267.0086464801568,-4.741353519843187
evaluation,0.25,0.25,0.25,envelope,0.6026466165100824,0.602646616416954,145.60742940116907,1267.041390984929,4.708609015071037,1.2101430968414206e-14,0.1400284178959303,0.1092485834101526,5087.0,0.41388452429148087,0.4138845242275223,0.03274450477210392,1267.0086464801568,-4.741353519843187
evaluation,0.25,0.25,0.25,gross,0.6026466165100824,0.0,145.60742940116907,1267.041390984929,4.708609015071037,0.0090825714899699,0.1400284178959303,0.1092485834101526,5087.0,0.41388452429148087,,0.03274450477210392,1267.0086464801568,-4.741353519843187
evaluation,0.25,0.25,0.25,minute,0.6026466165100824,0.6001200546721488,145.60742940116907,1267.041390984929,4.708609015071037,0.0002356147410695,0.1400284178959303,0.1092485834101526,5087.0,0.41388452429148087,0.4121493368437493,0.03274450477210392,1267.0086464801568,-4.741353519843187
evaluation,0.25,0.25,0.25,native,0.6026466165100824,0.6026466165100824,145.60742940116907,1267.041390984929,4.708609015071037,0.0,0.1400284178959303,0.1092485834101526,5087.0,0.41388452429148087,0.41388452429148087,0.03274450477210392,1267.0086464801568,-4.741353519843187
evaluation,0.25,0.25,0.25,quarter,0.6026466165100824,0.5462743343312574,145.60742940116907,1267.041390984929,4.708609015071037,0.0090825714899699,0.1400284178959303,0.1092485834101526,5087.0,0.41388452429148087,0.3751692730088616,0.03274450477210392,1267.0086464801568,-4.741353519843187
evaluation,0.25,0.25,0.5,5minute,0.6026466165100824,0.5856954200863693,145.60742940116907,2538.791390984929,4.708609015071037,0.0019919434749803,0.1400284178959303,0.1092485834101526,5087.0,0.41388452429148087,0.4022428130866149,0.03274450477210392,2538.758646480157,-4.74135351984296
evaluation,0.25,0.25,0.5,envelope,0.6026466165100824,0.602646616416954,145.60742940116907,2538.791390984929,4.708609015071037,1.2101430968414206e-14,0.1400284178959303,0.1092485834101526,5087.0,0.41388452429148087,0.4138845242275223,0.03274450477210392,2538.758646480157,-4.74135351984296
evaluation,0.25,0.25,0.5,gross,0.6026466165100824,0.0,145.60742940116907,2538.791390984929,4.708609015071037,0.0090825714899699,0.1400284178959303,0.1092485834101526,5087.0,0.41388452429148087,,0.03274450477210392,2538.758646480157,-4.74135351984296
evaluation,0.25,0.25,0.5,minute,0.6026466165100824,0.6001200546721488,145.60742940116907,2538.791390984929,4.708609015071037,0.0002356147410695,0.1400284178959303,0.1092485834101526,5087.0,0.41388452429148087,0.4121493368437493,0.03274450477210392,2538.758646480157,-4.74135351984296
evaluation,0.25,0.25,0.5,native,0.6026466165100824,0.6026466165100824,145.60742940116907,2538.791390984929,4.708609015071037,0.0,0.1400284178959303,0.1092485834101526,5087.0,0.41388452429148087,0.41388452429148087,0.03274450477210392,2538.758646480157,-4.74135351984296
evaluation,0.25,0.25,0.5,quarter,0.6026466165100824,0.5462743343312574,145.60742940116907,2538.791390984929,4.708609015071037,0.0090825714899699,0.1400284178959303,0.1092485834101526,5087.0,0.41388452429148087,0.3751692730088616,0.03274450477210392,2538.758646480157,-4.74135351984296
evaluation,0.25,0.25,0.75,5minute,0.6026466165100824,0.5856954200863693,145.60742940116907,3810.541390984929,4.708609015071037,0.0019919434749803,0.1400284178959303,0.1092485834101526,5087.0,0.41388452429148087,0.4022428130866149,0.03274450477210392,3810.508646480157,-4.74135351984296
evaluation,0.25,0.25,0.75,envelope,0.6026466165100824,0.602646616416954,145.60742940116907,3810.541390984929,4.708609015071037,1.2101430968414206e-14,0.1400284178959303,0.1092485834101526,5087.0,0.41388452429148087,0.4138845242275223,0.03274450477210392,3810.508646480157,-4.74135351984296
evaluation,0.25,0.25,0.75,gross,0.6026466165100824,0.0,145.60742940116907,3810.541390984929,4.708609015071037,0.0090825714899699,0.1400284178959303,0.1092485834101526,5087.0,0.41388452429148087,,0.03274450477210392,3810.508646480157,-4.74135351984296
evaluation,0.25,0.25,0.75,minute,0.6026466165100824,0.6001200546721488,145.60742940116907,3810.541390984929,4.708609015071037,0.0002356147410695,0.1400284178959303,0.1092485834101526,5087.0,0.41388452429148087,0.4121493368437493,0.03274450477210392,3810.508646480157,-4.74135351984296
evaluation,0.25,0.25,0.75,native,0.6026466165100824,0.6026466165100824,145.60742940116907,3810.541390984929,4.708609015071037,0.0,0.1400284178959303,0.1092485834101526,5087.0,0.41388452429148087,0.41388452429148087,0.03274450477210392,3810.508646480157,-4.74135351984296
evaluation,0.25,0.25,0.75,quarter,0.6026466165100824,0.5462743343312574,145.60742940116907,3810.541390984929,4.708609015071037,0.0090825714899699,0.1400284178959303,0.1092485834101526,5087.0,0.41388452429148087,0.3751692730088616,0.03274450477210392,3810.508646480157,-4.74135351984296
evaluation,0.25,0.5,0.25,5minute,19.21374065557466,18.678903837160327,291.21485880233814,1266.0802869428016,5.669713057198424,0.0068158483982993,0.1550568357918756,0.0934970913642348,5087.0,6.597788565663805,6.414131447131487,0.06548908981663915,1266.014797852985,-5.735202147014888
evaluation,0.25,0.5,0.25,envelope,19.21374065557466,19.213740655497944,291.21485880233814,1266.0802869428016,5.669713057198424,1.1962653090336062e-14,0.1550568357918756,0.0934970913642348,5087.0,6.597788565663805,6.597788565637461,0.06548908981663915,1266.014797852985,-5.735202147014888
evaluation,0.25,0.5,0.25,gross,19.21374065557466,0.0,291.21485880233814,1266.0802869428016,5.669713057198424,0.0189530694394385,0.1550568357918756,0.0934970913642348,5087.0,6.597788565663805,,0.06548908981663915,1266.014797852985,-5.735202147014888
evaluation,0.25,0.5,0.25,minute,19.21374065557466,19.136257233220594,291.21485880233814,1266.0802869428016,5.669713057198424,0.0013536350764613,0.1550568357918756,0.0934970913642348,5087.0,6.597788565663805,6.571181605197321,0.06548908981663915,1266.014797852985,-5.735202147014888
evaluation,0.25,0.5,0.25,native,19.21374065557466,19.21374065557466,291.21485880233814,1266.0802869428016,5.669713057198424,0.0,0.1550568357918756,0.0934970913642348,5087.0,6.597788565663805,6.597788565663805,0.06548908981663915,1266.014797852985,-5.735202147014888
evaluation,0.25,0.5,0.25,quarter,19.21374065557466,17.424374785644897,291.21485880233814,1266.0802869428016,5.669713057198424,0.0213462554301741,0.1550568357918756,0.0934970913642348,5087.0,6.597788565663805,5.9833398808374945,0.06548908981663915,1266.014797852985,-5.735202147014888
evaluation,0.25,0.5,0.5,5minute,19.21374065557466,18.678903837160327,291.21485880233814,2537.8302869428016,5.669713057198424,0.0068158483982993,0.1550568357918756,0.0934970913642348,5087.0,6.597788565663805,6.414131447131487,0.06548908981663915,2537.764797852985,-5.735202147015116
evaluation,0.25,0.5,0.5,envelope,19.21374065557466,19.213740655497944,291.21485880233814,2537.8302869428016,5.669713057198424,1.1962653090336062e-14,0.1550568357918756,0.0934970913642348,5087.0,6.597788565663805,6.597788565637461,0.06548908981663915,2537.764797852985,-5.735202147015116
evaluation,0.25,0.5,0.5,gross,19.21374065557466,0.0,291.21485880233814,2537.8302869428016,5.669713057198424,0.0189530694394385,0.1550568357918756,0.0934970913642348,5087.0,6.597788565663805,,0.06548908981663915,2537.764797852985,-5.735202147015116
evaluation,0.25,0.5,0.5,minute,19.21374065557466,19.136257233220594,291.21485880233814,2537.8302869428016,5.669713057198424,0.0013536350764613,0.1550568357918756,0.0934970913642348,5087.0,6.597788565663805,6.571181605197321,0.06548908981663915,2537.764797852985,-5.735202147015116
evaluation,0.25,0.5,0.5,native,19.21374065557466,19.21374065557466,291.21485880233814,2537.8302869428016,5.669713057198424,0.0,0.1550568357918756,0.0934970913642348,5087.0,6.597788565663805,6.597788565663805,0.06548908981663915,2537.764797852985,-5.735202147015116
evaluation,0.25,0.5,0.5,quarter,19.21374065557466,17.424374785644897,291.21485880233814,2537.8302869428016,5.669713057198424,0.0213462554301741,0.1550568357918756,0.0934970913642348,5087.0,6.597788565663805,5.9833398808374945,0.06548908981663915,2537.764797852985,-5.735202147015116
evaluation,0.25,0.5,0.75,5minute,19.21374065557466,18.678903837160327,291.21485880233814,3809.5802869428016,5.669713057198424,0.0068158483982993,0.1550568357918756,0.0934970913642348,5087.0,6.597788565663805,6.414131447131487,0.06548908981663915,3809.514797852985,-5.735202147015116
evaluation,0.25,0.5,0.75,envelope,19.21374065557466,19.213740655497944,291.21485880233814,3809.5802869428016,5.669713057198424,1.1962653090336062e-14,0.1550568357918756,0.0934970913642348,5087.0,6.597788565663805,6.597788565637461,0.06548908981663915,3809.514797852985,-5.735202147015116
evaluation,0.25,0.5,0.75,gross,19.21374065557466,0.0,291.21485880233814,3809.5802869428016,5.669713057198424,0.0189530694394385,0.1550568357918756,0.0934970913642348,5087.0,6.597788565663805,,0.06548908981663915,3809.514797852985,-5.735202147015116
evaluation,0.25,0.5,0.75,minute,19.21374065557466,19.136257233220594,291.21485880233814,3809.5802869428016,5.669713057198424,0.0013536350764613,0.1550568357918756,0.0934970913642348,5087.0,6.597788565663805,6.571181605197321,0.06548908981663915,3809.514797852985,-5.735202147015116
evaluation,0.25,0.5,0.75,native,19.21374065557466,19.21374065557466,291.21485880233814,3809.5802869428016,5.669713057198424,0.0,0.1550568357918756,0.0934970913642348,5087.0,6.597788565663805,6.597788565663805,0.06548908981663915,3809.514797852985,-5.735202147015116
evaluation,0.25,0.5,0.75,quarter,19.21374065557466,17.424374785644897,291.21485880233814,3809.5802869428016,5.669713057198424,0.0213462554301741,0.1550568357918756,0.0934970913642348,5087.0,6.597788565663805,5.9833398808374945,0.06548908981663915,3809.514797852985,-5.735202147015116
evaluation,0.25,0.75,0.25,5minute,67.28061360112169,65.67015162805376,436.8222882035208,1266.8310681802125,4.918931819787499,0.0080882732697021,0.1668618824138662,0.0797099174796295,5087.0,15.402284960737816,15.033608266219519,0.09271485631301779,1266.7383533238994,-5.011646676100554
evaluation,0.25,0.75,0.25,envelope,67.28061360112169,67.28061360106739,436.8222882035208,1266.8310681802125,4.918931819787499,1.2129186544029835e-14,0.1668618824138662,0.0797099174796295,5087.0,15.402284960737816,15.402284960725385,0.09271485631301779,1266.7383533238994,-5.011646676100554
evaluation,0.25,0.75,0.25,gross,67.28061360112169,0.0,436.8222882035208,1266.8310681802125,4.918931819787499,0.0319486104579773,0.1668618824138662,0.0797099174796295,5087.0,15.402284960737816,,0.09271485631301779,1266.7383533238994,-5.011646676100554
evaluation,0.25,0.75,0.25,minute,67.28061360112169,67.03978253792398,436.8222882035208,1266.8310681802125,4.918931819787499,0.0015412749271649,0.1668618824138662,0.0797099174796295,5087.0,15.402284960737816,15.347152457268693,0.09271485631301779,1266.7383533238994,-5.011646676100554
evaluation,0.25,0.75,0.25,native,67.28061360112169,67.28061360112169,436.8222882035208,1266.8310681802125,4.918931819787499,0.0,0.1668618824138662,0.0797099174796295,5087.0,15.402284960737816,15.402284960737816,0.09271485631301779,1266.7383533238994,-5.011646676100554
evaluation,0.25,0.75,0.25,quarter,67.28061360112169,62.00003706657453,436.8222882035208,1266.8310681802125,4.918931819787499,0.0348808713881164,0.1668618824138662,0.0797099174796295,5087.0,15.402284960737816,14.193423444933735,0.09271485631301779,1266.7383533238994,-5.011646676100554
evaluation,0.25,0.75,0.5,5minute,67.28061360112169,65.67015162805376,436.8222882035208,2538.5810681802127,4.918931819787499,0.0080882732697021,0.1668618824138662,0.0797099174796295,5087.0,15.402284960737816,15.033608266219519,0.09271485631301779,2538.4883533239,-5.011646676100099
evaluation,0.25,0.75,0.5,envelope,67.28061360112169,67.28061360106739,436.8222882035208,2538.5810681802127,4.918931819787499,1.2129186544029835e-14,0.1668618824138662,0.0797099174796295,5087.0,15.402284960737816,15.402284960725385,0.09271485631301779,2538.4883533239,-5.011646676100099
evaluation,0.25,0.75,0.5,gross,67.28061360112169,0.0,436.8222882035208,2538.5810681802127,4.918931819787499,0.0319486104579773,0.1668618824138662,0.0797099174796295,5087.0,15.402284960737816,,0.09271485631301779,2538.4883533239,-5.011646676100099
evaluation,0.25,0.75,0.5,minute,67.28061360112169,67.03978253792398,436.8222882035208,2538.5810681802127,4.918931819787499,0.0015412749271649,0.1668618824138662,0.0797099174796295,5087.0,15.402284960737816,15.347152457268693,0.09271485631301779,2538.4883533239,-5.011646676100099
evaluation,0.25,0.75,0.5,native,67.28061360112169,67.28061360112169,436.8222882035208,2538.5810681802127,4.918931819787499,0.0,0.1668618824138662,0.0797099174796295,5087.0,15.402284960737816,15.402284960737816,0.09271485631301779,2538.4883533239,-5.011646676100099
evaluation,0.25,0.75,0.5,quarter,67.28061360112169,62.00003706657453,436.8222882035208,2538.5810681802127,4.918931819787499,0.0348808713881164,0.1668618824138662,0.0797099174796295,5087.0,15.402284960737816,14.193423444933735,0.09271485631301779,2538.4883533239,-5.011646676100099
evaluation,0.25,0.75,0.75,5minute,67.28061360112169,65.67015162805376,436.8222882035208,3810.3310681802127,4.918931819787499,0.0080882732697021,0.1668618824138662,0.0797099174796295,5087.0,15.402284960737816,15.033608266219519,0.09271485631301779,3810.2383533239,-5.011646676100099
evaluation,0.25,0.75,0.75,envelope,67.28061360112169,67.28061360106739,436.8222882035208,3810.3310681802127,4.918931819787499,1.2129186544029835e-14,0.1668618824138662,0.0797099174796295,5087.0,15.402284960737816,15.402284960725385,0.09271485631301779,3810.2383533239,-5.011646676100099
evaluation,0.25,0.75,0.75,gross,67.28061360112169,0.0,436.8222882035208,3810.3310681802127,4.918931819787499,0.0319486104579773,0.1668618824138662,0.0797099174796295,5087.0,15.402284960737816,,0.09271485631301779,3810.2383533239,-5.011646676100099
evaluation,0.25,0.75,0.75,minute,67.28061360112169,67.03978253792398,436.8222882035208,3810.3310681802127,4.918931819787499,0.0015412749271649,0.1668618824138662,0.0797099174796295,5087.0,15.402284960737816,15.347152457268693,0.09271485631301779,3810.2383533239,-5.011646676100099
evaluation,0.25,0.75,0.75,native,67.28061360112169,67.28061360112169,436.8222882035208,3810.3310681802127,4.918931819787499,0.0,0.1668618824138662,0.0797099174796295,5087.0,15.402284960737816,15.402284960737816,0.09271485631301779,3810.2383533239,-5.011646676100099
evaluation,0.25,0.75,0.75,quarter,67.28061360112169,62.00003706657453,436.8222882035208,3810.3310681802127,4.918931819787499,0.0348808713881164,0.1668618824138662,0.0797099174796295,5087.0,15.402284960737816,14.193423444933735,0.09271485631301779,3810.2383533239,-5.011646676100099
evaluation,0.5,0.25,0.25,5minute,1.8862815778879815e-10,6.264058117787562e-13,145.60742940116907,1266.8480046109876,4.901995389012306,0.0005936771732337,0.2650284178959204,0.2342485834101503,5087.0,1.2954569596109062e-10,4.3020182030198446e-13,0.032744504772095846,1266.8152601062154,-4.934739893784581
evaluation,0.5,0.25,0.25,envelope,1.8862815778879815e-10,0.0,145.60742940116907,1266.8480046109876,4.901995389012306,2.398081733190338e-14,0.2650284178959204,0.2342485834101503,5087.0,1.2954569596109062e-10,0.0,0.032744504772095846,1266.8152601062154,-4.934739893784581
evaluation,0.5,0.25,0.25,gross,1.8862815778879815e-10,0.0,145.60742940116907,1266.8480046109876,4.901995389012306,2.398081733190338e-14,0.2650284178959204,0.2342485834101503,5087.0,1.2954569596109062e-10,,0.032744504772095846,1266.8152601062154,-4.934739893784581
evaluation,0.5,0.25,0.25,minute,1.8862815778879815e-10,3.1507579909455573e-12,145.60742940116907,1266.8480046109876,4.901995389012306,0.0001450419392362,0.2650284178959204,0.2342485834101503,5087.0,1.2954569596109062e-10,2.1638717226885265e-12,0.032744504772095846,1266.8152601062154,-4.934739893784581
evaluation,0.5,0.25,0.25,native,1.8862815778879815e-10,1.8862815778879815e-10,145.60742940116907,1266.8480046109876,4.901995389012306,0.0,0.2650284178959204,0.2342485834101503,5087.0,1.2954569596109062e-10,1.2954569596109062e-10,0.032744504772095846,1266.8152601062154,-4.934739893784581
evaluation,0.5,0.25,0.25,quarter,1.8862815778879815e-10,2.118321216446795e-13,145.60742940116907,1266.8480046109876,4.901995389012306,0.0022745143874715,0.2650284178959204,0.2342485834101503,5087.0,1.2954569596109062e-10,1.454816711728713e-13,0.032744504772095846,1266.8152601062154,-4.934739893784581
evaluation,0.5,0.25,0.5,5minute,1.8862815778879815e-10,6.264058117787562e-13,145.60742940116907,2538.598004610988,4.901995389012306,0.0005936771732337,0.2650284178959204,0.2342485834101503,5087.0,1.2954569596109062e-10,4.3020182030198446e-13,0.032744504772095846,2538.565260106216,-4.934739893783899
evaluation,0.5,0.25,0.5,envelope,1.8862815778879815e-10,0.0,145.60742940116907,2538.598004610988,4.901995389012306,2.398081733190338e-14,0.2650284178959204,0.2342485834101503,5087.0,1.2954569596109062e-10,0.0,0.032744504772095846,2538.565260106216,-4.934739893783899
evaluation,0.5,0.25,0.5,gross,1.8862815778879815e-10,0.0,145.60742940116907,2538.598004610988,4.901995389012306,2.398081733190338e-14,0.2650284178959204,0.2342485834101503,5087.0,1.2954569596109062e-10,,0.032744504772095846,2538.565260106216,-4.934739893783899
evaluation,0.5,0.25,0.5,minute,1.8862815778879815e-10,3.1507579909455573e-12,145.60742940116907,2538.598004610988,4.901995389012306,0.0001450419392362,0.2650284178959204,0.2342485834101503,5087.0,1.2954569596109062e-10,2.1638717226885265e-12,0.032744504772095846,2538.565260106216,-4.934739893783899
evaluation,0.5,0.25,0.5,native,1.8862815778879815e-10,1.8862815778879815e-10,145.60742940116907,2538.598004610988,4.901995389012306,0.0,0.2650284178959204,0.2342485834101503,5087.0,1.2954569596109062e-10,1.2954569596109062e-10,0.032744504772095846,2538.565260106216,-4.934739893783899
evaluation,0.5,0.25,0.5,quarter,1.8862815778879815e-10,2.118321216446795e-13,145.60742940116907,2538.598004610988,4.901995389012306,0.0022745143874715,0.2650284178959204,0.2342485834101503,5087.0,1.2954569596109062e-10,1.454816711728713e-13,0.032744504772095846,2538.565260106216,-4.934739893783899
evaluation,0.5,0.25,0.75,5minute,1.8862815778879815e-10,6.264058117787562e-13,145.60742940116907,3810.3480046109876,4.901995389012306,0.0005936771732337,0.2650284178959204,0.2342485834101503,5087.0,1.2954569596109062e-10,4.3020182030198446e-13,0.032744504772095846,3810.3152601062156,-4.934739893784354
evaluation,0.5,0.25,0.75,envelope,1.8862815778879815e-10,0.0,145.60742940116907,3810.3480046109876,4.901995389012306,2.398081733190338e-14,0.2650284178959204,0.2342485834101503,5087.0,1.2954569596109062e-10,0.0,0.032744504772095846,3810.3152601062156,-4.934739893784354
evaluation,0.5,0.25,0.75,gross,1.8862815778879815e-10,0.0,145.60742940116907,3810.3480046109876,4.901995389012306,2.398081733190338e-14,0.2650284178959204,0.2342485834101503,5087.0,1.2954569596109062e-10,,0.032744504772095846,3810.3152601062156,-4.934739893784354
evaluation,0.5,0.25,0.75,minute,1.8862815778879815e-10,3.1507579909455573e-12,145.60742940116907,3810.3480046109876,4.901995389012306,0.0001450419392362,0.2650284178959204,0.2342485834101503,5087.0,1.2954569596109062e-10,2.1638717226885265e-12,0.032744504772095846,3810.3152601062156,-4.934739893784354
evaluation,0.5,0.25,0.75,native,1.8862815778879815e-10,1.8862815778879815e-10,145.60742940116907,3810.3480046109876,4.901995389012306,0.0,0.2650284178959204,0.2342485834101503,5087.0,1.2954569596109062e-10,1.2954569596109062e-10,0.032744504772095846,3810.3152601062156,-4.934739893784354
evaluation,0.5,0.25,0.75,quarter,1.8862815778879815e-10,2.118321216446795e-13,145.60742940116907,3810.3480046109876,4.901995389012306,0.0022745143874715,0.2650284178959204,0.2342485834101503,5087.0,1.2954569596109062e-10,1.454816711728713e-13,0.032744504772095846,3810.3152601062156,-4.934739893784354
evaluation,0.5,0.5,0.25,5minute,1.205293233020166,1.1713908401727393,291.21485880233814,1262.332781969858,9.417218030142074,0.0039838869499607,0.2800568357918607,0.2184971668203053,5087.0,0.4138845242914812,0.4022428130866152,0.06548900954420787,1262.2672929603136,-9.482707039686375
evaluation,0.5,0.5,0.25,envelope,1.205293233020166,1.2052932328339088,291.21485880233814,1262.332781969858,9.417218030142074,2.4202861936828413e-14,0.2800568357918607,0.2184971668203053,5087.0,0.4138845242914812,0.41388452422752253,0.06548900954420787,1262.2672929603136,-9.482707039686375
evaluation,0.5,0.5,0.25,gross,1.205293233020166,0.0,291.21485880233814,1262.332781969858,9.417218030142074,0.0181651429799398,0.2800568357918607,0.2184971668203053,5087.0,0.4138845242914812,,0.06548900954420787,1262.2672929603136,-9.482707039686375
evaluation,0.5,0.5,0.25,minute,1.205293233020166,1.2002401093442987,291.21485880233814,1262.332781969858,9.417218030142074,0.000471229482139,0.2800568357918607,0.2184971668203053,5087.0,0.4138845242914812,0.4121493368437497,0.06548900954420787,1262.2672929603136,-9.482707039686375
evaluation,0.5,0.5,0.25,native,1.205293233020166,1.205293233020166,291.21485880233814,1262.332781969858,9.417218030142074,0.0,0.2800568357918607,0.2184971668203053,5087.0,0.4138845242914812,0.4138845242914812,0.06548900954420787,1262.2672929603136,-9.482707039686375
evaluation,0.5,0.5,0.25,quarter,1.205293233020166,1.0925486686625154,291.21485880233814,1262.332781969858,9.417218030142074,0.0181651429799398,0.2800568357918607,0.2184971668203053,5087.0,0.4138845242914812,0.3751692730088618,0.06548900954420787,1262.2672929603136,-9.482707039686375
evaluation,0.5,0.5,0.5,5minute,1.205293233020166,1.1713908401727393,291.21485880233814,2534.082781969858,9.417218030142074,0.0039838869499607,0.2800568357918607,0.2184971668203053,5087.0,0.4138845242914812,0.4022428130866152,0.06548900954420787,2534.0172929603136,-9.482707039686375
evaluation,0.5,0.5,0.5,envelope,1.205293233020166,1.2052932328339088,291.21485880233814,2534.082781969858,9.417218030142074,2.4202861936828413e-14,0.2800568357918607,0.2184971668203053,5087.0,0.4138845242914812,0.41388452422752253,0.06548900954420787,2534.0172929603136,-9.482707039686375
evaluation,0.5,0.5,0.5,gross,1.205293233020166,0.0,291.21485880233814,2534.082781969858,9.417218030142074,0.0181651429799398,0.2800568357918607,0.2184971668203053,5087.0,0.4138845242914812,,0.06548900954420787,2534.0172929603136,-9.482707039686375
evaluation,0.5,0.5,0.5,minute,1.205293233020166,1.2002401093442987,291.21485880233814,2534.082781969858,9.417218030142074,0.000471229482139,0.2800568357918607,0.2184971668203053,5087.0,0.4138845242914812,0.4121493368437497,0.06548900954420787,2534.0172929603136,-9.482707039686375
evaluation,0.5,0.5,0.5,native,1.205293233020166,1.205293233020166,291.21485880233814,2534.082781969858,9.417218030142074,0.0,0.2800568357918607,0.2184971668203053,5087.0,0.4138845242914812,0.4138845242914812,0.06548900954420787,2534.0172929603136,-9.482707039686375
evaluation,0.5,0.5,0.5,quarter,1.205293233020166,1.0925486686625154,291.21485880233814,2534.082781969858,9.417218030142074,0.0181651429799398,0.2800568357918607,0.2184971668203053,5087.0,0.4138845242914812,0.3751692730088618,0.06548900954420787,2534.0172929603136,-9.482707039686375
evaluation,0.5,0.5,0.75,5minute,1.205293233020166,1.1713908401727393,291.21485880233814,3805.832781969858,9.417218030142074,0.0039838869499607,0.2800568357918607,0.2184971668203053,5087.0,0.4138845242914812,0.4022428130866152,0.06548900954420787,3805.7672929603136,-9.482707039686375
evaluation,0.5,0.5,0.75,envelope,1.205293233020166,1.2052932328339088,291.21485880233814,3805.832781969858,9.417218030142074,2.4202861936828413e-14,0.2800568357918607,0.2184971668203053,5087.0,0.4138845242914812,0.41388452422752253,0.06548900954420787,3805.7672929603136,-9.482707039686375
evaluation,0.5,0.5,0.75,gross,1.205293233020166,0.0,291.21485880233814,3805.832781969858,9.417218030142074,0.0181651429799398,0.2800568357918607,0.2184971668203053,5087.0,0.4138845242914812,,0.06548900954420787,3805.7672929603136,-9.482707039686375
evaluation,0.5,0.5,0.75,minute,1.205293233020166,1.2002401093442987,291.21485880233814,3805.832781969858,9.417218030142074,0.000471229482139,0.2800568357918607,0.2184971668203053,5087.0,0.4138845242914812,0.4121493368437497,0.06548900954420787,3805.7672929603136,-9.482707039686375
evaluation,0.5,0.5,0.75,native,1.205293233020166,1.205293233020166,291.21485880233814,3805.832781969858,9.417218030142074,0.0,0.2800568357918607,0.2184971668203053,5087.0,0.4138845242914812,0.4138845242914812,0.06548900954420787,3805.7672929603136,-9.482707039686375
evaluation,0.5,0.5,0.75,quarter,1.205293233020166,1.0925486686625154,291.21485880233814,3805.832781969858,9.417218030142074,0.0181651429799398,0.2800568357918607,0.2184971668203053,5087.0,0.4138845242914812,0.3751692730088618,0.06548900954420787,3805.7672929603136,-9.482707039686375
evaluation,0.5,0.75,0.25,5minute,11.611864477015118,11.222133861994415,436.8222882035208,1260.2517724117579,11.498227588241974,0.0126595548024794,0.2950852536878087,0.2027457502304922,5087.0,2.6582582415311666,2.5690387521540305,0.09823351431629414,1260.1535388974416,-11.59646110255835
evaluation,0.5,0.75,0.25,envelope,11.611864477015118,11.61186447683969,436.8222882035208,1260.2517724117579,11.498227588241974,2.475797344914099e-14,0.2950852536878087,0.2027457502304922,5087.0,2.6582582415311666,2.6582582414910068,0.09823351431629414,1260.1535388974416,-11.59646110255835
evaluation,0.5,0.75,0.25,gross,11.611864477015118,0.0,436.8222882035208,1260.2517724117579,11.498227588241974,0.0346354130359248,0.2950852536878087,0.2027457502304922,5087.0,2.6582582415311666,,0.09823351431629414,1260.1535388974416,-11.59646110255835
evaluation,0.5,0.75,0.25,minute,11.611864477015118,11.563323112811261,436.8222882035208,1260.2517724117579,11.498227588241974,0.0012657569384955,0.2950852536878087,0.2027457502304922,5087.0,2.6582582415311666,2.6471458588724226,0.09823351431629414,1260.1535388974416,-11.59646110255835
evaluation,0.5,0.75,0.25,native,11.611864477015118,11.611864477015118,436.8222882035208,1260.2517724117579,11.498227588241974,0.0,0.2950852536878087,0.2027457502304922,5087.0,2.6582582415311666,2.6582582415311666,0.09823351431629414,1260.1535388974416,-11.59646110255835
evaluation,0.5,0.75,0.25,quarter,11.611864477015118,10.351533477025228,436.8222882035208,1260.2517724117579,11.498227588241974,0.0346354130359248,0.2950852536878087,0.2027457502304922,5087.0,2.6582582415311666,2.3697356468684405,0.09823351431629414,1260.1535388974416,-11.59646110255835
evaluation,0.5,0.75,0.5,5minute,11.611864477015118,11.222133861994415,436.8222882035208,2532.001772411758,11.498227588241974,0.0126595548024794,0.2950852536878087,0.2027457502304922,5087.0,2.6582582415311666,2.5690387521540305,0.09823351431629414,2531.9035388974416,-11.59646110255835
evaluation,0.5,0.75,0.5,envelope,11.611864477015118,11.61186447683969,436.8222882035208,2532.001772411758,11.498227588241974,2.475797344914099e-14,0.2950852536878087,0.2027457502304922,5087.0,2.6582582415311666,2.6582582414910068,0.09823351431629414,2531.9035388974416,-11.59646110255835
evaluation,0.5,0.75,0.5,gross,11.611864477015118,0.0,436.8222882035208,2532.001772411758,11.498227588241974,0.0346354130359248,0.2950852536878087,0.2027457502304922,5087.0,2.6582582415311666,,0.09823351431629414,2531.9035388974416,-11.59646110255835
evaluation,0.5,0.75,0.5,minute,11.611864477015118,11.563323112811261,436.8222882035208,2532.001772411758,11.498227588241974,0.0012657569384955,0.2950852536878087,0.2027457502304922,5087.0,2.6582582415311666,2.6471458588724226,0.09823351431629414,2531.9035388974416,-11.59646110255835
evaluation,0.5,0.75,0.5,native,11.611864477015118,11.611864477015118,436.8222882035208,2532.001772411758,11.498227588241974,0.0,0.2950852536878087,0.2027457502304922,5087.0,2.6582582415311666,2.6582582415311666,0.09823351431629414,2531.9035388974416,-11.59646110255835
evaluation,0.5,0.75,0.5,quarter,11.611864477015118,10.351533477025228,436.8222882035208,2532.001772411758,11.498227588241974,0.0346354130359248,0.2950852536878087,0.2027457502304922,5087.0,2.6582582415311666,2.3697356468684405,0.09823351431629414,2531.9035388974416,-11.59646110255835
evaluation,0.5,0.75,0.75,5minute,11.611864477015118,11.222133861994415,436.8222882035208,3803.7517724117583,11.498227588241974,0.0126595548024794,0.2950852536878087,0.2027457502304922,5087.0,2.6582582415311666,2.5690387521540305,0.09823351431629414,3803.653538897442,-11.596461102557896
evaluation,0.5,0.75,0.75,envelope,11.611864477015118,11.61186447683969,436.8222882035208,3803.7517724117583,11.498227588241974,2.475797344914099e-14,0.2950852536878087,0.2027457502304922,5087.0,2.6582582415311666,2.6582582414910068,0.09823351431629414,3803.653538897442,-11.596461102557896
evaluation,0.5,0.75,0.75,gross,11.611864477015118,0.0,436.8222882035208,3803.7517724117583,11.498227588241974,0.0346354130359248,0.2950852536878087,0.2027457502304922,5087.0,2.6582582415311666,,0.09823351431629414,3803.653538897442,-11.596461102557896
evaluation,0.5,0.75,0.75,minute,11.611864477015118,11.563323112811261,436.8222882035208,3803.7517724117583,11.498227588241974,0.0012657569384955,0.2950852536878087,0.2027457502304922,5087.0,2.6582582415311666,2.6471458588724226,0.09823351431629414,3803.653538897442,-11.596461102557896
evaluation,0.5,0.75,0.75,native,11.611864477015118,11.611864477015118,436.8222882035208,3803.7517724117583,11.498227588241974,0.0,0.2950852536878087,0.2027457502304922,5087.0,2.6582582415311666,2.6582582415311666,0.09823351431629414,3803.653538897442,-11.596461102557896
evaluation,0.5,0.75,0.75,quarter,11.611864477015118,10.351533477025228,436.8222882035208,3803.7517724117583,11.498227588241974,0.0346354130359248,0.2950852536878087,0.2027457502304922,5087.0,2.6582582415311666,2.3697356468684405,0.09823351431629414,3803.653538897442,-11.596461102557896
evaluation,1.0,0.25,0.25,5minute,3.776972607003847e-10,1.257015038408574e-12,145.60742940116907,1266.8480046109864,4.901995389013539,0.0005936771732339,0.5150284178959427,0.484248583410149,5087.0,2.5939422339486215e-10,8.632904540504727e-13,0.032744504772120944,1266.8152601062143,-4.934739893785718
evaluation,1.0,0.25,0.25,envelope,3.776972607003847e-10,0.0,145.60742940116907,1266.8480046109864,4.901995389013539,4.918287999089444e-14,0.5150284178959427,0.484248583410149,5087.0,2.5939422339486215e-10,0.0,0.032744504772120944,1266.8152601062143,-4.934739893785718
evaluation,1.0,0.25,0.25,gross,3.776972607003847e-10,0.0,145.60742940116907,1266.8480046109864,4.901995389013539,4.918287999089444e-14,0.5150284178959427,0.484248583410149,5087.0,2.5939422339486215e-10,,0.032744504772120944,1266.8152601062143,-4.934739893785718
evaluation,1.0,0.25,0.25,minute,3.776972607003847e-10,6.283518954525446e-12,145.60742940116907,1266.8480046109864,4.901995389013539,0.0001450419392377,0.5150284178959427,0.484248583410149,5087.0,2.5939422339486215e-10,4.315383480339772e-12,0.032744504772120944,1266.8152601062143,-4.934739893785718
evaluation,1.0,0.25,0.25,native,3.776972607003847e-10,3.776972607003847e-10,145.60742940116907,1266.8480046109864,4.901995389013539,0.0,0.5150284178959427,0.484248583410149,5087.0,2.5939422339486215e-10,2.5939422339486215e-10,0.032744504772120944,1266.8152601062143,-4.934739893785718
evaluation,1.0,0.25,0.25,quarter,3.776972607003847e-10,4.2110867315439007e-13,145.60742940116907,1266.8480046109864,4.901995389013539,0.0022745143874728,0.5150284178959427,0.484248583410149,5087.0,2.5939422339486215e-10,2.892082326336358e-13,0.032744504772120944,1266.8152601062143,-4.934739893785718
evaluation,1.0,0.25,0.5,5minute,3.776972607003847e-10,1.257015038408574e-12,145.60742940116907,2538.5980046109867,4.901995389013539,0.0005936771732339,0.5150284178959427,0.484248583410149,5087.0,2.5939422339486215e-10,8.632904540504727e-13,0.032744504772120944,2538.5652601062147,-4.934739893785263
evaluation,1.0,0.25,0.5,envelope,3.776972607003847e-10,0.0,145.60742940116907,2538.5980046109867,4.901995389013539,4.918287999089444e-14,0.5150284178959427,0.484248583410149,5087.0,2.5939422339486215e-10,0.0,0.032744504772120944,2538.5652601062147,-4.934739893785263
evaluation,1.0,0.25,0.5,gross,3.776972607003847e-10,0.0,145.60742940116907,2538.5980046109867,4.901995389013539,4.918287999089444e-14,0.5150284178959427,0.484248583410149,5087.0,2.5939422339486215e-10,,0.032744504772120944,2538.5652601062147,-4.934739893785263
evaluation,1.0,0.25,0.5,minute,3.776972607003847e-10,6.283518954525446e-12,145.60742940116907,2538.5980046109867,4.901995389013539,0.0001450419392377,0.5150284178959427,0.484248583410149,5087.0,2.5939422339486215e-10,4.315383480339772e-12,0.032744504772120944,2538.5652601062147,-4.934739893785263
evaluation,1.0,0.25,0.5,native,3.776972607003847e-10,3.776972607003847e-10,145.60742940116907,2538.5980046109867,4.901995389013539,0.0,0.5150284178959427,0.484248583410149,5087.0,2.5939422339486215e-10,2.5939422339486215e-10,0.032744504772120944,2538.5652601062147,-4.934739893785263
evaluation,1.0,0.25,0.5,quarter,3.776972607003847e-10,4.2110867315439007e-13,145.60742940116907,2538.5980046109867,4.901995389013539,0.0022745143874728,0.5150284178959427,0.484248583410149,5087.0,2.5939422339486215e-10,2.892082326336358e-13,0.032744504772120944,2538.5652601062147,-4.934739893785263
evaluation,1.0,0.25,0.75,5minute,3.776972607003847e-10,1.257015038408574e-12,145.60742940116907,3810.348004610986,4.901995389013539,0.0005936771732339,0.5150284178959427,0.484248583410149,5087.0,2.5939422339486215e-10,8.632904540504727e-13,0.032744504772120944,3810.3152601062143,-4.934739893785718
evaluation,1.0,0.25,0.75,envelope,3.776972607003847e-10,0.0,145.60742940116907,3810.348004610986,4.901995389013539,4.918287999089444e-14,0.5150284178959427,0.484248583410149,5087.0,2.5939422339486215e-10,0.0,0.032744504772120944,3810.3152601062143,-4.934739893785718
evaluation,1.0,0.25,0.75,gross,3.776972607003847e-10,0.0,145.60742940116907,3810.348004610986,4.901995389013539,4.918287999089444e-14,0.5150284178959427,0.484248583410149,5087.0,2.5939422339486215e-10,,0.032744504772120944,3810.3152601062143,-4.934739893785718
evaluation,1.0,0.25,0.75,minute,3.776972607003847e-10,6.283518954525446e-12,145.60742940116907,3810.348004610986,4.901995389013539,0.0001450419392377,0.5150284178959427,0.484248583410149,5087.0,2.5939422339486215e-10,4.315383480339772e-12,0.032744504772120944,3810.3152601062143,-4.934739893785718
evaluation,1.0,0.25,0.75,native,3.776972607003847e-10,3.776972607003847e-10,145.60742940116907,3810.348004610986,4.901995389013539,0.0,0.5150284178959427,0.484248583410149,5087.0,2.5939422339486215e-10,2.5939422339486215e-10,0.032744504772120944,3810.3152601062143,-4.934739893785718
evaluation,1.0,0.25,0.75,quarter,3.776972607003847e-10,4.2110867315439007e-13,145.60742940116907,3810.348004610986,4.901995389013539,0.0022745143874728,0.5150284178959427,0.484248583410149,5087.0,2.5939422339486215e-10,2.892082326336358e-13,0.032744504772120944,3810.3152601062143,-4.934739893785718
evaluation,1.0,0.5,0.25,5minute,3.770457562978488e-10,1.2546241950082283e-12,291.21485880233814,1261.9338195153464,9.816180484653705,0.0011873543464674,0.5300568357918409,0.4684971668203006,5087.0,1.2947339220550153e-10,4.3082423752965284e-13,0.06548900954419182,1261.8683305058023,-9.881669494197695
evaluation,1.0,0.5,0.25,envelope,3.770457562978488e-10,0.0,291.21485880233814,1261.9338195153464,9.816180484653705,4.796163466380676e-14,0.5300568357918409,0.4684971668203006,5087.0,1.2947339220550153e-10,0.0,0.06548900954419182,1261.8683305058023,-9.881669494197695
evaluation,1.0,0.5,0.25,gross,3.770457562978488e-10,0.0,291.21485880233814,1261.9338195153464,9.816180484653705,4.796163466380676e-14,0.5300568357918409,0.4684971668203006,5087.0,1.2947339220550153e-10,,0.06548900954419182,1261.8683305058023,-9.881669494197695
evaluation,1.0,0.5,0.25,minute,3.770457562978488e-10,6.29983805101428e-12,291.21485880233814,1261.9338195153464,9.816180484653705,0.0002900838784724,0.5300568357918409,0.4684971668203006,5087.0,1.2947339220550153e-10,2.163295539562523e-12,0.06548900954419182,1261.8683305058023,-9.881669494197695
evaluation,1.0,0.5,0.25,native,3.770457562978488e-10,3.770457562978488e-10,291.21485880233814,1261.9338195153464,9.816180484653705,0.0,0.5300568357918409,0.4684971668203006,5087.0,1.2947339220550153e-10,1.2947339220550153e-10,0.06548900954419182,1261.8683305058023,-9.881669494197695
evaluation,1.0,0.5,0.25,quarter,3.770457562978488e-10,4.2451160488539685e-13,291.21485880233814,1261.9338195153464,9.816180484653705,0.0045490293043013,0.5300568357918409,0.4684971668203006,5087.0,1.2947339220550153e-10,1.4577264588464345e-13,0.06548900954419182,1261.8683305058023,-9.881669494197695
evaluation,1.0,0.5,0.5,5minute,3.772563155775963e-10,1.2528116235575124e-12,291.21485880233814,2533.696009221975,9.80399077802461,0.0011873543464674,0.5300568357918409,0.4684971668203006,5087.0,1.2954569596109062e-10,4.3020182030198446e-13,0.06548900954419182,2533.630520212431,-9.869479787569162
evaluation,1.0,0.5,0.5,envelope,3.772563155775963e-10,0.0,291.21485880233814,2533.696009221975,9.80399077802461,4.796163466380676e-14,0.5300568357918409,0.4684971668203006,5087.0,1.2954569596109062e-10,0.0,0.06548900954419182,2533.630520212431,-9.869479787569162
evaluation,1.0,0.5,0.5,gross,3.772563155775963e-10,0.0,291.21485880233814,2533.696009221975,9.80399077802461,4.796163466380676e-14,0.5300568357918409,0.4684971668203006,5087.0,1.2954569596109062e-10,,0.06548900954419182,2533.630520212431,-9.869479787569162
evaluation,1.0,0.5,0.5,minute,3.772563155775963e-10,6.3015159818911145e-12,291.21485880233814,2533.696009221975,9.80399077802461,0.0002900838784724,0.5300568357918409,0.4684971668203006,5087.0,1.2954569596109062e-10,2.1638717226885265e-12,0.06548900954419182,2533.630520212431,-9.869479787569162
evaluation,1.0,0.5,0.5,native,3.772563155775963e-10,3.772563155775963e-10,291.21485880233814,2533.696009221975,9.80399077802461,0.0,0.5300568357918409,0.4684971668203006,5087.0,1.2954569596109062e-10,1.2954569596109062e-10,0.06548900954419182,2533.630520212431,-9.869479787569162
evaluation,1.0,0.5,0.5,quarter,3.772563155775963e-10,4.23664243289359e-13,291.21485880233814,2533.696009221975,9.80399077802461,0.004549028774943,0.5300568357918409,0.4684971668203006,5087.0,1.2954569596109062e-10,1.454816711728713e-13,0.06548900954419182,2533.630520212431,-9.869479787569162
evaluation,1.0,0.5,0.75,5minute,3.772909981726898e-10,1.2528344773534623e-12,291.21485880233814,3805.4351751450945,9.814824854905433,0.0011873543464674,0.5300568357918409,0.4684971668203006,5087.0,1.295576055852204e-10,4.302096680457582e-13,0.06548900954419182,3805.36968613555,-9.880313864449818
evaluation,1.0,0.5,0.75,envelope,3.772909981726898e-10,0.0,291.21485880233814,3805.4351751450945,9.814824854905433,4.796163466380676e-14,0.5300568357918409,0.4684971668203006,5087.0,1.295576055852204e-10,0.0,0.06548900954419182,3805.36968613555,-9.880313864449818
evaluation,1.0,0.5,0.75,gross,3.772909981726898e-10,0.0,291.21485880233814,3805.4351751450945,9.814824854905433,4.796163466380676e-14,0.5300568357918409,0.4684971668203006,5087.0,1.295576055852204e-10,,0.06548900954419182,3805.36968613555,-9.880313864449818
evaluation,1.0,0.5,0.75,minute,3.772909981726898e-10,6.301332700570233e-12,291.21485880233814,3805.4351751450945,9.814824854905433,0.0002900838784724,0.5300568357918409,0.4684971668203006,5087.0,1.295576055852204e-10,2.1638087858859076e-12,0.06548900954419182,3805.36968613555,-9.880313864449818
evaluation,1.0,0.5,0.75,native,3.772909981726898e-10,3.772909981726898e-10,291.21485880233814,3805.4351751450945,9.814824854905433,0.0,0.5300568357918409,0.4684971668203006,5087.0,1.295576055852204e-10,1.295576055852204e-10,0.06548900954419182,3805.36968613555,-9.880313864449818
evaluation,1.0,0.5,0.75,quarter,3.772909981726898e-10,4.2365612532559253e-13,291.21485880233814,3805.4351751450945,9.814824854905433,0.004549028774943,0.5300568357918409,0.4684971668203006,5087.0,1.295576055852204e-10,1.4547888355283025e-13,0.06548900954419182,3805.36968613555,-9.880313864449818
evaluation,1.0,0.75,0.25,5minute,1.8232936651611529,1.7795400865982052,436.8222882035208,1257.0635369198612,14.686463080138758,0.0090613592381659,0.5450852536877707,0.4527457502304648,5087.0,0.41739941262146824,0.407383078806889,0.09823351431628288,1256.965303405545,-14.784696594455
evaluation,1.0,0.75,0.25,envelope,1.8232936651611529,1.8232936647867775,436.8222882035208,1257.0635369198612,14.686463080138758,4.8294701571194316e-14,0.5450852536877707,0.4527457502304648,5087.0,0.41739941262146824,0.4173994125357639,0.09823351431628288,1256.965303405545,-14.784696594455
evaluation,1.0,0.75,0.25,gross,1.8232936651611529,0.0,436.8222882035208,1257.0635369198612,14.686463080138758,0.0164602423683541,0.5450852536877707,0.4527457502304648,5087.0,0.41739941262146824,,0.09823351431628288,1256.965303405545,-14.784696594455
evaluation,1.0,0.75,0.25,minute,1.8232936651611529,1.8197989352412158,436.8222882035208,1257.0635369198612,14.686463080138758,0.0009018130889555,0.5450852536877707,0.4527457502304648,5087.0,0.41739941262146824,0.4165993779130037,0.09823351431628288,1256.965303405545,-14.784696594455
evaluation,1.0,0.75,0.25,native,1.8232936651611529,1.8232936651611529,436.8222882035208,1257.0635369198612,14.686463080138758,0.0,0.5450852536877707,0.4527457502304648,5087.0,0.41739941262146824,0.41739941262146824,0.09823351431628288,1256.965303405545,-14.784696594455
evaluation,1.0,0.75,0.25,quarter,1.8232936651611529,1.741382690940578,436.8222882035208,1257.0635369198612,14.686463080138758,0.0164602423683541,0.5450852536877707,0.4527457502304648,5087.0,0.41739941262146824,0.3986478570272144,0.09823351431628288,1256.965303405545,-14.784696594455
evaluation,1.0,0.75,0.5,5minute,1.8232936651611529,1.7795400865982052,436.8222882035208,2528.8135369198612,14.686463080138758,0.0090613592381659,0.5450852536877707,0.4527457502304648,5087.0,0.41739941262146824,0.407383078806889,0.09823351431628288,2528.715303405545,-14.784696594455
evaluation,1.0,0.75,0.5,envelope,1.8232936651611529,1.8232936647867775,436.8222882035208,2528.8135369198612,14.686463080138758,4.8294701571194316e-14,0.5450852536877707,0.4527457502304648,5087.0,0.41739941262146824,0.4173994125357639,0.09823351431628288,2528.715303405545,-14.784696594455
evaluation,1.0,0.75,0.5,gross,1.8232936651611529,0.0,436.8222882035208,2528.8135369198612,14.686463080138758,0.0164602423683541,0.5450852536877707,0.4527457502304648,5087.0,0.41739941262146824,,0.09823351431628288,2528.715303405545,-14.784696594455
evaluation,1.0,0.75,0.5,minute,1.8232936651611529,1.8197989352412158,436.8222882035208,2528.8135369198612,14.686463080138758,0.0009018130889555,0.5450852536877707,0.4527457502304648,5087.0,0.41739941262146824,0.4165993779130037,0.09823351431628288,2528.715303405545,-14.784696594455
evaluation,1.0,0.75,0.5,native,1.8232936651611529,1.8232936651611529,436.8222882035208,2528.8135369198612,14.686463080138758,0.0,0.5450852536877707,0.4527457502304648,5087.0,0.41739941262146824,0.41739941262146824,0.09823351431628288,2528.715303405545,-14.784696594455
evaluation,1.0,0.75,0.5,quarter,1.8232936651611529,1.741382690940578,436.8222882035208,2528.8135369198612,14.686463080138758,0.0164602423683541,0.5450852536877707,0.4527457502304648,5087.0,0.41739941262146824,0.3986478570272144,0.09823351431628288,2528.715303405545,-14.784696594455
evaluation,1.0,0.75,0.75,5minute,1.8232936651611529,1.7795400865982052,436.8222882035208,3800.5635369198612,14.686463080138758,0.0090613592381659,0.5450852536877707,0.4527457502304648,5087.0,0.41739941262146824,0.407383078806889,0.09823351431628288,3800.465303405545,-14.784696594455
evaluation,1.0,0.75,0.75,envelope,1.8232936651611529,1.8232936647867775,436.8222882035208,3800.5635369198612,14.686463080138758,4.8294701571194316e-14,0.5450852536877707,0.4527457502304648,5087.0,0.41739941262146824,0.4173994125357639,0.09823351431628288,3800.465303405545,-14.784696594455
evaluation,1.0,0.75,0.75,gross,1.8232936651611529,0.0,436.8222882035208,3800.5635369198612,14.686463080138758,0.0164602423683541,0.5450852536877707,0.4527457502304648,5087.0,0.41739941262146824,,0.09823351431628288,3800.465303405545,-14.784696594455
evaluation,1.0,0.75,0.75,minute,1.8232936651611529,1.8197989352412158,436.8222882035208,3800.5635369198612,14.686463080138758,0.0009018130889555,0.5450852536877707,0.4527457502304648,5087.0,0.41739941262146824,0.4165993779130037,0.09823351431628288,3800.465303405545,-14.784696594455
evaluation,1.0,0.75,0.75,native,1.8232936651611529,1.8232936651611529,436.8222882035208,3800.5635369198612,14.686463080138758,0.0,0.5450852536877707,0.4527457502304648,5087.0,0.41739941262146824,0.41739941262146824,0.09823351431628288,3800.465303405545,-14.784696594455
evaluation,1.0,0.75,0.75,quarter,1.8232936651611529,1.741382690940578,436.8222882035208,3800.5635369198612,14.686463080138758,0.0164602423683541,0.5450852536877707,0.4527457502304648,5087.0,0.41739941262146824,0.3986478570272144,0.09823351431628288,3800.465303405545,-14.784696594455
evaluation,2.0,0.25,0.25,5minute,7.569355358865916e-10,2.5162952546829604e-12,145.60742940116907,1266.8480046109894,4.901995389010672,0.0005936771732324,1.0150284178959672,0.9842485834101444,5087.0,5.198467818569388e-10,1.7281365827496419e-12,0.03274450477215189,1266.8152601062172,-4.934739893782762
evaluation,2.0,0.25,0.25,envelope,7.569355358865916e-10,0.0,145.60742940116907,1266.8480046109894,4.901995389010672,9.903189379656396e-14,1.0150284178959672,0.9842485834101444,5087.0,5.198467818569388e-10,0.0,0.03274450477215189,1266.8152601062172,-4.934739893782762
evaluation,2.0,0.25,0.25,gross,7.569355358865916e-10,0.0,145.60742940116907,1266.8480046109894,4.901995389010672,9.903189379656396e-14,1.0150284178959672,0.9842485834101444,5087.0,5.198467818569388e-10,,0.03274450477215189,1266.8152601062172,-4.934739893782762
evaluation,2.0,0.25,0.25,minute,7.569355358865916e-10,1.2570463625073942e-11,145.60742940116907,1266.8480046109894,4.901995389010672,0.0001450419392374,1.0150284178959672,0.9842485834101444,5087.0,5.198467818569388e-10,8.633119667568978e-12,0.03274450477215189,1266.8152601062172,-4.934739893782762
evaluation,2.0,0.25,0.25,native,7.569355358865916e-10,7.569355358865916e-10,145.60742940116907,1266.8480046109894,4.901995389010672,0.0,1.0150284178959672,0.9842485834101444,5087.0,5.198467818569388e-10,5.198467818569388e-10,0.03274450477215189,1266.8152601062172,-4.934739893782762
evaluation,2.0,0.25,0.25,quarter,7.569355358865916e-10,8.491823968547964e-13,145.60742940116907,1266.8480046109894,4.901995389010672,0.0022745143874702,1.0150284178959672,0.9842485834101444,5087.0,5.198467818569388e-10,5.831999097485464e-13,0.03274450477215189,1266.8152601062172,-4.934739893782762
evaluation,2.0,0.25,0.5,5minute,7.569355358865916e-10,2.5162952546829604e-12,145.60742940116907,2538.5980046109894,4.901995389010672,0.0005936771732324,1.0150284178959672,0.9842485834101444,5087.0,5.198467818569388e-10,1.7281365827496419e-12,0.03274450477215189,2538.5652601062175,-4.934739893782535
evaluation,2.0,0.25,0.5,envelope,7.569355358865916e-10,0.0,145.60742940116907,2538.5980046109894,4.901995389010672,9.903189379656396e-14,1.0150284178959672,0.9842485834101444,5087.0,5.198467818569388e-10,0.0,0.03274450477215189,2538.5652601062175,-4.934739893782535
evaluation,2.0,0.25,0.5,gross,7.569355358865916e-10,0.0,145.60742940116907,2538.5980046109894,4.901995389010672,9.903189379656396e-14,1.0150284178959672,0.9842485834101444,5087.0,5.198467818569388e-10,,0.03274450477215189,2538.5652601062175,-4.934739893782535
evaluation,2.0,0.25,0.5,minute,7.569355358865916e-10,1.2570463625073942e-11,145.60742940116907,2538.5980046109894,4.901995389010672,0.0001450419392374,1.0150284178959672,0.9842485834101444,5087.0,5.198467818569388e-10,8.633119667568978e-12,0.03274450477215189,2538.5652601062175,-4.934739893782535
evaluation,2.0,0.25,0.5,native,7.569355358865916e-10,7.569355358865916e-10,145.60742940116907,2538.5980046109894,4.901995389010672,0.0,1.0150284178959672,0.9842485834101444,5087.0,5.198467818569388e-10,5.198467818569388e-10,0.03274450477215189,2538.5652601062175,-4.934739893782535
evaluation,2.0,0.25,0.5,quarter,7.569355358865916e-10,8.491823968547964e-13,145.60742940116907,2538.5980046109894,4.901995389010672,0.0022745143874702,1.0150284178959672,0.9842485834101444,5087.0,5.198467818569388e-10,5.831999097485464e-13,0.03274450477215189,2538.5652601062175,-4.934739893782535
evaluation,2.0,0.25,0.75,5minute,7.569355358865916e-10,2.5162952546829604e-12,145.60742940116907,3810.3480046109894,4.901995389010672,0.0005936771732324,1.0150284178959672,0.9842485834101444,5087.0,5.198467818569388e-10,1.7281365827496419e-12,0.03274450477215189,3810.3152601062175,-4.934739893782535
evaluation,2.0,0.25,0.75,envelope,7.569355358865916e-10,0.0,145.60742940116907,3810.3480046109894,4.901995389010672,9.903189379656396e-14,1.0150284178959672,0.9842485834101444,5087.0,5.198467818569388e-10,0.0,0.03274450477215189,3810.3152601062175,-4.934739893782535
evaluation,2.0,0.25,0.75,gross,7.569355358865916e-10,0.0,145.60742940116907,3810.3480046109894,4.901995389010672,9.903189379656396e-14,1.0150284178959672,0.9842485834101444,5087.0,5.198467818569388e-10,,0.03274450477215189,3810.3152601062175,-4.934739893782535
evaluation,2.0,0.25,0.75,minute,7.569355358865916e-10,1.2570463625073942e-11,145.60742940116907,3810.3480046109894,4.901995389010672,0.0001450419392374,1.0150284178959672,0.9842485834101444,5087.0,5.198467818569388e-10,8.633119667568978e-12,0.03274450477215189,3810.3152601062175,-4.934739893782535
evaluation,2.0,0.25,0.75,native,7.569355358865916e-10,7.569355358865916e-10,145.60742940116907,3810.3480046109894,4.901995389010672,0.0,1.0150284178959672,0.9842485834101444,5087.0,5.198467818569388e-10,5.198467818569388e-10,0.03274450477215189,3810.3152601062175,-4.934739893782535
evaluation,2.0,0.25,0.75,quarter,7.569355358865916e-10,8.491823968547964e-13,145.60742940116907,3810.3480046109894,4.901995389010672,0.0022745143874702,1.0150284178959672,0.9842485834101444,5087.0,5.198467818569388e-10,5.831999097485464e-13,0.03274450477215189,3810.3152601062175,-4.934739893782535
evaluation,2.0,0.5,0.25,5minute,7.553014219267109e-10,2.5180079171792086e-12,291.21485880233814,1261.9338195153443,9.81618048465558,0.0011873543464679,1.0300568357918851,0.968497166820298,5087.0,2.5936225405289886e-10,8.646564009593702e-13,0.06548900954424165,1261.8683305058,-9.881669494199969
evaluation,2.0,0.5,0.25,envelope,7.553014219267109e-10,0.0,291.21485880233814,1261.9338195153443,9.81618048465558,9.83657599817889e-14,1.0300568357918851,0.968497166820298,5087.0,2.5936225405289886e-10,0.0,0.06548900954424165,1261.8683305058,-9.881669494199969
evaluation,2.0,0.5,0.25,gross,7.553014219267109e-10,0.0,291.21485880233814,1261.9338195153443,9.81618048465558,9.83657599817889e-14,1.0300568357918851,0.968497166820298,5087.0,2.5936225405289886e-10,,0.06548900954424165,1261.8683305058,-9.881669494199969
evaluation,2.0,0.5,0.25,minute,7.553014219267109e-10,1.2558314850341995e-11,291.21485880233814,1261.9338195153443,9.81618048465558,0.0002900838784754,1.0300568357918851,0.968497166820298,5087.0,2.5936225405289886e-10,4.312388077308219e-12,0.06548900954424165,1261.8683305058,-9.881669494199969
evaluation,2.0,0.5,0.25,native,7.553014219267109e-10,7.553014219267109e-10,291.21485880233814,1261.9338195153443,9.81618048465558,0.0,1.0300568357918851,0.968497166820298,5087.0,2.5936225405289886e-10,2.5936225405289886e-10,0.06548900954424165,1261.8683305058,-9.881669494199969
evaluation,2.0,0.5,0.25,quarter,7.553014219267109e-10,8.42814751870215e-13,291.21485880233814,1261.9338195153443,9.81618048465558,0.0045490293042966,1.0300568357918851,0.968497166820298,5087.0,2.5936225405289886e-10,2.894133751747451e-13,0.06548900954424165,1261.8683305058,-9.881669494199969
evaluation,2.0,0.5,0.5,5minute,7.553945214007694e-10,2.514030076817148e-12,291.21485880233814,2533.696009221973,9.803990778027076,0.0011873543464679,1.0300568357918851,0.968497166820298,5087.0,2.5939422339486215e-10,8.632904540504727e-13,0.06548900954424165,2533.6305202124286,-9.869479787571436
evaluation,2.0,0.5,0.5,envelope,7.553945214007694e-10,0.0,291.21485880233814,2533.696009221973,9.803990778027076,9.83657599817889e-14,1.0300568357918851,0.968497166820298,5087.0,2.5939422339486215e-10,0.0,0.06548900954424165,2533.6305202124286,-9.869479787571436
evaluation,2.0,0.5,0.5,gross,7.553945214007694e-10,0.0,291.21485880233814,2533.696009221973,9.803990778027076,9.83657599817889e-14,1.0300568357918851,0.968497166820298,5087.0,2.5939422339486215e-10,,0.06548900954424165,2533.6305202124286,-9.869479787571436
evaluation,2.0,0.5,0.5,minute,7.553945214007694e-10,1.2567037909050893e-11,291.21485880233814,2533.696009221973,9.803990778027076,0.0002900838784754,1.0300568357918851,0.968497166820298,5087.0,2.5939422339486215e-10,4.3153834803397725e-12,0.06548900954424165,2533.6305202124286,-9.869479787571436
evaluation,2.0,0.5,0.5,native,7.553945214007694e-10,7.553945214007694e-10,291.21485880233814,2533.696009221973,9.803990778027076,0.0,1.0300568357918851,0.968497166820298,5087.0,2.5939422339486215e-10,2.5939422339486215e-10,0.06548900954424165,2533.6305202124286,-9.869479787571436
evaluation,2.0,0.5,0.5,quarter,7.553945214007694e-10,8.422173463087801e-13,291.21485880233814,2533.696009221973,9.803990778027076,0.0045490287749457,1.0300568357918851,0.968497166820298,5087.0,2.5939422339486215e-10,2.892082326336358e-13,0.06548900954424165,2533.6305202124286,-9.869479787571436
evaluation,2.0,0.5,0.75,5minute,7.554382619977292e-10,2.5152243379332907e-12,291.21485880233814,3805.435175145093,9.814824854907018,0.0011873543464679,1.0300568357918851,0.968497166820298,5087.0,2.5940924343784334e-10,8.637005502663918e-13,0.06548900954424165,3805.369686135549,-9.880313864451182
evaluation,2.0,0.5,0.75,envelope,7.554382619977292e-10,0.0,291.21485880233814,3805.435175145093,9.814824854907018,9.83657599817889e-14,1.0300568357918851,0.968497166820298,5087.0,2.5940924343784334e-10,0.0,0.06548900954424165,3805.369686135549,-9.880313864451182
evaluation,2.0,0.5,0.75,gross,7.554382619977292e-10,0.0,291.21485880233814,3805.435175145093,9.814824854907018,9.83657599817889e-14,1.0300568357918851,0.968497166820298,5087.0,2.5940924343784334e-10,,0.06548900954424165,3805.369686135549,-9.880313864451182
evaluation,2.0,0.5,0.75,minute,7.554382619977292e-10,1.2570626610498528e-11,291.21485880233814,3805.435175145093,9.814824854907018,0.0002900838784754,1.0300568357918851,0.968497166820298,5087.0,2.5940924343784334e-10,4.316615801198122e-12,0.06548900954424165,3805.369686135549,-9.880313864451182
evaluation,2.0,0.5,0.75,native,7.554382619977292e-10,7.554382619977292e-10,291.21485880233814,3805.435175145093,9.814824854907018,0.0,1.0300568357918851,0.968497166820298,5087.0,2.5940924343784334e-10,2.5940924343784334e-10,0.06548900954424165,3805.369686135549,-9.880313864451182
evaluation,2.0,0.5,0.75,quarter,7.554382619977292e-10,8.434020303057325e-13,291.21485880233814,3805.435175145093,9.814824854907018,0.0045490287749457,1.0300568357918851,0.968497166820298,5087.0,2.5940924343784334e-10,2.896150401714876e-13,0.06548900954424165,3805.369686135549,-9.880313864451182
evaluation,2.0,0.75,0.25,5minute,7.555332864584848e-10,2.5185622077798346e-12,436.8222882035208,1256.8189988858578,14.931001114142298,0.0021461985652653,1.0450852536878663,0.9527457502304538,5087.0,1.7296124919946223e-10,5.765644921960588e-13,0.09823351431639626,1256.7207653715413,-15.029234628458653
evaluation,2.0,0.75,0.25,envelope,7.555332864584848e-10,0.0,436.8222882035208,1256.8189988858578,14.931001114142298,9.792167077193881e-14,1.0450852536878663,0.9527457502304538,5087.0,1.7296124919946223e-10,0.0,0.09823351431639626,1256.7207653715413,-15.029234628458653
evaluation,2.0,0.75,0.25,gross,7.555332864584848e-10,0.0,436.8222882035208,1256.8189988858578,14.931001114142298,9.792167077193881e-14,1.0450852536878663,0.9527457502304538,5087.0,1.7296124919946223e-10,,0.09823351431639626,1256.7207653715413,-15.029234628458653
evaluation,2.0,0.75,0.25,minute,7.555332864584848e-10,1.2571580702704093e-11,436.8222882035208,1256.8189988858578,14.931001114142298,0.0004351258177109,1.0450852536878663,0.9527457502304538,5087.0,1.7296124919946223e-10,2.8779622840231176e-12,0.09823351431639626,1256.7207653715413,-15.029234628458653
evaluation,2.0,0.75,0.25,native,7.555332864584848e-10,7.555332864584848e-10,436.8222882035208,1256.8189988858578,14.931001114142298,0.0,1.0450852536878663,0.9527457502304538,5087.0,1.7296124919946223e-10,1.7296124919946223e-10,0.09823351431639626,1256.7207653715413,-15.029234628458653
evaluation,2.0,0.75,0.25,quarter,7.555332864584848e-10,8.445947310460142e-13,436.8222882035208,1256.8189988858578,14.931001114142298,0.0068236250507422,1.0450852536878663,0.9527457502304538,5087.0,1.7296124919946223e-10,1.9334973371425296e-13,0.09823351431639626,1256.7207653715413,-15.029234628458653
evaluation,2.0,0.75,0.5,5minute,7.555332864584848e-10,2.5185622077798346e-12,436.8222882035208,2528.5689988858576,14.931001114142298,0.0021461985652653,1.0450852536878663,0.9527457502304538,5087.0,1.7296124919946223e-10,5.765644921960588e-13,0.09823351431639626,2528.4707653715413,-15.029234628458653
evaluation,2.0,0.75,0.5,envelope,7.555332864584848e-10,0.0,436.8222882035208,2528.5689988858576,14.931001114142298,9.792167077193881e-14,1.0450852536878663,0.9527457502304538,5087.0,1.7296124919946223e-10,0.0,0.09823351431639626,2528.4707653715413,-15.029234628458653
evaluation,2.0,0.75,0.5,gross,7.555332864584848e-10,0.0,436.8222882035208,2528.5689988858576,14.931001114142298,9.792167077193881e-14,1.0450852536878663,0.9527457502304538,5087.0,1.7296124919946223e-10,,0.09823351431639626,2528.4707653715413,-15.029234628458653
evaluation,2.0,0.75,0.5,minute,7.555332864584848e-10,1.2571580702704093e-11,436.8222882035208,2528.5689988858576,14.931001114142298,0.0004351258177109,1.0450852536878663,0.9527457502304538,5087.0,1.7296124919946223e-10,2.8779622840231176e-12,0.09823351431639626,2528.4707653715413,-15.029234628458653
evaluation,2.0,0.75,0.5,native,7.555332864584848e-10,7.555332864584848e-10,436.8222882035208,2528.5689988858576,14.931001114142298,0.0,1.0450852536878663,0.9527457502304538,5087.0,1.7296124919946223e-10,1.7296124919946223e-10,0.09823351431639626,2528.4707653715413,-15.029234628458653
evaluation,2.0,0.75,0.5,quarter,7.555332864584848e-10,8.445947310460142e-13,436.8222882035208,2528.5689988858576,14.931001114142298,0.0068236250507422,1.0450852536878663,0.9527457502304538,5087.0,1.7296124919946223e-10,1.9334973371425296e-13,0.09823351431639626,2528.4707653715413,-15.029234628458653
evaluation,2.0,0.75,0.75,5minute,7.555332864584848e-10,2.5185622077798346e-12,436.8222882035208,3800.3189988858576,14.931001114142298,0.0021461985652653,1.0450852536878663,0.9527457502304538,5087.0,1.7296124919946223e-10,5.765644921960588e-13,0.09823351431639626,3800.2207653715413,-15.029234628458653
evaluation,2.0,0.75,0.75,envelope,7.555332864584848e-10,0.0,436.8222882035208,3800.3189988858576,14.931001114142298,9.792167077193881e-14,1.0450852536878663,0.9527457502304538,5087.0,1.7296124919946223e-10,0.0,0.09823351431639626,3800.2207653715413,-15.029234628458653
evaluation,2.0,0.75,0.75,gross,7.555332864584848e-10,0.0,436.8222882035208,3800.3189988858576,14.931001114142298,9.792167077193881e-14,1.0450852536878663,0.9527457502304538,5087.0,1.7296124919946223e-10,,0.09823351431639626,3800.2207653715413,-15.029234628458653
evaluation,2.0,0.75,0.75,minute,7.555332864584848e-10,1.2571580702704093e-11,436.8222882035208,3800.3189988858576,14.931001114142298,0.0004351258177109,1.0450852536878663,0.9527457502304538,5087.0,1.7296124919946223e-10,2.8779622840231176e-12,0.09823351431639626,3800.2207653715413,-15.029234628458653
evaluation,2.0,0.75,0.75,native,7.555332864584848e-10,7.555332864584848e-10,436.8222882035208,3800.3189988858576,14.931001114142298,0.0,1.0450852536878663,0.9527457502304538,5087.0,1.7296124919946223e-10,1.7296124919946223e-10,0.09823351431639626,3800.2207653715413,-15.029234628458653
evaluation,2.0,0.75,0.75,quarter,7.555332864584848e-10,8.445947310460142e-13,436.8222882035208,3800.3189988858576,14.931001114142298,0.0068236250507422,1.0450852536878663,0.9527457502304538,5087.0,1.7296124919946223e-10,1.9334973371425296e-13,0.09823351431639626,3800.2207653715413,-15.029234628458653
evaluation,4.0,0.25,0.25,5minute,1.511139874275376e-09,5.0566127059954795e-12,145.60742940116907,1266.8480046109833,4.901995389016698,0.0005936771732311,2.015028417895888,1.9842485834101768,5087.0,1.037817836967626e-09,3.472771085096074e-12,0.03274450477203331,1266.8152601062113,-4.934739893788674
evaluation,4.0,0.25,0.25,envelope,1.511139874275376e-09,0.0,145.60742940116907,1266.8480046109833,4.901995389016698,1.962874307537277e-13,2.015028417895888,1.9842485834101768,5087.0,1.037817836967626e-09,0.0,0.03274450477203331,1266.8152601062113,-4.934739893788674
evaluation,4.0,0.25,0.25,gross,1.511139874275376e-09,0.0,145.60742940116907,1266.8480046109833,4.901995389016698,1.962874307537277e-13,2.015028417895888,1.9842485834101768,5087.0,1.037817836967626e-09,,0.03274450477203331,1266.8152601062113,-4.934739893788674
evaluation,4.0,0.25,0.25,minute,1.511139874275376e-09,2.5219543914378867e-11,145.60742940116907,1266.8480046109833,4.901995389016698,0.0001450419392368,2.015028417895888,1.9842485834101768,5087.0,1.037817836967626e-09,1.732023154182295e-11,0.03274450477203331,1266.8152601062113,-4.934739893788674
evaluation,4.0,0.25,0.25,native,1.511139874275376e-09,1.511139874275376e-09,145.60742940116907,1266.8480046109833,4.901995389016698,0.0,2.015028417895888,1.9842485834101768,5087.0,1.037817836967626e-09,1.037817836967626e-09,0.03274450477203331,1266.8152601062113,-4.934739893788674
evaluation,4.0,0.25,0.25,quarter,1.511139874275376e-09,1.6819104184441682e-12,145.60742940116907,1266.8480046109833,4.901995389016698,0.0022745143874753,2.015028417895888,1.9842485834101768,5087.0,1.037817836967626e-09,1.1550993142048178e-12,0.03274450477203331,1266.8152601062113,-4.934739893788674
evaluation,4.0,0.25,0.5,5minute,1.511139874275376e-09,5.0566127059954795e-12,145.60742940116907,2538.5980046109835,4.901995389016698,0.0005936771732311,2.015028417895888,1.9842485834101768,5087.0,1.037817836967626e-09,3.472771085096074e-12,0.03274450477203331,2538.5652601062116,-4.934739893788446
evaluation,4.0,0.25,0.5,envelope,1.511139874275376e-09,0.0,145.60742940116907,2538.5980046109835,4.901995389016698,1.962874307537277e-13,2.015028417895888,1.9842485834101768,5087.0,1.037817836967626e-09,0.0,0.03274450477203331,2538.5652601062116,-4.934739893788446
evaluation,4.0,0.25,0.5,gross,1.511139874275376e-09,0.0,145.60742940116907,2538.5980046109835,4.901995389016698,1.962874307537277e-13,2.015028417895888,1.9842485834101768,5087.0,1.037817836967626e-09,,0.03274450477203331,2538.5652601062116,-4.934739893788446
evaluation,4.0,0.25,0.5,minute,1.511139874275376e-09,2.5219543914378867e-11,145.60742940116907,2538.5980046109835,4.901995389016698,0.0001450419392368,2.015028417895888,1.9842485834101768,5087.0,1.037817836967626e-09,1.732023154182295e-11,0.03274450477203331,2538.5652601062116,-4.934739893788446
evaluation,4.0,0.25,0.5,native,1.511139874275376e-09,1.511139874275376e-09,145.60742940116907,2538.5980046109835,4.901995389016698,0.0,2.015028417895888,1.9842485834101768,5087.0,1.037817836967626e-09,1.037817836967626e-09,0.03274450477203331,2538.5652601062116,-4.934739893788446
evaluation,4.0,0.25,0.5,quarter,1.511139874275376e-09,1.6819104184441682e-12,145.60742940116907,2538.5980046109835,4.901995389016698,0.0022745143874753,2.015028417895888,1.9842485834101768,5087.0,1.037817836967626e-09,1.1550993142048178e-12,0.03274450477203331,2538.5652601062116,-4.934739893788446
evaluation,4.0,0.25,0.75,5minute,1.511139874275376e-09,5.0566127059954795e-12,145.60742940116907,3810.3480046109835,4.901995389016698,0.0005936771732311,2.015028417895888,1.9842485834101768,5087.0,1.037817836967626e-09,3.472771085096074e-12,0.03274450477203331,3810.3152601062116,-4.934739893788446
evaluation,4.0,0.25,0.75,envelope,1.511139874275376e-09,0.0,145.60742940116907,3810.3480046109835,4.901995389016698,1.962874307537277e-13,2.015028417895888,1.9842485834101768,5087.0,1.037817836967626e-09,0.0,0.03274450477203331,3810.3152601062116,-4.934739893788446
evaluation,4.0,0.25,0.75,gross,1.511139874275376e-09,0.0,145.60742940116907,3810.3480046109835,4.901995389016698,1.962874307537277e-13,2.015028417895888,1.9842485834101768,5087.0,1.037817836967626e-09,,0.03274450477203331,3810.3152601062116,-4.934739893788446
evaluation,4.0,0.25,0.75,minute,1.511139874275376e-09,2.5219543914378867e-11,145.60742940116907,3810.3480046109835,4.901995389016698,0.0001450419392368,2.015028417895888,1.9842485834101768,5087.0,1.037817836967626e-09,1.732023154182295e-11,0.03274450477203331,3810.3152601062116,-4.934739893788446
evaluation,4.0,0.25,0.75,native,1.511139874275376e-09,1.511139874275376e-09,145.60742940116907,3810.3480046109835,4.901995389016698,0.0,2.015028417895888,1.9842485834101768,5087.0,1.037817836967626e-09,1.037817836967626e-09,0.03274450477203331,3810.3152601062116,-4.934739893788446
evaluation,4.0,0.25,0.75,quarter,1.511139874275376e-09,1.6819104184441682e-12,145.60742940116907,3810.3480046109835,4.901995389016698,0.0022745143874753,2.015028417895888,1.9842485834101768,5087.0,1.037817836967626e-09,1.1550993142048178e-12,0.03274450477203331,3810.3152601062116,-4.934739893788446
evaluation,4.0,0.5,0.25,5minute,1.5142076997708645e-09,5.036699068934599e-12,291.21485880233814,1261.9338195153498,9.816180484650252,0.0011873543464648,2.0300568357919344,1.9684971668202889,5087.0,5.199623762325369e-10,1.7295474172055399e-12,0.06548900954430378,1261.8683305058055,-9.881669494194512
evaluation,4.0,0.5,0.25,envelope,1.5142076997708645e-09,0.0,291.21485880233814,1261.9338195153498,9.816180484650252,1.9806378759312798e-13,2.0300568357919344,1.9684971668202889,5087.0,5.199623762325369e-10,0.0,0.06548900954430378,1261.8683305058055,-9.881669494194512
evaluation,4.0,0.5,0.25,gross,1.5142076997708645e-09,0.0,291.21485880233814,1261.9338195153498,9.816180484650252,1.9806378759312798e-13,2.0300568357919344,1.9684971668202889,5087.0,5.199623762325369e-10,,0.06548900954430378,1261.8683305058055,-9.881669494194512
evaluation,4.0,0.5,0.25,minute,1.5142076997708645e-09,2.5137981437716316e-11,291.21485880233814,1261.9338195153498,9.816180484650252,0.0002900838784749,2.0300568357919344,1.9684971668202889,5087.0,5.199623762325369e-10,8.632108107772996e-12,0.06548900954430378,1261.8683305058055,-9.881669494194512
evaluation,4.0,0.5,0.25,native,1.5142076997708645e-09,1.5142076997708645e-09,291.21485880233814,1261.9338195153498,9.816180484650252,0.0,2.0300568357919344,1.9684971668202889,5087.0,5.199623762325369e-10,5.199623762325369e-10,0.06548900954430378,1261.8683305058055,-9.881669494194512
evaluation,4.0,0.5,0.25,quarter,1.5142076997708645e-09,1.6991889567672712e-12,291.21485880233814,1261.9338195153498,9.816180484650252,0.0045490293042755,2.0300568357919344,1.9684971668202889,5087.0,5.199623762325369e-10,5.834829183357688e-13,0.06548900954430378,1261.8683305058055,-9.881669494194512
evaluation,4.0,0.5,0.5,5minute,1.5138710717731831e-09,5.032590509365921e-12,291.21485880233814,2533.696009221979,9.803990778021344,0.0011873543464648,2.0300568357919344,1.9684971668202889,5087.0,5.198467818569388e-10,1.7281365827496419e-12,0.06548900954430378,2533.6305202124345,-9.869479787565524
evaluation,4.0,0.5,0.5,envelope,1.5138710717731831e-09,0.0,291.21485880233814,2533.696009221979,9.803990778021344,1.9806378759312798e-13,2.0300568357919344,1.9684971668202889,5087.0,5.198467818569388e-10,0.0,0.06548900954430378,2533.6305202124345,-9.869479787565524
evaluation,4.0,0.5,0.5,gross,1.5138710717731831e-09,0.0,291.21485880233814,2533.696009221979,9.803990778021344,1.9806378759312798e-13,2.0300568357919344,1.9684971668202889,5087.0,5.198467818569388e-10,,0.06548900954430378,2533.6305202124345,-9.869479787565524
evaluation,4.0,0.5,0.5,minute,1.5138710717731831e-09,2.5140927250147885e-11,291.21485880233814,2533.696009221979,9.803990778021344,0.0002900838784749,2.0300568357919344,1.9684971668202889,5087.0,5.198467818569388e-10,8.633119667568978e-12,0.06548900954430378,2533.6305202124345,-9.869479787565524
evaluation,4.0,0.5,0.5,native,1.5138710717731831e-09,1.5138710717731831e-09,291.21485880233814,2533.696009221979,9.803990778021344,0.0,2.0300568357919344,1.9684971668202889,5087.0,5.198467818569388e-10,5.198467818569388e-10,0.06548900954430378,2533.6305202124345,-9.869479787565524
evaluation,4.0,0.5,0.5,quarter,1.5138710717731831e-09,1.6983647937095927e-12,291.21485880233814,2533.696009221979,9.803990778021344,0.0045490287749405,2.0300568357919344,1.9684971668202889,5087.0,5.198467818569388e-10,5.831999097485464e-13,0.06548900954430378,2533.6305202124345,-9.869479787565524
evaluation,4.0,0.5,0.75,5minute,1.5141576313274767e-09,5.02838085853257e-12,291.21485880233814,3805.435175145098,9.8148248549019,0.0011873543464648,2.0300568357919344,1.9684971668202889,5087.0,5.199451832762455e-10,1.726691034658221e-12,0.06548900954430378,3805.369686135554,-9.88031386444618
evaluation,4.0,0.5,0.75,envelope,1.5141576313274767e-09,0.0,291.21485880233814,3805.435175145098,9.8148248549019,1.9806378759312798e-13,2.0300568357919344,1.9684971668202889,5087.0,5.199451832762455e-10,0.0,0.06548900954430378,3805.369686135554,-9.88031386444618
evaluation,4.0,0.5,0.75,gross,1.5141576313274767e-09,0.0,291.21485880233814,3805.435175145098,9.8148248549019,1.9806378759312798e-13,2.0300568357919344,1.9684971668202889,5087.0,5.199451832762455e-10,,0.06548900954430378,3805.369686135554,-9.88031386444618
evaluation,4.0,0.5,0.75,minute,1.5141576313274767e-09,2.512743362053136e-11,291.21485880233814,3805.435175145098,9.8148248549019,0.0002900838784749,2.0300568357919344,1.9684971668202889,5087.0,5.199451832762455e-10,8.628486102622457e-12,0.06548900954430378,3805.369686135554,-9.88031386444618
evaluation,4.0,0.5,0.75,native,1.5141576313274767e-09,1.5141576313274767e-09,291.21485880233814,3805.435175145098,9.8148248549019,0.0,2.0300568357919344,1.9684971668202889,5087.0,5.199451832762455e-10,5.199451832762455e-10,0.06548900954430378,3805.369686135554,-9.88031386444618
evaluation,4.0,0.5,0.75,quarter,1.5141576313274767e-09,1.6973711088659826e-12,291.21485880233814,3805.435175145098,9.8148248549019,0.0045490287749405,2.0300568357919344,1.9684971668202889,5087.0,5.199451832762455e-10,5.82858689232637e-13,0.06548900954430378,3805.369686135554,-9.88031386444618
evaluation,4.0,0.75,0.25,5minute,1.5149366831159588e-09,5.040375063357552e-12,436.8222882035208,1256.8189988858662,14.931001114133737,0.0021461985652639,2.0450852536878497,1.952745750230434,5087.0,3.468084674310692e-10,1.1538731423450582e-12,0.09823351431639969,1256.7207653715498,-15.02923462845024
evaluation,4.0,0.75,0.25,envelope,1.5149366831159588e-09,0.0,436.8222882035208,1256.8189988858662,14.931001114133737,1.9673151996357774e-13,2.0450852536878497,1.952745750230434,5087.0,3.468084674310692e-10,0.0,0.09823351431639969,1256.7207653715498,-15.02923462845024
evaluation,4.0,0.75,0.25,gross,1.5149366831159588e-09,0.0,436.8222882035208,1256.8189988858662,14.931001114133737,1.9673151996357774e-13,2.0450852536878497,1.952745750230434,5087.0,3.468084674310692e-10,,0.09823351431639969,1256.7207653715498,-15.02923462845024
evaluation,4.0,0.75,0.25,minute,1.5149366831159588e-09,2.5243455295518315e-11,436.8222882035208,1256.8189988858662,14.931001114133737,0.0004351258177135,2.0450852536878497,1.952745750230434,5087.0,3.468084674310692e-10,5.778884451920888e-12,0.09823351431639969,1256.7207653715498,-15.02923462845024
evaluation,4.0,0.75,0.25,native,1.5149366831159588e-09,1.5149366831159588e-09,436.8222882035208,1256.8189988858662,14.931001114133737,0.0,2.0450852536878497,1.952745750230434,5087.0,3.468084674310692e-10,3.468084674310692e-10,0.09823351431639969,1256.7207653715498,-15.02923462845024
evaluation,4.0,0.75,0.25,quarter,1.5149366831159588e-09,1.6936405138213357e-12,436.8222882035208,1256.8189988858662,14.931001114133737,0.0068236250507565,2.0450852536878497,1.952745750230434,5087.0,3.468084674310692e-10,3.8771842910915024e-13,0.09823351431639969,1256.7207653715498,-15.02923462845024
evaluation,4.0,0.75,0.5,5minute,1.5149366831159588e-09,5.040375063357552e-12,436.8222882035208,2528.568998885866,14.931001114133737,0.0021461985652639,2.0450852536878497,1.952745750230434,5087.0,3.468084674310692e-10,1.1538731423450582e-12,0.09823351431639969,2528.47076537155,-15.029234628450013
evaluation,4.0,0.75,0.5,envelope,1.5149366831159588e-09,0.0,436.8222882035208,2528.568998885866,14.931001114133737,1.9673151996357774e-13,2.0450852536878497,1.952745750230434,5087.0,3.468084674310692e-10,0.0,0.09823351431639969,2528.47076537155,-15.029234628450013
evaluation,4.0,0.75,0.5,gross,1.5149366831159588e-09,0.0,436.8222882035208,2528.568998885866,14.931001114133737,1.9673151996357774e-13,2.0450852536878497,1.952745750230434,5087.0,3.468084674310692e-10,,0.09823351431639969,2528.47076537155,-15.029234628450013
evaluation,4.0,0.75,0.5,minute,1.5149366831159588e-09,2.5243455295518315e-11,436.8222882035208,2528.568998885866,14.931001114133737,0.0004351258177135,2.0450852536878497,1.952745750230434,5087.0,3.468084674310692e-10,5.778884451920888e-12,0.09823351431639969,2528.47076537155,-15.029234628450013
evaluation,4.0,0.75,0.5,native,1.5149366831159588e-09,1.5149366831159588e-09,436.8222882035208,2528.568998885866,14.931001114133737,0.0,2.0450852536878497,1.952745750230434,5087.0,3.468084674310692e-10,3.468084674310692e-10,0.09823351431639969,2528.47076537155,-15.029234628450013
evaluation,4.0,0.75,0.5,quarter,1.5149366831159588e-09,1.6936405138213357e-12,436.8222882035208,2528.568998885866,14.931001114133737,0.0068236250507565,2.0450852536878497,1.952745750230434,5087.0,3.468084674310692e-10,3.8771842910915024e-13,0.09823351431639969,2528.47076537155,-15.029234628450013
evaluation,4.0,0.75,0.75,5minute,1.5149366831159588e-09,5.040375063357552e-12,436.8222882035208,3800.318998885866,14.931001114133737,0.0021461985652639,2.0450852536878497,1.952745750230434,5087.0,3.468084674310692e-10,1.1538731423450582e-12,0.09823351431639969,3800.22076537155,-15.029234628450013
evaluation,4.0,0.75,0.75,envelope,1.5149366831159588e-09,0.0,436.8222882035208,3800.318998885866,14.931001114133737,1.9673151996357774e-13,2.0450852536878497,1.952745750230434,5087.0,3.468084674310692e-10,0.0,0.09823351431639969,3800.22076537155,-15.029234628450013
evaluation,4.0,0.75,0.75,gross,1.5149366831159588e-09,0.0,436.8222882035208,3800.318998885866,14.931001114133737,1.9673151996357774e-13,2.0450852536878497,1.952745750230434,5087.0,3.468084674310692e-10,,0.09823351431639969,3800.22076537155,-15.029234628450013
evaluation,4.0,0.75,0.75,minute,1.5149366831159588e-09,2.5243455295518315e-11,436.8222882035208,3800.318998885866,14.931001114133737,0.0004351258177135,2.0450852536878497,1.952745750230434,5087.0,3.468084674310692e-10,5.778884451920888e-12,0.09823351431639969,3800.22076537155,-15.029234628450013
evaluation,4.0,0.75,0.75,native,1.5149366831159588e-09,1.5149366831159588e-09,436.8222882035208,3800.318998885866,14.931001114133737,0.0,2.0450852536878497,1.952745750230434,5087.0,3.468084674310692e-10,3.468084674310692e-10,0.09823351431639969,3800.22076537155,-15.029234628450013
evaluation,4.0,0.75,0.75,quarter,1.5149366831159588e-09,1.6936405138213357e-12,436.8222882035208,3800.318998885866,14.931001114133737,0.0068236250507565,2.0450852536878497,1.952745750230434,5087.0,3.468084674310692e-10,3.8771842910915024e-13,0.09823351431639969,3800.22076537155,-15.029234628450013
