period,capacity_mwh,reserve_mw,supply_mw,model,native_deficit_mwh,predicted_deficit_mwh,requested_reserve_mwh,hydrogen_energy_mwh,baseline_charge_mwh,maximum_state_error_mwh,initial_inventory_mwh,terminal_inventory_mwh,hours,native_deficit_pct,predicted_deficit_pct,terminal_restoration_mwh,restored_hydrogen_energy_mwh,restored_hydrogen_change_mwh
calibration,0.25,0.25,0.25,5minute,0.7666667283077799,0.6110782607599589,104.33515869615918,1103.344963805213,-17.594963805213037,0.077891454637001,0.125,0.1341375778351311,4343.0,0.7348114843438703,0.5856877666132827,-0.008589323165023244,1103.353553128378,17.603553128378053
calibration,0.25,0.25,0.25,envelope,0.6262920741217548,0.626292074039471,104.33515869615918,1102.7472121557985,-16.997212155798437,3.180372631916839e-13,0.125,0.1340337440735013,4343.0,0.6002694412394756,0.6002694411606107,-0.008491719429091221,1102.7557038752275,17.005703875227482
calibration,0.25,0.25,0.25,gross,0.6288501877442956,0.0,104.33515869615918,1102.773626944299,-17.02362694429901,0.0100727384859984,0.125,0.1360454336470843,4343.0,0.6027212644355185,,-0.010382707628259238,1102.7840096519271,17.034009651927136
calibration,0.25,0.25,0.25,minute,0.6208047671663235,0.6240379107395527,104.33515869615918,1102.876008758203,-17.12600875820298,0.0209688808670957,0.125,0.1340021548291268,4343.0,0.5950101336158476,0.5981089390555794,-0.008462025539379199,1102.8844707837422,17.134470783742245
calibration,0.25,0.25,0.25,native,0.6262920741218723,0.6262920741218723,104.33515869615918,1102.7472121557985,-16.997212155798465,0.0,0.125,0.1340337440734993,4343.0,0.6002694412395881,0.6002694412395881,-0.008491719429089342,1102.7557038752275,17.005703875227482
calibration,0.25,0.25,0.25,quarter,1.5020114633762147,0.5654457046483655,104.33515869615918,1104.2603045575736,-18.51030455757355,0.119105336770822,0.125,0.1360017984144924,4343.0,1.439602414129943,0.5419512575765899,-0.010341690509622848,1104.2706462480833,18.520646248083267
calibration,0.25,0.25,0.5,5minute,0.7666667283077799,0.6110782607599589,104.33515869615918,2189.094963805213,-17.594963805213037,0.077891454637001,0.125,0.1341375778351311,4343.0,0.7348114843438703,0.5856877666132827,-0.008589323165023244,2189.103553128378,17.603553128377825
calibration,0.25,0.25,0.5,envelope,0.6262920741217548,0.626292074039471,104.33515869615918,2188.4972121557985,-16.997212155798437,3.180372631916839e-13,0.125,0.1340337440735013,4343.0,0.6002694412394756,0.6002694411606107,-0.008491719429091221,2188.5057038752275,17.005703875227482
calibration,0.25,0.25,0.5,gross,0.6288501877442956,0.0,104.33515869615918,2188.523626944299,-17.02362694429901,0.0100727384859984,0.125,0.1360454336470843,4343.0,0.6027212644355185,,-0.010382707628259238,2188.534009651927,17.034009651927136
calibration,0.25,0.25,0.5,minute,0.6208047671663235,0.6240379107395527,104.33515869615918,2188.626008758203,-17.12600875820298,0.0209688808670957,0.125,0.1340021548291268,4343.0,0.5950101336158476,0.5981089390555794,-0.008462025539379199,2188.6344707837425,17.134470783742472
calibration,0.25,0.25,0.5,native,0.6262920741218723,0.6262920741218723,104.33515869615918,2188.4972121557985,-16.997212155798465,0.0,0.125,0.1340337440734993,4343.0,0.6002694412395881,0.6002694412395881,-0.008491719429089342,2188.5057038752275,17.005703875227482
calibration,0.25,0.25,0.5,quarter,1.5020114633762147,0.5654457046483655,104.33515869615918,2190.0103045575734,-18.51030455757355,0.119105336770822,0.125,0.1360017984144924,4343.0,1.439602414129943,0.5419512575765899,-0.010341690509622848,2190.020646248083,18.520646248082812
calibration,0.25,0.25,0.75,5minute,0.7666667283077799,0.6110782607599589,104.33515869615918,3274.844963805213,-17.594963805213037,0.077891454637001,0.125,0.1341375778351311,4343.0,0.7348114843438703,0.5856877666132827,-0.008589323165023244,3274.853553128378,17.603553128377825
calibration,0.25,0.25,0.75,envelope,0.6262920741217548,0.626292074039471,104.33515869615918,3274.2472121557985,-16.997212155798437,3.180372631916839e-13,0.125,0.1340337440735013,4343.0,0.6002694412394756,0.6002694411606107,-0.008491719429091221,3274.2557038752275,17.005703875227482
calibration,0.25,0.25,0.75,gross,0.6288501877442956,0.0,104.33515869615918,3274.273626944299,-17.02362694429901,0.0100727384859984,0.125,0.1360454336470843,4343.0,0.6027212644355185,,-0.010382707628259238,3274.284009651927,17.034009651927136
calibration,0.25,0.25,0.75,minute,0.6208047671663235,0.6240379107395527,104.33515869615918,3274.376008758203,-17.12600875820298,0.0209688808670957,0.125,0.1340021548291268,4343.0,0.5950101336158476,0.5981089390555794,-0.008462025539379199,3274.3844707837425,17.134470783742472
calibration,0.25,0.25,0.75,native,0.6262920741218723,0.6262920741218723,104.33515869615918,3274.2472121557985,-16.997212155798465,0.0,0.125,0.1340337440734993,4343.0,0.6002694412395881,0.6002694412395881,-0.008491719429089342,3274.2557038752275,17.005703875227482
calibration,0.25,0.25,0.75,quarter,1.5020114633762147,0.5654457046483655,104.33515869615918,3275.7603045575734,-18.51030455757355,0.119105336770822,0.125,0.1360017984144924,4343.0,1.439602414129943,0.5419512575765899,-0.010341690509622848,3275.770646248083,18.520646248082812
calibration,0.25,0.5,0.25,5minute,18.865168308131786,19.055779958385838,208.67031739231837,1116.7042844525035,-30.954284452503583,0.0221095512871432,0.125,0.1496278777112819,4343.0,9.04065731239754,9.132003150481298,-0.02315020504860497,1116.727434657552,30.977434657552067
calibration,0.25,0.5,0.25,envelope,19.301390660503245,19.301390660435878,208.67031739231837,1115.6246658071582,-29.874665807158095,1.3153367284246542e-13,0.125,0.1480633710495666,4343.0,9.249705900535412,9.249705900503129,-0.021679568786592603,1115.6463453759447,29.896345375944748
calibration,0.25,0.5,0.25,gross,18.4570400569215,0.0,208.67031739231837,1116.0981931562549,-30.348193156254812,0.0283945698139507,0.125,0.1514883565840892,4343.0,8.845072115465593,,-0.024899055189043857,1116.123092211444,30.373092211443918
calibration,0.25,0.5,0.25,minute,19.21142205502247,19.272740655798113,208.67031739231837,1115.8586314499305,-30.108631449930545,0.0058413725524323,0.125,0.1480521304044932,4343.0,9.206590709738235,9.235976106541154,-0.0216690025802236,1115.8803004525107,30.13030045251071
calibration,0.25,0.5,0.25,native,19.3013906605028,19.3013906605028,208.67031739231837,1115.624665807158,-29.874665807157854,0.0,0.125,0.1480633710495644,4343.0,9.249705900535199,9.249705900535199,-0.021679568786590542,1115.6463453759445,29.89634537594452
calibration,0.25,0.5,0.25,quarter,18.092329545976437,18.17548338225366,208.67031739231837,1118.5022071570559,-32.752207157055864,0.0620535547029292,0.125,0.1508938356344161,4343.0,8.670293778276706,8.710143162375207,-0.024340205496351137,1118.5265473625523,32.776547362552265
calibration,0.25,0.5,0.5,5minute,18.865168308131786,19.055779958385838,208.67031739231837,2202.4542844525035,-30.954284452503583,0.0221095512871432,0.125,0.1496278777112819,4343.0,9.04065731239754,9.132003150481298,-0.02315020504860497,2202.4774346575523,30.977434657552294
calibration,0.25,0.5,0.5,envelope,19.301390660503245,19.301390660435878,208.67031739231837,2201.374665807158,-29.874665807158095,1.3153367284246542e-13,0.125,0.1480633710495666,4343.0,9.249705900535412,9.249705900503129,-0.021679568786592603,2201.3963453759447,29.896345375944748
calibration,0.25,0.5,0.5,gross,18.4570400569215,0.0,208.67031739231837,2201.8481931562546,-30.348193156254812,0.0283945698139507,0.125,0.1514883565840892,4343.0,8.845072115465593,,-0.024899055189043857,2201.8730922114437,30.37309221144369
calibration,0.25,0.5,0.5,minute,19.21142205502247,19.272740655798113,208.67031739231837,2201.6086314499307,-30.108631449930545,0.0058413725524323,0.125,0.1480521304044932,4343.0,9.206590709738235,9.235976106541154,-0.0216690025802236,2201.630300452511,30.130300452511165
calibration,0.25,0.5,0.5,native,19.3013906605028,19.3013906605028,208.67031739231837,2201.3746658071577,-29.874665807157854,0.0,0.125,0.1480633710495644,4343.0,9.249705900535199,9.249705900535199,-0.021679568786590542,2201.3963453759443,29.896345375944293
calibration,0.25,0.5,0.5,quarter,18.092329545976437,18.17548338225366,208.67031739231837,2204.252207157056,-32.752207157055864,0.0620535547029292,0.125,0.1508938356344161,4343.0,8.670293778276706,8.710143162375207,-0.024340205496351137,2204.2765473625523,32.776547362552265
calibration,0.25,0.5,0.75,5minute,18.865168308131786,19.055779958385838,208.67031739231837,3288.2042844525035,-30.954284452503583,0.0221095512871432,0.125,0.1496278777112819,4343.0,9.04065731239754,9.132003150481298,-0.02315020504860497,3288.2274346575523,30.977434657552294
calibration,0.25,0.5,0.75,envelope,19.301390660503245,19.301390660435878,208.67031739231837,3287.124665807158,-29.874665807158095,1.3153367284246542e-13,0.125,0.1480633710495666,4343.0,9.249705900535412,9.249705900503129,-0.021679568786592603,3287.1463453759447,29.896345375944748
calibration,0.25,0.5,0.75,gross,18.4570400569215,0.0,208.67031739231837,3287.5981931562546,-30.348193156254812,0.0283945698139507,0.125,0.1514883565840892,4343.0,8.845072115465593,,-0.024899055189043857,3287.6230922114437,30.37309221144369
calibration,0.25,0.5,0.75,minute,19.21142205502247,19.272740655798113,208.67031739231837,3287.3586314499307,-30.108631449930545,0.0058413725524323,0.125,0.1480521304044932,4343.0,9.206590709738235,9.235976106541154,-0.0216690025802236,3287.380300452511,30.130300452511165
calibration,0.25,0.5,0.75,native,19.3013906605028,19.3013906605028,208.67031739231837,3287.1246658071577,-29.874665807157854,0.0,0.125,0.1480633710495644,4343.0,9.249705900535199,9.249705900535199,-0.021679568786590542,3287.1463453759443,29.896345375944293
calibration,0.25,0.5,0.75,quarter,18.092329545976437,18.17548338225366,208.67031739231837,3290.002207157056,-32.752207157055864,0.0620535547029292,0.125,0.1508938356344161,4343.0,8.670293778276706,8.710143162375207,-0.024340205496351137,3290.0265473625523,32.776547362552265
calibration,0.25,0.75,0.25,5minute,60.61086594954359,60.82013068336684,313.00547608849115,1123.9482883085861,-38.19828830858624,0.0206718876307081,0.125,0.163050873346137,4343.0,19.364155128202302,19.43101170094932,-0.03576782094536877,1123.9840561295316,38.23405612953161
calibration,0.25,0.75,0.25,envelope,61.405785329209486,61.405785329160594,313.00547608849115,1122.5885547499333,-36.83855474993339,9.944822743079841e-14,0.125,0.1627074882213474,4343.0,19.61811853791631,19.61811853790069,-0.03544503892806655,1122.6239997888615,36.87399978886151
calibration,0.25,0.75,0.25,gross,60.07505625204184,0.0,313.00547608849115,1123.3717129348188,-37.6217129348188,0.0496693378792527,0.125,0.1709031880767877,4343.0,19.192972916249477,,-0.043148996792180434,1123.4148619316109,37.66486193161086
calibration,0.25,0.75,0.25,minute,61.26658073502113,61.330777107659706,313.00547608849115,1122.8923328753224,-37.14233287532236,0.0055756608508999,0.125,0.1626338122006322,4343.0,19.573645004760294,19.594154669140874,-0.03537578346859426,1122.927708658791,37.17770865879106
calibration,0.25,0.75,0.25,native,61.40578532920957,61.40578532920957,313.00547608849115,1122.588554749934,-36.838554749934055,0.0,0.125,0.1627074882213569,4343.0,19.618118537916338,19.618118537916338,-0.035445038928075476,1122.6239997888622,36.87399978886219
calibration,0.25,0.75,0.25,quarter,59.44265595638288,58.96910086673935,313.00547608849115,1126.2677962075243,-40.51779620752423,0.0709943494488107,0.125,0.1694490855356428,4343.0,18.990931628166653,18.839638719313633,-0.04178214040350424,1126.3095783479278,40.559578347927754
calibration,0.25,0.75,0.5,5minute,60.61086594954359,60.82013068336684,313.00547608849115,2209.698288308586,-38.19828830858624,0.0206718876307081,0.125,0.163050873346137,4343.0,19.364155128202302,19.43101170094932,-0.03576782094536877,2209.7340561295314,38.23405612953138
calibration,0.25,0.75,0.5,envelope,61.405785329209486,61.405785329160594,313.00547608849115,2208.3385547499333,-36.83855474993339,9.944822743079841e-14,0.125,0.1627074882213474,4343.0,19.61811853791631,19.61811853790069,-0.03544503892806655,2208.3739997888615,36.87399978886151
calibration,0.25,0.75,0.5,gross,60.07505625204184,0.0,313.00547608849115,2209.121712934819,-37.6217129348188,0.0496693378792527,0.125,0.1709031880767877,4343.0,19.192972916249477,,-0.043148996792180434,2209.164861931611,37.664861931611085
calibration,0.25,0.75,0.5,minute,61.26658073502113,61.330777107659706,313.00547608849115,2208.642332875322,-37.14233287532236,0.0055756608508999,0.125,0.1626338122006322,4343.0,19.573645004760294,19.594154669140874,-0.03537578346859426,2208.677708658791,37.177708658790834
calibration,0.25,0.75,0.5,native,61.40578532920957,61.40578532920957,313.00547608849115,2208.338554749934,-36.838554749934055,0.0,0.125,0.1627074882213569,4343.0,19.618118537916338,19.618118537916338,-0.035445038928075476,2208.373999788862,36.873999788861965
calibration,0.25,0.75,0.5,quarter,59.44265595638288,58.96910086673935,313.00547608849115,2212.017796207524,-40.51779620752423,0.0709943494488107,0.125,0.1694490855356428,4343.0,18.990931628166653,18.839638719313633,-0.04178214040350424,2212.0595783479275,40.55957834792753
calibration,0.25,0.75,0.75,5minute,60.61086594954359,60.82013068336684,313.00547608849115,3295.448288308586,-38.19828830858624,0.0206718876307081,0.125,0.163050873346137,4343.0,19.364155128202302,19.43101170094932,-0.03576782094536877,3295.4840561295314,38.23405612953138
calibration,0.25,0.75,0.75,envelope,61.405785329209486,61.405785329160594,313.00547608849115,3294.0885547499333,-36.83855474993339,9.944822743079841e-14,0.125,0.1627074882213474,4343.0,19.61811853791631,19.61811853790069,-0.03544503892806655,3294.1239997888615,36.87399978886151
calibration,0.25,0.75,0.75,gross,60.07505625204184,0.0,313.00547608849115,3294.871712934819,-37.6217129348188,0.0496693378792527,0.125,0.1709031880767877,4343.0,19.192972916249477,,-0.043148996792180434,3294.914861931611,37.664861931611085
calibration,0.25,0.75,0.75,minute,61.26658073502113,61.330777107659706,313.00547608849115,3294.3923328753226,-37.14233287532236,0.0055756608508999,0.125,0.1626338122006322,4343.0,19.573645004760294,19.594154669140874,-0.03537578346859426,3294.4277086587913,37.17770865879129
calibration,0.25,0.75,0.75,native,61.40578532920957,61.40578532920957,313.00547608849115,3294.0885547499342,-36.838554749934055,0.0,0.125,0.1627074882213569,4343.0,19.618118537916338,19.618118537916338,-0.035445038928075476,3294.1239997888624,36.87399978886242
calibration,0.25,0.75,0.75,quarter,59.44265595638288,58.96910086673935,313.00547608849115,3297.767796207524,-40.51779620752423,0.0709943494488107,0.125,0.1694490855356428,4343.0,18.990931628166653,18.839638719313633,-0.04178214040350424,3297.8095783479275,40.55957834792753
calibration,0.5,0.25,0.25,5minute,0.4573833671722569,5.58395587681183e-13,104.33515869615918,1103.530298368887,-17.78029836888714,0.2143029696349739,0.25,0.1440868173408447,4343.0,0.4383789442485357,5.35194075189286e-13,0.11267359857356948,1103.4176247703135,17.667624770313523
calibration,0.5,0.25,0.25,envelope,1.671189738254315e-10,0.0,104.33515869615918,1102.9326885029436,-17.18268850294356,5.334344077567721e-13,0.25,0.2586629326208137,4343.0,1.601751278417172e-10,0.0,-0.008143156663564868,1102.9408316596073,17.190831659607284
calibration,0.5,0.25,0.25,gross,1.671189738254315e-10,0.0,104.33515869615918,1102.9326885029436,-17.18268850294356,5.334344077567721e-13,0.25,0.2586629326208137,4343.0,1.601751278417172e-10,,-0.008143156663564868,1102.9408316596073,17.190831659607284
calibration,0.5,0.25,0.25,minute,0.015388209176229543,2.7988041681901077e-12,104.33515869615918,1103.0624122029092,-17.312412202909062,0.1139949159937977,0.25,0.1446791166513329,4343.0,0.01474882423962424,2.6825129737336933e-12,0.11204349292411395,1102.950368709985,17.200368709985014
calibration,0.5,0.25,0.25,native,1.6740104129271429e-10,1.6740104129271429e-10,104.33515869615918,1102.9326885029432,-17.182688502943268,0.0,0.25,0.2586629326208874,4343.0,1.6044547531691893e-10,1.6044547531691893e-10,-0.008143156663634164,1102.9408316596068,17.19083165960683
calibration,0.5,0.25,0.25,quarter,1.3136718983707618,1.8814228408530852e-13,104.33515869615918,1104.4362674666766,-18.68626746667653,0.2441053367708221,0.25,0.1436412472559318,4343.0,1.2590884173535273,1.8032491294062167e-13,0.11314760930220022,1104.3231198573744,18.573119857374422
calibration,0.5,0.25,0.5,5minute,0.4573833671722569,5.58395587681183e-13,104.33515869615918,2189.280298368887,-17.78029836888714,0.2143029696349739,0.25,0.1440868173408447,4343.0,0.4383789442485357,5.35194075189286e-13,0.11267359857356948,2189.1676247703135,17.667624770313523
calibration,0.5,0.25,0.5,envelope,1.671189738254315e-10,0.0,104.33515869615918,2188.6826885029436,-17.18268850294356,5.334344077567721e-13,0.25,0.2586629326208137,4343.0,1.601751278417172e-10,0.0,-0.008143156663564868,2188.6908316596073,17.190831659607284
calibration,0.5,0.25,0.5,gross,1.671189738254315e-10,0.0,104.33515869615918,2188.6826885029436,-17.18268850294356,5.334344077567721e-13,0.25,0.2586629326208137,4343.0,1.601751278417172e-10,,-0.008143156663564868,2188.6908316596073,17.190831659607284
calibration,0.5,0.25,0.5,minute,0.015388209176229543,2.7988041681901077e-12,104.33515869615918,2188.812412202909,-17.312412202909062,0.1139949159937977,0.25,0.1446791166513329,4343.0,0.01474882423962424,2.6825129737336933e-12,0.11204349292411395,2188.700368709985,17.200368709985014
calibration,0.5,0.25,0.5,native,1.6740104129271429e-10,1.6740104129271429e-10,104.33515869615918,2188.682688502943,-17.182688502943268,0.0,0.25,0.2586629326208874,4343.0,1.6044547531691893e-10,1.6044547531691893e-10,-0.008143156663634164,2188.690831659607,17.19083165960683
calibration,0.5,0.25,0.5,quarter,1.3136718983707618,1.8814228408530852e-13,104.33515869615918,2190.1862674666763,-18.68626746667653,0.2441053367708221,0.25,0.1436412472559318,4343.0,1.2590884173535273,1.8032491294062167e-13,0.11314760930220022,2190.073119857374,18.573119857373968
calibration,0.5,0.25,0.75,5minute,0.4573833671722569,5.58395587681183e-13,104.33515869615918,3275.030298368887,-17.78029836888714,0.2143029696349739,0.25,0.1440868173408447,4343.0,0.4383789442485357,5.35194075189286e-13,0.11267359857356948,3274.9176247703135,17.667624770313523
calibration,0.5,0.25,0.75,envelope,1.671189738254315e-10,0.0,104.33515869615918,3274.4326885029436,-17.18268850294356,5.334344077567721e-13,0.25,0.2586629326208137,4343.0,1.601751278417172e-10,0.0,-0.008143156663564868,3274.4408316596073,17.190831659607284
calibration,0.5,0.25,0.75,gross,1.671189738254315e-10,0.0,104.33515869615918,3274.4326885029436,-17.18268850294356,5.334344077567721e-13,0.25,0.2586629326208137,4343.0,1.601751278417172e-10,,-0.008143156663564868,3274.4408316596073,17.190831659607284
calibration,0.5,0.25,0.75,minute,0.015388209176229543,2.7988041681901077e-12,104.33515869615918,3274.5624122029094,-17.312412202909062,0.1139949159937977,0.25,0.1446791166513329,4343.0,0.01474882423962424,2.6825129737336933e-12,0.11204349292411395,3274.4503687099855,17.20036870998547
calibration,0.5,0.25,0.75,native,1.6740104129271429e-10,1.6740104129271429e-10,104.33515869615918,3274.432688502943,-17.182688502943268,0.0,0.25,0.2586629326208874,4343.0,1.6044547531691893e-10,1.6044547531691893e-10,-0.008143156663634164,3274.440831659607,17.19083165960683
calibration,0.5,0.25,0.75,quarter,1.3136718983707618,1.8814228408530852e-13,104.33515869615918,3275.9362674666763,-18.68626746667653,0.2441053367708221,0.25,0.1436412472559318,4343.0,1.2590884173535273,1.8032491294062167e-13,0.11314760930220022,3275.823119857374,18.573119857373968
calibration,0.5,0.5,0.25,5minute,1.5333334566155616,1.2221565215199188,208.67031739231837,1120.9399276104261,-35.189927610426075,0.155782909274002,0.25,0.2682751556702623,4343.0,0.7348114843438711,0.5856877666132831,-0.01717864633004654,1120.957106256756,35.207106256756106
calibration,0.5,0.5,0.25,envelope,1.2525841482435107,1.2525841480789426,208.67031739231837,1119.744424311597,-33.99442431159687,6.360745263833678e-13,0.25,0.2680674881470026,4343.0,0.6002694412394761,0.6002694411606109,-0.016983438858182442,1119.7614077504552,34.01140775045519
calibration,0.5,0.5,0.25,gross,1.2577003754885923,0.0,208.67031739231837,1119.797253888598,-34.04725388859803,0.0201454769719969,0.25,0.2720908672941687,4343.0,0.6027212644355191,,-0.02076541525651858,1119.8180193038547,34.068019303854726
calibration,0.5,0.5,0.25,minute,1.2416095343326483,1.2480758214791061,208.67031739231837,1120.0020175164059,-34.25201751640596,0.0419377617341915,0.25,0.2680043096582537,4343.0,0.5950101336158483,0.5981089390555796,-0.016924051078758502,1120.0189415674847,34.26894156748472
calibration,0.5,0.5,0.25,native,1.2525841482437454,1.2525841482437454,208.67031739231837,1119.744424311597,-33.99442431159694,0.0,0.25,0.2680674881469986,4343.0,0.6002694412395886,0.6002694412395886,-0.016983438858178684,1119.7614077504552,34.01140775045519
calibration,0.5,0.5,0.25,quarter,3.0040229267524325,1.130891409296732,208.67031739231837,1122.7706091151472,-37.0206091151471,0.238210673541644,0.25,0.2720035968289848,4343.0,1.4396024141299444,0.5419512575765904,-0.020683381019245696,1122.7912924961665,37.041292496166534
calibration,0.5,0.5,0.5,5minute,1.5333334566155616,1.2221565215199188,208.67031739231837,2206.689927610426,-35.189927610426075,0.155782909274002,0.25,0.2682751556702623,4343.0,0.7348114843438711,0.5856877666132831,-0.01717864633004654,2206.707106256756,35.207106256756106
calibration,0.5,0.5,0.5,envelope,1.2525841482435107,1.2525841480789426,208.67031739231837,2205.494424311597,-33.99442431159687,6.360745263833678e-13,0.25,0.2680674881470026,4343.0,0.6002694412394761,0.6002694411606109,-0.016983438858182442,2205.511407750455,34.011407750454964
calibration,0.5,0.5,0.5,gross,1.2577003754885923,0.0,208.67031739231837,2205.547253888598,-34.04725388859803,0.0201454769719969,0.25,0.2720908672941687,4343.0,0.6027212644355191,,-0.02076541525651858,2205.5680193038543,34.06801930385427
calibration,0.5,0.5,0.5,minute,1.2416095343326483,1.2480758214791061,208.67031739231837,2205.752017516406,-34.25201751640596,0.0419377617341915,0.25,0.2680043096582537,4343.0,0.5950101336158483,0.5981089390555796,-0.016924051078758502,2205.7689415674845,34.26894156748449
calibration,0.5,0.5,0.5,native,1.2525841482437454,1.2525841482437454,208.67031739231837,2205.494424311597,-33.99442431159694,0.0,0.25,0.2680674881469986,4343.0,0.6002694412395886,0.6002694412395886,-0.016983438858178684,2205.511407750455,34.011407750454964
calibration,0.5,0.5,0.5,quarter,3.0040229267524325,1.130891409296732,208.67031739231837,2208.520609115147,-37.0206091151471,0.238210673541644,0.25,0.2720035968289848,4343.0,1.4396024141299444,0.5419512575765904,-0.020683381019245696,2208.5412924961665,37.041292496166534
calibration,0.5,0.5,0.75,5minute,1.5333334566155616,1.2221565215199188,208.67031739231837,3292.439927610426,-35.189927610426075,0.155782909274002,0.25,0.2682751556702623,4343.0,0.7348114843438711,0.5856877666132831,-0.01717864633004654,3292.457106256756,35.207106256756106
calibration,0.5,0.5,0.75,envelope,1.2525841482435107,1.2525841480789426,208.67031739231837,3291.244424311597,-33.99442431159687,6.360745263833678e-13,0.25,0.2680674881470026,4343.0,0.6002694412394761,0.6002694411606109,-0.016983438858182442,3291.261407750455,34.011407750454964
calibration,0.5,0.5,0.75,gross,1.2577003754885923,0.0,208.67031739231837,3291.297253888598,-34.04725388859803,0.0201454769719969,0.25,0.2720908672941687,4343.0,0.6027212644355191,,-0.02076541525651858,3291.3180193038543,34.06801930385427
calibration,0.5,0.5,0.75,minute,1.2416095343326483,1.2480758214791061,208.67031739231837,3291.502017516406,-34.25201751640596,0.0419377617341915,0.25,0.2680043096582537,4343.0,0.5950101336158483,0.5981089390555796,-0.016924051078758502,3291.5189415674845,34.26894156748449
calibration,0.5,0.5,0.75,native,1.2525841482437454,1.2525841482437454,208.67031739231837,3291.244424311597,-33.99442431159694,0.0,0.25,0.2680674881469986,4343.0,0.6002694412395886,0.6002694412395886,-0.016983438858178684,3291.261407750455,34.011407750454964
calibration,0.5,0.5,0.75,quarter,3.0040229267524325,1.130891409296732,208.67031739231837,3294.270609115147,-37.0206091151471,0.238210673541644,0.25,0.2720035968289848,4343.0,1.4396024141299444,0.5419512575765904,-0.020683381019245696,3294.2912924961665,37.041292496166534
calibration,0.5,0.75,0.25,5minute,12.308106615909137,12.513136368923151,313.00547608849115,1136.3969051742129,-50.64690517421293,0.0800499074938432,0.25,0.282365391400859,4343.0,3.9322336368420143,3.997737204247988,-0.030423467916807438,1136.4273286421296,50.67732864212962
calibration,0.5,0.75,0.25,envelope,12.720548281203135,12.720548281048975,313.00547608849115,1134.6691861369707,-48.91918613697062,3.719247132494274e-13,0.25,0.2817583826891541,4343.0,4.064001831586759,4.0640018315375075,-0.02985287972780485,1134.6990390166984,48.94903901669841
calibration,0.5,0.75,0.25,gross,12.339809488182198,0.0,313.00547608849115,1134.9334792775269,-49.1834792775269,0.036631962940296,0.25,0.2889645285322902,4343.0,3.9423621728245917,,-0.03662665682035279,1134.9701059343472,49.2201059343472
calibration,0.5,0.75,0.25,minute,12.614999480338218,12.70014269288724,313.00547608849115,1135.0405921800786,-49.29059218007857,0.0234655348112883,0.25,0.2816567299282875,4343.0,4.030280759935259,4.057482588354693,-0.029757326132590245,1135.0703495062112,49.32034950621119
calibration,0.5,0.75,0.25,native,12.72054828120344,12.72054828120344,313.00547608849115,1134.6691861369702,-48.919186136970154,0.0,0.25,0.2817583826891358,4343.0,4.0640018315868565,4.0640018315868565,-0.02985287972778763,1134.699039016698,48.94903901669795
calibration,0.5,0.75,0.25,quarter,12.426438794234208,11.785021259845829,313.00547608849115,1139.0761325633764,-53.32613256337635,0.1739588983843153,0.25,0.2878060388243099,4343.0,3.9700387831940285,3.765116638570896,-0.03553767649485129,1139.1116702398713,53.36167023987127
calibration,0.5,0.75,0.5,5minute,12.308106615909137,12.513136368923151,313.00547608849115,2222.146905174213,-50.64690517421293,0.0800499074938432,0.25,0.282365391400859,4343.0,3.9322336368420143,3.997737204247988,-0.030423467916807438,2222.17732864213,50.67732864212985
calibration,0.5,0.75,0.5,envelope,12.720548281203135,12.720548281048975,313.00547608849115,2220.4191861369704,-48.91918613697062,3.719247132494274e-13,0.25,0.2817583826891541,4343.0,4.064001831586759,4.0640018315375075,-0.02985287972780485,2220.4490390166984,48.94903901669841
calibration,0.5,0.75,0.5,gross,12.339809488182198,0.0,313.00547608849115,2220.6834792775267,-49.1834792775269,0.036631962940296,0.25,0.2889645285322902,4343.0,3.9423621728245917,,-0.03662665682035279,2220.720105934347,49.220105934346975
calibration,0.5,0.75,0.5,minute,12.614999480338218,12.70014269288724,313.00547608849115,2220.7905921800784,-49.29059218007857,0.0234655348112883,0.25,0.2816567299282875,4343.0,4.030280759935259,4.057482588354693,-0.029757326132590245,2220.820349506211,49.32034950621119
calibration,0.5,0.75,0.5,native,12.72054828120344,12.72054828120344,313.00547608849115,2220.41918613697,-48.919186136970154,0.0,0.25,0.2817583826891358,4343.0,4.0640018315868565,4.0640018315868565,-0.02985287972778763,2220.449039016698,48.94903901669795
calibration,0.5,0.75,0.5,quarter,12.426438794234208,11.785021259845829,313.00547608849115,2224.8261325633766,-53.32613256337635,0.1739588983843153,0.25,0.2878060388243099,4343.0,3.9700387831940285,3.765116638570896,-0.03553767649485129,2224.8616702398713,53.36167023987127
calibration,0.5,0.75,0.75,5minute,12.308106615909137,12.513136368923151,313.00547608849115,3307.896905174213,-50.64690517421293,0.0800499074938432,0.25,0.282365391400859,4343.0,3.9322336368420143,3.997737204247988,-0.030423467916807438,3307.92732864213,50.67732864212985
calibration,0.5,0.75,0.75,envelope,12.720548281203135,12.720548281048975,313.00547608849115,3306.1691861369704,-48.91918613697062,3.719247132494274e-13,0.25,0.2817583826891541,4343.0,4.064001831586759,4.0640018315375075,-0.02985287972780485,3306.1990390166984,48.94903901669841
calibration,0.5,0.75,0.75,gross,12.339809488182198,0.0,313.00547608849115,3306.433479277527,-49.1834792775269,0.036631962940296,0.25,0.2889645285322902,4343.0,3.9423621728245917,,-0.03662665682035279,3306.4701059343474,49.22010593434743
calibration,0.5,0.75,0.75,minute,12.614999480338218,12.70014269288724,313.00547608849115,3306.540592180079,-49.29059218007857,0.0234655348112883,0.25,0.2816567299282875,4343.0,4.030280759935259,4.057482588354693,-0.029757326132590245,3306.5703495062116,49.32034950621164
calibration,0.5,0.75,0.75,native,12.72054828120344,12.72054828120344,313.00547608849115,3306.16918613697,-48.919186136970154,0.0,0.25,0.2817583826891358,4343.0,4.0640018315868565,4.0640018315868565,-0.02985287972778763,3306.199039016698,48.94903901669795
calibration,0.5,0.75,0.75,quarter,12.426438794234208,11.785021259845829,313.00547608849115,3310.5761325633766,-53.32613256337635,0.1739588983843153,0.25,0.2878060388243099,4343.0,3.9700387831940285,3.765116638570896,-0.03553767649485129,3310.6116702398713,53.36167023987127
calibration,1.0,0.25,0.25,5minute,0.22238336723933225,1.1208097231087848e-12,104.33515869615918,1103.530298368887,-17.78029836888714,0.4528914546370035,0.5,0.1440868173408448,4343.0,0.21314326830800007,1.0742397262007945e-12,0.37863104538208,1103.151667323505,17.40166732350508
calibration,1.0,0.25,0.25,envelope,3.350483112480782e-10,0.0,104.33515869615918,1102.9326885029436,-17.182688502943563,1.2190803921896533e-12,0.5,0.5086629326217291,4343.0,3.2112694841802366e-10,0.0,-0.008143156664425376,1102.940831659608,17.190831659607966
calibration,1.0,0.25,0.25,gross,3.350483112480782e-10,0.0,104.33515869615918,1102.9326885029436,-17.182688502943563,1.2190803921896533e-12,0.5,0.5086629326217291,4343.0,3.2112694841802366e-10,,-0.008143156664425376,1102.940831659608,17.190831659607966
calibration,1.0,0.25,0.25,minute,2.33118996315553e-10,5.589293963681812e-12,104.33515869615918,1103.062412202909,-17.312412202909076,0.1303653511647745,0.5,0.378308681480356,4343.0,2.2343282861574317e-10,5.357057039572574e-12,0.12945884948898298,1102.9329533534199,17.18295335341986
calibration,1.0,0.25,0.25,native,3.3554539083202146e-10,3.3554539083202146e-10,104.33515869615918,1102.9326885029443,-17.18268850294432,0.0,0.5,0.5086629326208928,4343.0,3.216033741887371e-10,3.216033741887371e-10,-0.008143156663639226,1102.940831659608,17.190831659607966
calibration,1.0,0.25,0.25,quarter,1.0786718984006631,3.7624669425705086e-13,104.33515869615918,1104.4362674666766,-18.686267466676526,0.4941053367708223,0.5,0.1436412472559318,4343.0,1.0338527413773624,3.6061352564071134e-13,0.3791050561107109,1104.0571624105658,18.307162410565752
calibration,1.0,0.25,0.5,5minute,0.22238336723933225,1.1208097231087848e-12,104.33515869615918,2189.280298368887,-17.78029836888714,0.4528914546370035,0.5,0.1440868173408448,4343.0,0.21314326830800007,1.0742397262007945e-12,0.37863104538208,2188.901667323505,17.40166732350508
calibration,1.0,0.25,0.5,envelope,3.350483112480782e-10,0.0,104.33515869615918,2188.6826885029436,-17.182688502943563,1.2190803921896533e-12,0.5,0.5086629326217291,4343.0,3.2112694841802366e-10,0.0,-0.008143156664425376,2188.690831659608,17.190831659608193
calibration,1.0,0.25,0.5,gross,3.350483112480782e-10,0.0,104.33515869615918,2188.6826885029436,-17.182688502943563,1.2190803921896533e-12,0.5,0.5086629326217291,4343.0,3.2112694841802366e-10,,-0.008143156664425376,2188.690831659608,17.190831659608193
calibration,1.0,0.25,0.5,minute,2.33118996315553e-10,5.589293963681812e-12,104.33515869615918,2188.812412202909,-17.312412202909076,0.1303653511647745,0.5,0.378308681480356,4343.0,2.2343282861574317e-10,5.357057039572574e-12,0.12945884948898298,2188.68295335342,17.18295335342009
calibration,1.0,0.25,0.5,native,3.3554539083202146e-10,3.3554539083202146e-10,104.33515869615918,2188.6826885029445,-17.18268850294432,0.0,0.5,0.5086629326208928,4343.0,3.216033741887371e-10,3.216033741887371e-10,-0.008143156663639226,2188.690831659608,17.190831659608193
calibration,1.0,0.25,0.5,quarter,1.0786718984006631,3.7624669425705086e-13,104.33515869615918,2190.1862674666763,-18.686267466676526,0.4941053367708223,0.5,0.1436412472559318,4343.0,1.0338527413773624,3.6061352564071134e-13,0.3791050561107109,2189.8071624105655,18.307162410565525
calibration,1.0,0.25,0.75,5minute,0.22238336723933225,1.1208097231087848e-12,104.33515869615918,3275.030298368887,-17.78029836888714,0.4528914546370035,0.5,0.1440868173408448,4343.0,0.21314326830800007,1.0742397262007945e-12,0.37863104538208,3274.651667323505,17.40166732350508
calibration,1.0,0.25,0.75,envelope,3.350483112480782e-10,0.0,104.33515869615918,3274.4326885029436,-17.182688502943563,1.2190803921896533e-12,0.5,0.5086629326217291,4343.0,3.2112694841802366e-10,0.0,-0.008143156664425376,3274.440831659608,17.190831659608193
calibration,1.0,0.25,0.75,gross,3.350483112480782e-10,0.0,104.33515869615918,3274.4326885029436,-17.182688502943563,1.2190803921896533e-12,0.5,0.5086629326217291,4343.0,3.2112694841802366e-10,,-0.008143156664425376,3274.440831659608,17.190831659608193
calibration,1.0,0.25,0.75,minute,2.33118996315553e-10,5.589293963681812e-12,104.33515869615918,3274.562412202909,-17.312412202909076,0.1303653511647745,0.5,0.378308681480356,4343.0,2.2343282861574317e-10,5.357057039572574e-12,0.12945884948898298,3274.43295335342,17.18295335342009
calibration,1.0,0.25,0.75,native,3.3554539083202146e-10,3.3554539083202146e-10,104.33515869615918,3274.432688502944,-17.18268850294432,0.0,0.5,0.5086629326208928,4343.0,3.216033741887371e-10,3.216033741887371e-10,-0.008143156663639226,3274.4408316596077,17.19083165960774
calibration,1.0,0.25,0.75,quarter,1.0786718984006631,3.7624669425705086e-13,104.33515869615918,3275.9362674666763,-18.686267466676526,0.4941053367708223,0.5,0.1436412472559318,4343.0,1.0338527413773624,3.6061352564071134e-13,0.3791050561107109,3275.5571624105655,18.307162410565525
calibration,1.0,0.5,0.25,5minute,0.9160607014404687,1.1175911771581544e-12,208.67031739231837,1121.3061842648503,-35.55618426485035,0.4286059392699478,0.5,0.2893379625030807,4343.0,0.43899904542637697,5.355774559239231e-13,0.22410855052863757,1121.0820757143217,35.33207571432172
calibration,1.0,0.5,0.25,envelope,3.3399368129499716e-10,0.0,208.67031739231837,1120.111045134857,-34.361045134857115,1.008249039813336e-12,0.5,0.5169701228812882,4343.0,1.6005806933578384e-10,0.0,-0.015951915508410894,1120.1269970503654,34.37699705036539
calibration,1.0,0.5,0.25,gross,3.3399368129499716e-10,0.0,208.67031739231837,1120.111045134857,-34.361045134857115,1.008249039813336e-12,0.5,0.5169701228812882,4343.0,1.6005806933578384e-10,,-0.015951915508410894,1120.1269970503654,34.37699705036539
calibration,1.0,0.5,0.25,minute,0.043731767465508005,5.59706602163697e-12,208.67031739231837,1120.3705651342111,-34.62056513421105,0.2236092563301804,0.5,0.3027263572823324,4343.0,0.020957349378679706,2.6822530830362418e-12,0.20986557735922087,1120.1606995568518,34.410699556851796
calibration,1.0,0.5,0.25,native,3.3449047177270614e-10,3.3449047177270614e-10,208.67031739231837,1120.111045134856,-34.36104513485606,0.0,0.5,0.516970122881313,4343.0,1.6029614367425095e-10,1.6029614367425095e-10,-0.01595191550843427,1120.1269970503645,34.37699705036448
calibration,1.0,0.5,0.25,quarter,2.6279326924247512,3.757603462558249e-13,208.67031739231837,1123.1171384957038,-37.36713849570384,0.4882106735416443,0.5,0.28871032068779,4343.0,1.2593706307946082,1.800736927760371e-13,0.22477625458745745,1122.8923622411164,37.142362241116416
calibration,1.0,0.5,0.5,5minute,0.9147667343445145,1.116791175362366e-12,208.67031739231837,2207.060596737774,-35.56059673777429,0.4286059392699478,0.5,0.2881736346816895,4343.0,0.4383789442485361,5.35194075189286e-13,0.22534719714713886,2206.835249540627,35.335249540627046
calibration,1.0,0.5,0.5,envelope,3.34237947650863e-10,0.0,208.67031739231837,2205.8653770058872,-34.365377005887126,1.0668688155135442e-12,0.5,0.5173258652416274,4343.0,1.601751278417172e-10,0.0,-0.016286313327129737,2205.8816633192146,34.38166331921457
calibration,1.0,0.5,0.5,gross,3.34237947650863e-10,0.0,208.67031739231837,2205.8653770058872,-34.365377005887126,1.0668688155135442e-12,0.5,0.5173258652416274,4343.0,1.601751278417172e-10,,-0.016286313327129737,2205.8816633192146,34.38166331921457
calibration,1.0,0.5,0.5,minute,0.030776418352459086,5.5976083363802154e-12,208.67031739231837,2206.1248244058183,-34.624824405818124,0.2279898319875954,0.5,0.2893582333026658,4343.0,0.01474882423962424,2.6825129737336933e-12,0.2240869858482279,2205.90073741997,34.40073741997003
calibration,1.0,0.5,0.5,native,3.3480208258542857e-10,3.3480208258542857e-10,208.67031739231837,2205.8653770058863,-34.36537700588654,0.0,0.5,0.5173258652417749,4343.0,1.6044547531691893e-10,1.6044547531691893e-10,-0.01628631332726843,2205.8816633192137,34.38166331921366
calibration,1.0,0.5,0.5,quarter,2.627343796741526,3.7628456817061703e-13,208.67031739231837,2208.872534933353,-37.372534933353066,0.4882106735416443,0.5,0.2872824945118637,4343.0,1.2590884173535284,1.8032491294062167e-13,0.2262952186044003,2208.646239714749,37.146239714748845
calibration,1.0,0.5,0.75,5minute,0.8730314078150381,0.047692568210384007,208.67031739231837,3292.7480240486884,-35.49802404868833,0.428620140282456,0.5,0.2881736346816895,4343.0,0.4183783389631133,0.022855463492068122,0.22534719714713886,3292.5226768515413,35.27267685154129
calibration,1.0,0.5,0.75,envelope,0.0478697165531697,0.0478697162191224,208.67031739231837,3291.552296519973,-34.30229651997283,1.1809997424450105e-12,0.5,0.5173258652415132,4343.0,0.022940357378749974,0.02294035721866621,-0.016286313327022454,3291.5685828333,34.31858283329984
calibration,1.0,0.5,0.75,gross,0.04786971652168591,0.0,208.67031739231837,3291.5643681638026,-34.31436816380262,0.0124318590243627,0.5,0.504894006218053,4343.0,0.022940357363662157,,-0.0046003658449698445,3291.5689685296475,34.318968529647464
calibration,1.0,0.5,0.75,minute,2.3564429028391455e-10,0.048015266743806594,208.67031739231837,3291.8114475478997,-34.561447547899554,0.2154510298526746,0.5,0.3018970354375866,4343.0,1.129265979122861e-10,0.023010108645943023,0.21074783464086533,3291.600699713259,34.35069971325902
calibration,1.0,0.5,0.75,native,0.047869716554017595,0.047869716554017595,208.67031739231837,3291.552296519971,-34.30229651997143,0.0,0.5,0.5173258652417749,4343.0,0.02294035737915631,0.02294035737915631,-0.01628631332726843,3291.5685828332985,34.31858283329848
calibration,1.0,0.5,0.75,quarter,2.597777703793462,0.03624939238197719,208.67031739231837,3294.572421200267,-37.32242120026671,0.4882106735416443,0.5,0.2872824945118637,4343.0,1.2449196111152758,0.017371609357273932,0.2262952186044003,3294.3461259816627,37.09612598166268
calibration,1.0,0.75,0.25,5minute,1.9999388822238182,2.0555690992007243,313.00547608849115,1137.7980770022828,-52.048077002282696,0.2929953819519348,0.5,0.4767970220123675,4343.0,0.6389469306468002,0.6567198519618185,0.024684019135779247,1137.773392983147,52.023392983147005
calibration,1.0,0.75,0.25,envelope,2.0633893472993523,2.0633893469680573,313.00547608849115,1136.0158787442163,-50.26587874421635,7.509548538564559e-13,0.5,0.5103273427188113,4343.0,0.6592182900710665,0.6592182899652232,-0.009707702155682627,1136.025586446372,50.27558644637202
calibration,1.0,0.75,0.25,gross,2.05185064606675,0.0,313.00547608849115,1136.090574186215,-50.34057418621502,0.0309951655620671,0.5,0.5151295788244814,4343.0,0.6555318685500129,,-0.01422180409501252,1136.10479599031,50.354795990310095
calibration,1.0,0.75,0.25,minute,1.98972294388089,2.065600835847702,313.00547608849115,1136.3992019787393,-50.64920197873923,0.0632564099193154,0.5,0.4777897793431757,4343.0,0.6356831096841152,0.659924823572009,0.023627894315770556,1136.3755740844235,50.62557408442353
calibration,1.0,0.75,0.25,native,2.063389347300523,2.063389347300523,313.00547608849115,1136.0158787442188,-50.265878744218774,0.0,0.5,0.5103273427183412,4343.0,0.6592182900714405,0.6592182900714405,-0.009707702155240762,1136.025586446374,50.275586446374064
calibration,1.0,0.75,0.25,quarter,3.774885099786733,2.007684338644708,313.00547608849115,1140.516745433348,-54.76674543334805,0.4826946180136681,0.5,0.4760266464627811,4343.0,1.2060124784269008,0.6414214740693888,0.02550356759278608,1140.4912418657552,54.74124186575523
calibration,1.0,0.75,0.5,5minute,1.9999388822238182,2.0555690992007243,313.00547608849115,2223.5480770022828,-52.048077002282696,0.2929953819519348,0.5,0.4767970220123675,4343.0,0.6389469306468002,0.6567198519618185,0.024684019135779247,2223.523392983147,52.023392983147005
calibration,1.0,0.75,0.5,envelope,2.0633893472993523,2.0633893469680573,313.00547608849115,2221.7658787442165,-50.26587874421635,7.509548538564559e-13,0.5,0.5103273427188113,4343.0,0.6592182900710665,0.6592182899652232,-0.009707702155682627,2221.775586446372,50.27558644637202
calibration,1.0,0.75,0.5,gross,2.05185064606675,0.0,313.00547608849115,2221.840574186215,-50.34057418621502,0.0309951655620671,0.5,0.5151295788244814,4343.0,0.6555318685500129,,-0.01422180409501252,2221.85479599031,50.35479599030987
calibration,1.0,0.75,0.5,minute,1.98972294388089,2.065600835847702,313.00547608849115,2222.1492019787393,-50.64920197873923,0.0632564099193154,0.5,0.4777897793431757,4343.0,0.6356831096841152,0.659924823572009,0.023627894315770556,2222.1255740844235,50.62557408442353
calibration,1.0,0.75,0.5,native,2.063389347300523,2.063389347300523,313.00547608849115,2221.7658787442188,-50.265878744218774,0.0,0.5,0.5103273427183412,4343.0,0.6592182900714405,0.6592182900714405,-0.009707702155240762,2221.775586446374,50.275586446373836
calibration,1.0,0.75,0.5,quarter,3.774885099786733,2.007684338644708,313.00547608849115,2226.266745433348,-54.76674543334805,0.4826946180136681,0.5,0.4760266464627811,4343.0,1.2060124784269008,0.6414214740693888,0.02550356759278608,2226.2412418657555,54.741241865755455
calibration,1.0,0.75,0.75,5minute,1.9999388822238182,2.0555690992007243,313.00547608849115,3309.2980770022828,-52.048077002282696,0.2929953819519348,0.5,0.4767970220123675,4343.0,0.6389469306468002,0.6567198519618185,0.024684019135779247,3309.273392983147,52.023392983147005
calibration,1.0,0.75,0.75,envelope,2.0633893472993523,2.0633893469680573,313.00547608849115,3307.5158787442165,-50.26587874421635,7.509548538564559e-13,0.5,0.5103273427188113,4343.0,0.6592182900710665,0.6592182899652232,-0.009707702155682627,3307.525586446372,50.27558644637202
calibration,1.0,0.75,0.75,gross,2.05185064606675,0.0,313.00547608849115,3307.5905741862152,-50.34057418621502,0.0309951655620671,0.5,0.5151295788244814,4343.0,0.6555318685500129,,-0.01422180409501252,3307.6047959903103,50.35479599031032
calibration,1.0,0.75,0.75,minute,1.98972294388089,2.065600835847702,313.00547608849115,3307.8992019787393,-50.64920197873923,0.0632564099193154,0.5,0.4777897793431757,4343.0,0.6356831096841152,0.659924823572009,0.023627894315770556,3307.8755740844235,50.62557408442353
calibration,1.0,0.75,0.75,native,2.063389347300523,2.063389347300523,313.00547608849115,3307.5158787442188,-50.265878744218774,0.0,0.5,0.5103273427183412,4343.0,0.6592182900714405,0.6592182900714405,-0.009707702155240762,3307.525586446374,50.275586446373836
calibration,1.0,0.75,0.75,quarter,3.774885099786733,2.007684338644708,313.00547608849115,3312.016745433348,-54.76674543334805,0.4826946180136681,0.5,0.4760266464627811,4343.0,1.2060124784269008,0.6414214740693888,0.02550356759278608,3311.9912418657555,54.741241865755455
calibration,2.0,0.25,0.25,5minute,4.039448602807366e-10,2.2555522145876775e-12,104.33515869615918,1103.530298368887,-17.78029836888714,0.6012237723402374,1.0,0.4075087672319211,4343.0,3.8716082414470583e-10,2.161833309858865e-12,0.630309822093701,1102.8999885467933,17.149988546793338
calibration,2.0,0.25,0.25,envelope,6.691929504797853e-10,0.0,104.33515869615918,1102.9326885029436,-17.182688502943552,2.7993163342898697e-12,1.0,1.008662932622147,4343.0,6.413877726764984e-10,0.0,-0.008143156664818192,1102.9408316596084,17.19083165960842
calibration,2.0,0.25,0.25,gross,6.691929504797853e-10,0.0,104.33515869615918,1102.9326885029436,-17.182688502943552,2.7993163342898697e-12,1.0,1.008662932622147,4343.0,6.413877726764984e-10,,-0.008143156664818192,1102.9408316596084,17.19083165960842
calibration,2.0,0.25,0.25,minute,4.663259643328918e-10,1.1207796495316168e-11,104.33515869615918,1103.0624122029092,-17.31241220290908,0.1303653511643483,1.0,0.8783086814807821,4343.0,4.46949973681363e-10,1.0742109021902272e-11,0.12945884948852968,1102.9329533534205,17.182953353420544
calibration,2.0,0.25,0.25,native,6.698891974367922e-10,6.698891974367922e-10,104.33515869615918,1102.932688502946,-17.18268850294596,0.0,1.0,1.00866293262091,4343.0,6.420550903532122e-10,6.420550903532122e-10,-0.008143156663655402,1102.9408316596096,17.190831659609557
calibration,2.0,0.25,0.25,quarter,0.6086718985315628,7.551192279200397e-13,104.33515869615918,1104.4362674666766,-18.686267466676533,0.9833426959684636,1.0,0.143641247255932,4343.0,0.5833813894931751,7.237437862332378e-13,0.911019949727732,1103.5252475169489,17.775247516948866
calibration,2.0,0.25,0.5,5minute,4.039448602807366e-10,2.2555522145876775e-12,104.33515869615918,2189.280298368887,-17.78029836888714,0.6012237723402374,1.0,0.4075087672319211,4343.0,3.8716082414470583e-10,2.161833309858865e-12,0.630309822093701,2188.6499885467933,17.149988546793338
calibration,2.0,0.25,0.5,envelope,6.691929504797853e-10,0.0,104.33515869615918,2188.6826885029436,-17.182688502943552,2.7993163342898697e-12,1.0,1.008662932622147,4343.0,6.413877726764984e-10,0.0,-0.008143156664818192,2188.6908316596086,17.190831659608648
calibration,2.0,0.25,0.5,gross,6.691929504797853e-10,0.0,104.33515869615918,2188.6826885029436,-17.182688502943552,2.7993163342898697e-12,1.0,1.008662932622147,4343.0,6.413877726764984e-10,,-0.008143156664818192,2188.6908316596086,17.190831659608648
calibration,2.0,0.25,0.5,minute,4.663259643328918e-10,1.1207796495316168e-11,104.33515869615918,2188.812412202909,-17.31241220290908,0.1303653511643483,1.0,0.8783086814807821,4343.0,4.46949973681363e-10,1.0742109021902272e-11,0.12945884948852968,2188.6829533534205,17.182953353420544
calibration,2.0,0.25,0.5,native,6.698891974367922e-10,6.698891974367922e-10,104.33515869615918,2188.682688502946,-17.18268850294596,0.0,1.0,1.00866293262091,4343.0,6.420550903532122e-10,6.420550903532122e-10,-0.008143156663655402,2188.6908316596096,17.190831659609557
calibration,2.0,0.25,0.5,quarter,0.6086718985315628,7.551192279200397e-13,104.33515869615918,2190.1862674666763,-18.686267466676533,0.9833426959684636,1.0,0.143641247255932,4343.0,0.5833813894931751,7.237437862332378e-13,0.911019949727732,2189.2752475169486,17.77524751694864
calibration,2.0,0.25,0.75,5minute,4.039448602807366e-10,2.2555522145876775e-12,104.33515869615918,3275.030298368887,-17.78029836888714,0.6012237723402374,1.0,0.4075087672319211,4343.0,3.8716082414470583e-10,2.161833309858865e-12,0.630309822093701,3274.3999885467933,17.149988546793338
calibration,2.0,0.25,0.75,envelope,6.691929504797853e-10,0.0,104.33515869615918,3274.4326885029436,-17.182688502943552,2.7993163342898697e-12,1.0,1.008662932622147,4343.0,6.413877726764984e-10,0.0,-0.008143156664818192,3274.4408316596086,17.190831659608648
calibration,2.0,0.25,0.75,gross,6.691929504797853e-10,0.0,104.33515869615918,3274.4326885029436,-17.182688502943552,2.7993163342898697e-12,1.0,1.008662932622147,4343.0,6.413877726764984e-10,,-0.008143156664818192,3274.4408316596086,17.190831659608648
calibration,2.0,0.25,0.75,minute,4.663259643328918e-10,1.1207796495316168e-11,104.33515869615918,3274.5624122029094,-17.31241220290908,0.1303653511643483,1.0,0.8783086814807821,4343.0,4.46949973681363e-10,1.0742109021902272e-11,0.12945884948852968,3274.432953353421,17.182953353421
calibration,2.0,0.25,0.75,native,6.698891974367922e-10,6.698891974367922e-10,104.33515869615918,3274.432688502946,-17.18268850294596,0.0,1.0,1.00866293262091,4343.0,6.420550903532122e-10,6.420550903532122e-10,-0.008143156663655402,3274.4408316596096,17.190831659609557
calibration,2.0,0.25,0.75,quarter,0.6086718985315628,7.551192279200397e-13,104.33515869615918,3275.9362674666763,-18.686267466676533,0.9833426959684636,1.0,0.143641247255932,4343.0,0.5833813894931751,7.237437862332378e-13,0.911019949727732,3275.0252475169486,17.77524751694864
calibration,2.0,0.5,0.25,5minute,0.44606070157493777,2.241336974705704e-12,208.67031739231837,1121.3061842648503,-35.55618426485035,0.905782909274007,1.0,0.2893379625030808,4343.0,0.21376336948599392,1.074104358834992e-12,0.7560234441456588,1120.5501608207046,34.800160820704605
calibration,2.0,0.5,0.25,envelope,6.699293709415258e-10,0.0,208.67031739231837,1120.111045134857,-34.361045134857115,2.431166379324168e-12,1.0,1.0169701228824148,4343.0,3.2104679731808726e-10,0.0,-0.01595191550946995,1120.1269970503665,34.376997050366526
calibration,2.0,0.5,0.25,gross,6.699293709415258e-10,0.0,208.67031739231837,1120.111045134857,-34.361045134857115,2.431166379324168e-12,1.0,1.0169701228824148,4343.0,3.2104679731808726e-10,,-0.01595191550946995,1120.1269970503665,34.376997050366526
calibration,2.0,0.5,0.25,minute,4.660636364687966e-10,1.1181498720483245e-11,208.67031739231837,1120.3705651342111,-34.62056513421107,0.2607913349936098,1.0,0.756203200649698,4343.0,2.2334927281131046e-10,5.3584519639470596e-12,0.2593582971811723,1120.1112068370298,34.36120683702984
calibration,2.0,0.5,0.25,native,6.708410998468649e-10,6.708410998468649e-10,208.67031739231837,1120.1110451348584,-34.36104513485844,0.0,1.0,1.0169701228813488,4343.0,3.2148372045920894e-10,3.2148372045920894e-10,-0.015951915508467876,1120.1269970503668,34.376997050366754
calibration,2.0,0.5,0.25,quarter,2.157932692482382,7.524140147506804e-13,208.67031739231837,1123.1171384957038,-37.36713849570383,0.9882106735416446,1.0,0.28871032068779,4343.0,1.0341349548174024,3.6057548776143207e-13,0.7566911482044788,1122.3604473474993,36.6104473474993
calibration,2.0,0.5,0.5,5minute,0.4447667344786649,2.2416194462175696e-12,208.67031739231837,2207.060596737774,-35.56059673777429,0.905782909274007,1.0,0.2881736346816896,4343.0,0.21314326830800026,1.0742397262007945e-12,0.75726209076416,2206.30333464701,34.80333464701016
calibration,2.0,0.5,0.5,envelope,6.700966224961564e-10,0.0,208.67031739231837,2205.8653770058872,-34.365377005887126,2.4381607843793067e-12,1.0,1.0173258652434582,4343.0,3.2112694841802366e-10,0.0,-0.016286313328850752,2205.881663319216,34.38166331921593
calibration,2.0,0.5,0.5,gross,6.700966224961564e-10,0.0,208.67031739231837,2205.8653770058872,-34.365377005887126,2.4381607843793067e-12,1.0,1.0173258652434582,4343.0,3.2112694841802366e-10,,-0.016286313328850752,2205.881663319216,34.38166331921593
calibration,2.0,0.5,0.5,minute,4.66237992631106e-10,1.1178587927363624e-11,208.67031739231837,2206.124824405818,-34.62482440581816,0.260730702329549,1.0,0.7566173629607121,4343.0,2.2343282861574317e-10,5.357057039572574e-12,0.25891769897796585,2205.8659067068397,34.36590670683972
calibration,2.0,0.5,0.5,native,6.710907816640429e-10,6.710907816640429e-10,208.67031739231837,2205.8653770058886,-34.36537700588864,0.0,1.0,1.0173258652417856,4343.0,3.216033741887371e-10,3.216033741887371e-10,-0.01628631332727845,2205.881663319216,34.38166331921593
calibration,2.0,0.5,0.5,quarter,2.1573437968013276,7.524933885141017e-13,208.67031739231837,2208.872534933353,-37.37253493335305,0.9882106735416446,1.0,0.2872824945118637,4343.0,1.0338527413773628,3.6061352564071134e-13,0.7582101122214217,2208.1143248211315,36.614324821131504
calibration,2.0,0.5,0.75,5minute,0.4451206597498776,2.2399338227886788e-12,208.67031739231837,3292.7914601021184,-35.541460102118386,0.905782909274007,1.0,0.2881736346816896,4343.0,0.21331287809037638,1.073431933578463e-12,0.75726209076416,3292.0341980113544,34.78419801135442
calibration,2.0,0.5,0.75,envelope,6.709661450718348e-10,0.0,208.67031739231837,3291.5959619629566,-34.345961962956366,3.428479722344946e-12,1.0,1.0173258652444486,4343.0,3.2154364523745854e-10,0.0,-0.016286313329781654,3291.612248276286,34.36224827628621
calibration,2.0,0.5,0.75,gross,6.709661450718348e-10,0.0,208.67031739231837,3291.5959619629566,-34.345961962956366,3.428479722344946e-12,1.0,1.0173258652444486,4343.0,3.2154364523745854e-10,,-0.016286313329781654,3291.612248276286,34.36224827628621
calibration,2.0,0.5,0.75,minute,4.660636441796534e-10,1.1175438555584182e-11,208.67031739231837,3291.855207933513,-34.6052079335132,0.2605503272815137,1.0,0.7567977380087474,4343.0,2.2334927650654463e-10,5.355547782377397e-12,0.25872581062899214,3291.596482122884,34.34648212288403
calibration,2.0,0.5,0.75,native,6.718097859972683e-10,6.718097859972683e-10,208.67031739231837,3291.59596196296,-34.34596196295947,0.0,1.0,1.0173258652417856,4343.0,3.2194793892712946e-10,3.2194793892712946e-10,-0.01628631332727845,3291.612248276287,34.36224827628712
calibration,2.0,0.5,0.75,quarter,2.159685694100944,7.513913715446696e-13,208.67031739231837,3294.605344849542,-37.35534484954155,0.9882106735416446,1.0,0.2872824945118637,4343.0,1.0349750367420714,3.6008541173203294e-13,0.7582101122214217,3293.84713473732,36.597134737320175
calibration,2.0,0.75,0.25,5minute,1.093537103690832,0.1149351561118785,313.00547608849115,1138.7631560074415,-53.01315600744155,0.8941227320452347,1.0,0.476797022012368,4343.0,0.3493667642356753,0.036719854728479155,0.5565989127527999,1138.2065570946886,52.456557094688606
calibration,2.0,0.75,0.25,envelope,0.11518720112029283,0.1151872004506386,313.00547608849115,1136.969993306644,-51.21999330664402,6.5414340610914215e-12,1.0,1.0103273427152226,4343.0,0.03680037888146333,0.03680037866752003,-0.009707702152309263,1136.9797010087964,51.22970100879638
calibration,2.0,0.75,0.25,gross,0.11518720104206921,0.0,313.00547608849115,1136.9943725918718,-51.24437259187165,0.025821284803828,1.0,0.9845060579159328,4343.0,0.036800378856472186,,0.016482917110709767,1136.977889674761,51.227889674760945
calibration,2.0,0.75,0.25,minute,4.888414758781993e-10,0.11505037811571196,313.00547608849115,1137.3586069408454,-51.608606940845384,0.2825678108623817,1.0,0.7278070761684834,4343.0,1.5617665287747134e-10,0.036756666226243774,0.28956694024629426,1137.0690400005992,51.319040000599216
calibration,2.0,0.75,0.25,native,0.11518720112228313,0.11518720112228313,313.00547608849115,1136.9699933066372,-51.21999330663722,0.0,1.0,1.01032734271837,4343.0,0.036800378882099194,0.036800378882099194,-0.009707702155267896,1136.9797010087925,51.22970100879252
calibration,2.0,0.75,0.25,quarter,3.652811063914742,0.10554534139880528,313.00547608849115,1141.4668055110956,-55.71680551109555,0.9826946180136652,1.0,0.4760266464627811,4343.0,1.1670118713456759,0.0337199664100976,0.5574184612098073,1140.9093870498857,55.15938704988571
calibration,2.0,0.75,0.5,5minute,1.093537103690832,0.1149351561118785,313.00547608849115,2224.5131560074415,-53.01315600744155,0.8941227320452347,1.0,0.476797022012368,4343.0,0.3493667642356753,0.036719854728479155,0.5565989127527999,2223.956557094689,52.45655709468883
calibration,2.0,0.75,0.5,envelope,0.11518720112029283,0.1151872004506386,313.00547608849115,2222.719993306644,-51.21999330664402,6.5414340610914215e-12,1.0,1.0103273427152226,4343.0,0.03680037888146333,0.03680037866752003,-0.009707702152309263,2222.7297010087964,51.22970100879638
calibration,2.0,0.75,0.5,gross,0.11518720104206921,0.0,313.00547608849115,2222.7443725918715,-51.24437259187165,0.025821284803828,1.0,0.9845060579159328,4343.0,0.036800378856472186,,0.016482917110709767,2222.7278896747607,51.22788967476072
calibration,2.0,0.75,0.5,minute,4.888414758781993e-10,0.11505037811571196,313.00547608849115,2223.108606940845,-51.608606940845384,0.2825678108623817,1.0,0.7278070761684834,4343.0,1.5617665287747134e-10,0.036756666226243774,0.28956694024629426,2222.8190400005988,51.31904000059876
calibration,2.0,0.75,0.5,native,0.11518720112228313,0.11518720112228313,313.00547608849115,2222.719993306637,-51.21999330663722,0.0,1.0,1.01032734271837,4343.0,0.036800378882099194,0.036800378882099194,-0.009707702155267896,2222.7297010087923,51.22970100879229
calibration,2.0,0.75,0.5,quarter,3.652811063914742,0.10554534139880528,313.00547608849115,2227.2168055110956,-55.71680551109555,0.9826946180136652,1.0,0.4760266464627811,4343.0,1.1670118713456759,0.0337199664100976,0.5574184612098073,2226.659387049886,55.159387049885936
calibration,2.0,0.75,0.75,5minute,1.093537103690832,0.1149351561118785,313.00547608849115,3310.2631560074415,-53.01315600744155,0.8941227320452347,1.0,0.476797022012368,4343.0,0.3493667642356753,0.036719854728479155,0.5565989127527999,3309.706557094689,52.45655709468883
calibration,2.0,0.75,0.75,envelope,0.11518720112029283,0.1151872004506386,313.00547608849115,3308.469993306644,-51.21999330664402,6.5414340610914215e-12,1.0,1.0103273427152226,4343.0,0.03680037888146333,0.03680037866752003,-0.009707702152309263,3308.4797010087964,51.22970100879638
calibration,2.0,0.75,0.75,gross,0.11518720104206921,0.0,313.00547608849115,3308.4943725918715,-51.24437259187165,0.025821284803828,1.0,0.9845060579159328,4343.0,0.036800378856472186,,0.016482917110709767,3308.4778896747607,51.22788967476072
calibration,2.0,0.75,0.75,minute,4.888414758781993e-10,0.11505037811571196,313.00547608849115,3308.8586069408457,-51.608606940845384,0.2825678108623817,1.0,0.7278070761684834,4343.0,1.5617665287747134e-10,0.036756666226243774,0.28956694024629426,3308.569040000599,51.319040000599216
calibration,2.0,0.75,0.75,native,0.11518720112228313,0.11518720112228313,313.00547608849115,3308.469993306637,-51.21999330663722,0.0,1.0,1.01032734271837,4343.0,0.036800378882099194,0.036800378882099194,-0.009707702155267896,3308.4797010087923,51.22970100879229
calibration,2.0,0.75,0.75,quarter,3.652811063914742,0.10554534139880528,313.00547608849115,3312.9668055110956,-55.71680551109555,0.9826946180136652,1.0,0.4760266464627811,4343.0,1.1670118713456759,0.0337199664100976,0.5574184612098073,3312.409387049886,55.159387049885936
calibration,4.0,0.25,0.25,5minute,8.866477828159555e-10,4.487248888146493e-12,104.33515869615918,1103.530298368887,-17.780298368887173,0.6012237723375216,2.0,1.4075087672346376,4343.0,8.498072882584258e-10,4.300802283930085e-12,0.6303098220908111,1102.8999885467963,17.149988546796294
calibration,4.0,0.25,0.25,envelope,1.3478970664495076e-09,0.0,104.33515869615918,1102.9326885029436,-17.182688502943588,7.136069513080656e-12,2.0,2.00866293262372,4343.0,1.291891518922017e-09,0.0,-0.008143156666296987,1102.94083165961,17.190831659610012
calibration,4.0,0.25,0.25,gross,1.3478970664495076e-09,0.0,104.33515869615918,1102.9326885029436,-17.182688502943588,7.136069513080656e-12,2.0,2.00866293262372,4343.0,1.291891518922017e-09,,-0.008143156666296987,1102.94083165961,17.190831659610012
calibration,4.0,0.25,0.25,minute,9.345162007484936e-10,2.2383269767184393e-11,104.33515869615918,1103.0624122029092,-17.312412202909137,0.1303653511582541,2.0,1.878308681486876,4343.0,8.956867583533904e-10,2.1453237860468572e-11,0.12945884948204692,1102.9329533534271,17.182953353427138
calibration,4.0,0.25,0.25,native,1.3463529094783058e-09,1.3463529094783058e-09,104.33515869615918,1102.9326885029377,-17.18268850293779,0.0,2.0,2.0086629326208514,4343.0,1.290411522159182e-09,1.290411522159182e-09,-0.008143156663600298,1102.9408316596014,17.190831659601372
calibration,4.0,0.25,0.25,quarter,6.989889815187468e-10,1.5065132499366804e-12,104.33515869615918,1104.4362674666766,-18.686267466676494,1.5126709640457825,2.0,0.4961179511784775,4343.0,6.699457692438227e-10,1.4439171500413299e-12,1.5998745200228963,1102.8363929466536,17.086392946653632
calibration,4.0,0.25,0.5,5minute,8.866477828159555e-10,4.487248888146493e-12,104.33515869615918,2189.280298368887,-17.780298368887173,0.6012237723375216,2.0,1.4075087672346376,4343.0,8.498072882584258e-10,4.300802283930085e-12,0.6303098220908111,2188.649988546796,17.149988546796067
calibration,4.0,0.25,0.5,envelope,1.3478970664495076e-09,0.0,104.33515869615918,2188.6826885029436,-17.182688502943588,7.136069513080656e-12,2.0,2.00866293262372,4343.0,1.291891518922017e-09,0.0,-0.008143156666296987,2188.69083165961,17.190831659610012
calibration,4.0,0.25,0.5,gross,1.3478970664495076e-09,0.0,104.33515869615918,2188.6826885029436,-17.182688502943588,7.136069513080656e-12,2.0,2.00866293262372,4343.0,1.291891518922017e-09,,-0.008143156666296987,2188.69083165961,17.190831659610012
calibration,4.0,0.25,0.5,minute,9.345162007484936e-10,2.2383269767184393e-11,104.33515869615918,2188.812412202909,-17.312412202909137,0.1303653511582541,2.0,1.878308681486876,4343.0,8.956867583533904e-10,2.1453237860468572e-11,0.12945884948204692,2188.682953353427,17.18295335342691
calibration,4.0,0.25,0.5,native,1.3463529094783058e-09,1.3463529094783058e-09,104.33515869615918,2188.6826885029377,-17.18268850293779,0.0,2.0,2.0086629326208514,4343.0,1.290411522159182e-09,1.290411522159182e-09,-0.008143156663600298,2188.6908316596014,17.190831659601372
calibration,4.0,0.25,0.5,quarter,6.989889815187468e-10,1.5065132499366804e-12,104.33515869615918,2190.1862674666763,-18.686267466676494,1.5126709640457825,2.0,0.4961179511784775,4343.0,6.699457692438227e-10,1.4439171500413299e-12,1.5998745200228963,2188.5863929466536,17.086392946653632
calibration,4.0,0.25,0.75,5minute,8.866477828159555e-10,4.487248888146493e-12,104.33515869615918,3275.030298368887,-17.780298368887173,0.6012237723375216,2.0,1.4075087672346376,4343.0,8.498072882584258e-10,4.300802283930085e-12,0.6303098220908111,3274.399988546796,17.149988546796067
calibration,4.0,0.25,0.75,envelope,1.3478970664495076e-09,0.0,104.33515869615918,3274.4326885029436,-17.182688502943588,7.136069513080656e-12,2.0,2.00866293262372,4343.0,1.291891518922017e-09,0.0,-0.008143156666296987,3274.44083165961,17.190831659610012
calibration,4.0,0.25,0.75,gross,1.3478970664495076e-09,0.0,104.33515869615918,3274.4326885029436,-17.182688502943588,7.136069513080656e-12,2.0,2.00866293262372,4343.0,1.291891518922017e-09,,-0.008143156666296987,3274.44083165961,17.190831659610012
calibration,4.0,0.25,0.75,minute,9.345162007484936e-10,2.2383269767184393e-11,104.33515869615918,3274.562412202909,-17.312412202909137,0.1303653511582541,2.0,1.878308681486876,4343.0,8.956867583533904e-10,2.1453237860468572e-11,0.12945884948204692,3274.432953353427,17.18295335342691
calibration,4.0,0.25,0.75,native,1.3463529094783058e-09,1.3463529094783058e-09,104.33515869615918,3274.4326885029377,-17.18268850293779,0.0,2.0,2.0086629326208514,4343.0,1.290411522159182e-09,1.290411522159182e-09,-0.008143156663600298,3274.4408316596014,17.190831659601372
calibration,4.0,0.25,0.75,quarter,6.989889815187468e-10,1.5065132499366804e-12,104.33515869615918,3275.936267466677,-18.686267466676494,1.5126709640457825,2.0,0.4961179511784775,4343.0,6.699457692438227e-10,1.4439171500413299e-12,1.5998745200228963,3274.336392946654,17.086392946654087
calibration,4.0,0.5,0.25,5minute,8.081441113977742e-10,4.5168769181238975e-12,208.67031739231837,1121.3061842648503,-35.55618426485035,1.202312080153468,2.0,0.8148053015472227,4343.0,3.8728273455318176e-10,2.1645996299664296e-12,1.2608454238859332,1120.0453388409644,34.295338840964405
calibration,4.0,0.5,0.25,envelope,1.338462318382747e-09,0.0,208.67031739231837,1120.111045134857,-34.36104513485709,3.706368545408623e-12,2.0,2.016970122881488,4343.0,6.414243938040892e-10,0.0,-0.015951915508598535,1120.1269970503656,34.37699705036562
calibration,4.0,0.5,0.25,gross,1.338462318382747e-09,0.0,208.67031739231837,1120.111045134857,-34.36104513485709,3.706368545408623e-12,2.0,2.016970122881488,4343.0,6.414243938040892e-10,,-0.015951915508598535,1120.1269970503656,34.37699705036562
calibration,4.0,0.5,0.25,minute,9.320901183600037e-10,2.243321535873991e-11,208.67031739231837,1120.3705651342111,-34.62056513421107,0.2607913349918711,2.0,1.7562032006514368,4343.0,4.466807402260252e-10,1.0750554098484219e-11,0.2593582971793226,1120.111206837032,34.36120683703189
calibration,4.0,0.5,0.25,native,1.3398689465525808e-09,1.3398689465525808e-09,208.67031739231837,1120.1110451348616,-34.36104513486161,0.0,2.0,2.016970122881287,4343.0,6.420984849673231e-10,6.420984849673231e-10,-0.01595191550840985,1120.12699705037,34.37699705036994
calibration,4.0,0.5,0.25,quarter,1.2179326927433514,1.5063618113512605e-12,208.67031739231837,1123.1171384957038,-37.36713849570384,1.966341180175248,2.0,0.28871032068779,4343.0,0.5836636029328176,7.21886001888409e-13,1.8205209354385212,1121.2966175602653,35.546617560265304
calibration,4.0,0.5,0.5,5minute,8.078897205614732e-10,4.511104429175355e-12,208.67031739231837,2207.060596737774,-35.56059673777428,1.2024475446804748,2.0,0.8150175344638422,4343.0,3.8716082414470583e-10,2.161833309858865e-12,1.260619644187402,2205.7999770935867,34.299977093586676
calibration,4.0,0.5,0.5,envelope,1.3383859009595706e-09,0.0,208.67031739231837,2205.8653770058872,-34.365377005887105,5.5986326685797386e-12,2.0,2.017325865244294,4343.0,6.413877726764984e-10,0.0,-0.016286313329636384,2205.881663319217,34.38166331921684
calibration,4.0,0.5,0.5,gross,1.3383859009595706e-09,0.0,208.67031739231837,2205.8653770058872,-34.365377005887105,5.5986326685797386e-12,2.0,2.017325865244294,4343.0,6.413877726764984e-10,,-0.016286313329636384,2205.881663319217,34.38166331921684
calibration,4.0,0.5,0.5,minute,9.326519286657835e-10,2.2415592990632335e-11,208.67031739231837,2206.124824405818,-34.62482440581816,0.2607307023286966,2.0,1.7566173629615642,4343.0,4.46949973681363e-10,1.0742109021902272e-11,0.25891769897705935,2205.8659067068406,34.36590670684063
calibration,4.0,0.5,0.5,native,1.3397783948735843e-09,1.3397783948735843e-09,208.67031739231837,2205.865377005892,-34.36537700589192,0.0,2.0,2.01732586524182,4343.0,6.420550903532122e-10,6.420550903532122e-10,-0.016286313327310804,2205.881663319219,34.381663319219115
calibration,4.0,0.5,0.5,quarter,1.2173437970631267,1.5102384558400795e-12,208.67031739231837,2208.872534933353,-37.372534933353066,1.966685391936927,2.0,0.2872824945118641,4343.0,0.5833813894931756,7.237437862332378e-13,1.8220398994554639,2207.0504950338977,35.55049503389773
calibration,4.0,0.5,0.75,5minute,8.095130325894616e-10,4.50894372248052e-12,208.67031739231837,3292.7914601021184,-35.541460102118386,1.202824060926793,2.0,0.8146410182175239,4343.0,3.8793875559574995e-10,2.160797845533207e-12,1.2610201933856129,3291.5304399087327,34.28043990873266
calibration,4.0,0.5,0.75,envelope,1.3396341741216948e-09,0.0,208.67031739231837,3291.595961962956,-34.345961962956366,3.852473895449293e-12,2.0,2.017325865242548,4343.0,6.419859761860936e-10,0.0,-0.016286313327994992,3291.612248276284,34.362248276283935
calibration,4.0,0.5,0.75,gross,1.3396341741216948e-09,0.0,208.67031739231837,3291.595961962956,-34.345961962956366,3.852473895449293e-12,2.0,2.017325865242548,4343.0,6.419859761860936e-10,,-0.016286313327994992,3291.612248276284,34.362248276283935
calibration,4.0,0.5,0.75,minute,9.340122921640435e-10,2.2420280008383632e-11,208.67031739231837,3291.855207933513,-34.60520793351325,0.2605503272786547,2.0,1.7567977380116062,4343.0,4.476018936646457e-10,1.074435515724623e-11,0.25872581062595085,3291.596482122887,34.34648212288721
calibration,4.0,0.5,0.75,native,1.3421216088244234e-09,1.3421216088244234e-09,208.67031739231837,3291.5959619629593,-34.34596196295952,0.0,2.0,2.01732586524182,4343.0,6.431780166898956e-10,6.431780166898956e-10,-0.016286313327310804,3291.6122482762867,34.362248276286664
calibration,4.0,0.5,0.75,quarter,1.2196856943626508,1.5117668539485664e-12,208.67031739231837,3294.605344849542,-37.35534484954157,1.968658374117852,2.0,0.2872824945118641,4343.0,0.5845036848578399,7.244762325761517e-13,1.8220398994554639,3292.7833049500864,35.5333049500864
calibration,4.0,0.75,0.25,5minute,0.25527213710190744,4.484733922068893e-12,313.00547608849115,1138.8653714156287,-53.11537141562865,1.6862679241010872,2.0,0.476797022012368,4343.0,0.08155516647566202,1.4327972718282393e-12,1.6204286999868425,1137.2449427156419,51.494942715641855
calibration,4.0,0.75,0.25,envelope,1.3516478619237938e-09,0.0,313.00547608849115,1137.0722495338473,-51.32224953384739,1.289901518930492e-11,2.0,2.010327342729104,4343.0,4.318288225544218e-10,0.0,-0.009707702165357723,1137.0819572360126,51.33195723601261
calibration,4.0,0.75,0.25,gross,1.3516478619237938e-09,0.0,313.00547608849115,1137.0722495338473,-51.32224953384739,1.289901518930492e-11,2.0,2.010327342729104,4343.0,4.318288225544218e-10,,-0.009707702165357723,1137.0819572360126,51.33195723601261
calibration,4.0,0.75,0.25,minute,9.43564987098361e-10,2.2372168909744563e-11,313.00547608849115,1137.460741702361,-51.71074170236101,0.390713925210759,2.0,1.61966096182023,4343.0,3.0145318826038734e-10,7.147532749049933e-12,0.4046159980635851,1137.0561257042975,51.30612570429753
calibration,4.0,0.75,0.25,native,1.3533501812869483e-09,1.3533501812869483e-09,313.00547608849115,1137.0722495338582,-51.3222495338581,0.0,2.0,2.0103273427184045,4343.0,4.3237268504028876e-10,4.3237268504028876e-10,-0.009707702155300249,1137.0819572360135,51.33195723601352
calibration,4.0,0.75,0.25,quarter,2.806488646973509,1.5145772660688758e-12,313.00547608849115,1141.5609390320399,-55.81093903203989,1.982694618013652,2.0,0.4760266464627812,4343.0,0.8966260533346304,4.838820345880092e-13,1.62124824844385,1139.939690783596,54.189690783596006
calibration,4.0,0.75,0.5,5minute,0.25527213710190744,4.484733922068893e-12,313.00547608849115,2224.6153714156285,-53.11537141562865,1.6862679241010872,2.0,0.476797022012368,4343.0,0.08155516647566202,1.4327972718282393e-12,1.6204286999868425,2222.9949427156416,51.49494271564163
calibration,4.0,0.75,0.5,envelope,1.3516478619237938e-09,0.0,313.00547608849115,2222.8222495338473,-51.32224953384739,1.289901518930492e-11,2.0,2.010327342729104,4343.0,4.318288225544218e-10,0.0,-0.009707702165357723,2222.831957236013,51.33195723601284
calibration,4.0,0.75,0.5,gross,1.3516478619237938e-09,0.0,313.00547608849115,2222.8222495338473,-51.32224953384739,1.289901518930492e-11,2.0,2.010327342729104,4343.0,4.318288225544218e-10,,-0.009707702165357723,2222.831957236013,51.33195723601284
calibration,4.0,0.75,0.5,minute,9.43564987098361e-10,2.2372168909744563e-11,313.00547608849115,2223.210741702361,-51.71074170236101,0.390713925210759,2.0,1.61966096182023,4343.0,3.0145318826038734e-10,7.147532749049933e-12,0.4046159980635851,2222.8061257042973,51.3061257042973
calibration,4.0,0.75,0.5,native,1.3533501812869483e-09,1.3533501812869483e-09,313.00547608849115,2222.822249533858,-51.3222495338581,0.0,2.0,2.0103273427184045,4343.0,4.3237268504028876e-10,4.3237268504028876e-10,-0.009707702155300249,2222.8319572360133,51.331957236013295
calibration,4.0,0.75,0.5,quarter,2.806488646973509,1.5145772660688758e-12,313.00547608849115,2227.31093903204,-55.81093903203989,1.982694618013652,2.0,0.4760266464627812,4343.0,0.8966260533346304,4.838820345880092e-13,1.62124824844385,2225.6896907835962,54.189690783596234
calibration,4.0,0.75,0.75,5minute,0.25527213710190744,4.484733922068893e-12,313.00547608849115,3310.3653714156285,-53.11537141562865,1.6862679241010872,2.0,0.476797022012368,4343.0,0.08155516647566202,1.4327972718282393e-12,1.6204286999868425,3308.7449427156416,51.49494271564163
calibration,4.0,0.75,0.75,envelope,1.3516478619237938e-09,0.0,313.00547608849115,3308.5722495338473,-51.32224953384739,1.289901518930492e-11,2.0,2.010327342729104,4343.0,4.318288225544218e-10,0.0,-0.009707702165357723,3308.581957236013,51.33195723601284
calibration,4.0,0.75,0.75,gross,1.3516478619237938e-09,0.0,313.00547608849115,3308.5722495338473,-51.32224953384739,1.289901518930492e-11,2.0,2.010327342729104,4343.0,4.318288225544218e-10,,-0.009707702165357723,3308.581957236013,51.33195723601284
calibration,4.0,0.75,0.75,minute,9.43564987098361e-10,2.2372168909744563e-11,313.00547608849115,3308.9607417023612,-51.71074170236101,0.390713925210759,2.0,1.61966096182023,4343.0,3.0145318826038734e-10,7.147532749049933e-12,0.4046159980635851,3308.5561257042978,51.306125704297756
calibration,4.0,0.75,0.75,native,1.3533501812869483e-09,1.3533501812869483e-09,313.00547608849115,3308.572249533858,-51.3222495338581,0.0,2.0,2.0103273427184045,4343.0,4.3237268504028876e-10,4.3237268504028876e-10,-0.009707702155300249,3308.5819572360133,51.331957236013295
calibration,4.0,0.75,0.75,quarter,2.806488646973509,1.5145772660688758e-12,313.00547608849115,3313.0609390320396,-55.81093903203989,1.982694618013652,2.0,0.4760266464627812,4343.0,0.8966260533346304,4.838820345880092e-13,1.62124824844385,3311.439690783596,54.18969078359578
development,0.25,0.25,0.25,5minute,1.0304314147972284,0.5906603106436331,100.50238914345823,1073.6718818685663,30.57811813143373,0.0551245363517327,0.1341375778351311,0.1274389858386269,4417.0,1.0252805167908787,0.587707730808785,0.007126161698408741,1073.664755706868,-30.585244293132064
development,0.25,0.25,0.25,envelope,0.6135768247035378,0.6135768246287054,100.50238914345823,1073.1861940271506,31.063805972849472,1.4604983888943934e-13,0.1340337440735013,0.1400284178960054,4417.0,0.6105096902997116,0.6105096902252533,-0.005634993393153852,1073.1918290205438,-31.058170979456236
development,0.25,0.25,0.25,gross,0.5333648845892114,0.0,100.50238914345823,1073.096588783789,31.15341121621098,0.0096869097392233,0.1360454336470843,0.1404384459383548,4417.0,0.5306987118762723,,-0.004129431553794279,1073.1007182153428,-31.149281784657205
development,0.25,0.25,0.25,minute,0.7123408421975156,0.6106788583352827,100.50238914345823,1073.3057209114124,30.944279088587482,0.0236145599988028,0.1340021548291268,0.1366527145529644,4417.0,0.7087800083843901,0.607626210222319,-0.0024915261404073416,1073.3082124375528,-30.94178756244719
development,0.25,0.25,0.25,native,0.6135768247034837,0.6135768247034837,100.50238914345823,1073.1861940271508,31.063805972849256,0.0,0.1340337440734993,0.1400284178959303,4417.0,0.6105096902996577,0.6105096902996577,-0.005634993393085131,1073.191829020544,-31.05817097945601
development,0.25,0.25,0.25,quarter,1.6278608495219107,0.5085238994809672,100.50238914345823,1074.3330181330577,29.916981866942194,0.0883295996413386,0.1360017984144924,0.1069414741102094,4417.0,1.6197235343313918,0.5059819013407677,0.030915238621577648,1074.302102894436,-29.947897105563925
development,0.25,0.25,0.5,5minute,1.0304314147972284,0.5906603106436331,100.50238914345823,2177.9218818685663,30.57811813143373,0.0551245363517327,0.1341375778351311,0.1274389858386269,4417.0,1.0252805167908787,0.587707730808785,0.007126161698408741,2177.9147557068677,-30.58524429313229
development,0.25,0.25,0.5,envelope,0.6135768247035378,0.6135768246287054,100.50238914345823,2177.4361940271506,31.063805972849472,1.4604983888943934e-13,0.1340337440735013,0.1400284178960054,4417.0,0.6105096902997116,0.6105096902252533,-0.005634993393153852,2177.4418290205435,-31.058170979456463
development,0.25,0.25,0.5,gross,0.5333648845892114,0.0,100.50238914345823,2177.346588783789,31.15341121621098,0.0096869097392233,0.1360454336470843,0.1404384459383548,4417.0,0.5306987118762723,,-0.004129431553794279,2177.3507182153426,-31.149281784657433
development,0.25,0.25,0.5,minute,0.7123408421975156,0.6106788583352827,100.50238914345823,2177.5557209114127,30.944279088587482,0.0236145599988028,0.1340021548291268,0.1366527145529644,4417.0,0.7087800083843901,0.607626210222319,-0.0024915261404073416,2177.5582124375533,-30.941787562446734
development,0.25,0.25,0.5,native,0.6135768247034837,0.6135768247034837,100.50238914345823,2177.4361940271506,31.063805972849256,0.0,0.1340337440734993,0.1400284178959303,4417.0,0.6105096902996577,0.6105096902996577,-0.005634993393085131,2177.4418290205435,-31.058170979456463
development,0.25,0.25,0.5,quarter,1.6278608495219107,0.5085238994809672,100.50238914345823,2178.583018133058,29.916981866942194,0.0883295996413386,0.1360017984144924,0.1069414741102094,4417.0,1.6197235343313918,0.5059819013407677,0.030915238621577648,2178.5521028944363,-29.947897105563698
development,0.25,0.25,0.75,5minute,1.0304314147972284,0.5906603106436331,100.50238914345823,3282.1718818685663,30.57811813143373,0.0551245363517327,0.1341375778351311,0.1274389858386269,4417.0,1.0252805167908787,0.587707730808785,0.007126161698408741,3282.1647557068677,-30.58524429313229
development,0.25,0.25,0.75,envelope,0.6135768247035378,0.6135768246287054,100.50238914345823,3281.6861940271506,31.063805972849472,1.4604983888943934e-13,0.1340337440735013,0.1400284178960054,4417.0,0.6105096902997116,0.6105096902252533,-0.005634993393153852,3281.6918290205435,-31.058170979456463
development,0.25,0.25,0.75,gross,0.5333648845892114,0.0,100.50238914345823,3281.5965887837892,31.15341121621098,0.0096869097392233,0.1360454336470843,0.1404384459383548,4417.0,0.5306987118762723,,-0.004129431553794279,3281.600718215343,-31.149281784656978
development,0.25,0.25,0.75,minute,0.7123408421975156,0.6106788583352827,100.50238914345823,3281.8057209114127,30.944279088587482,0.0236145599988028,0.1340021548291268,0.1366527145529644,4417.0,0.7087800083843901,0.607626210222319,-0.0024915261404073416,3281.8082124375533,-30.941787562446734
development,0.25,0.25,0.75,native,0.6135768247034837,0.6135768247034837,100.50238914345823,3281.6861940271506,31.063805972849256,0.0,0.1340337440734993,0.1400284178959303,4417.0,0.6105096902996577,0.6105096902996577,-0.005634993393085131,3281.6918290205435,-31.058170979456463
development,0.25,0.25,0.75,quarter,1.6278608495219107,0.5085238994809672,100.50238914345823,3282.8330181330575,29.916981866942194,0.0883295996413386,0.1360017984144924,0.1069414741102094,4417.0,1.6197235343313918,0.5059819013407677,0.030915238621577648,3282.802102894436,-29.947897105564152
development,0.25,0.5,0.25,5minute,15.742281593242078,15.093128425296175,201.00477828691646,1053.1632656041547,51.08673439584529,0.0226231225413692,0.1496278777112819,0.1516154955653952,4417.0,7.831794710258763,7.508840612610748,-0.0018683607828665065,1053.1651339649377,-51.084866035062305
development,0.25,0.5,0.25,envelope,15.394733747227248,15.394733747166073,201.00477828691646,1052.4320711446685,51.81792885533153,1.212363542890671e-13,0.1480633710495666,0.1550568357919084,4417.0,7.658889444534812,7.6588894445043785,-0.006573856857801296,1052.4386450015263,-51.81135499847369
development,0.25,0.5,0.25,gross,14.970317094027907,0.0,201.00477828691646,1051.9180295656436,52.3319704343564,0.0295561231969436,0.1514883565840892,0.1651514246456063,4417.0,7.4477419002741865,,-0.01284328397782607,1051.9308728496214,-52.31912715037856
development,0.25,0.5,0.25,minute,15.483182444188943,15.350290918357729,201.00477828691646,1052.6369597779096,51.613040222090476,0.0058913715114893,0.1480521304044932,0.1541616650116878,4417.0,7.702892725310278,7.636779110020236,-0.005742962530762924,1052.6427027404404,-51.60729725955957
development,0.25,0.5,0.25,native,15.394733747227965,15.394733747227965,201.00477828691646,1052.4320711446687,51.81792885533115,0.0,0.1480633710495644,0.1550568357918756,4417.0,7.65888944453517,7.65888944453517,-0.006573856857772517,1052.4386450015265,-51.81135499847346
development,0.25,0.5,0.25,quarter,16.19460714679886,14.477253937265573,201.00477828691646,1054.086308063274,50.16369193672603,0.0474390733458931,0.1508938356344161,0.1539650590776098,4417.0,8.056826949497934,7.2024426785519395,-0.0028869500366020665,1054.0891950133105,-50.16080498668953
development,0.25,0.5,0.5,5minute,15.742281593242078,15.093128425296175,201.00477828691646,2157.4132656041547,51.08673439584529,0.0226231225413692,0.1496278777112819,0.1516154955653952,4417.0,7.831794710258763,7.508840612610748,-0.0018683607828665065,2157.4151339649375,-51.08486603506253
development,0.25,0.5,0.5,envelope,15.394733747227248,15.394733747166073,201.00477828691646,2156.6820711446685,51.81792885533153,1.212363542890671e-13,0.1480633710495666,0.1550568357919084,4417.0,7.658889444534812,7.6588894445043785,-0.006573856857801296,2156.6886450015263,-51.81135499847369
development,0.25,0.5,0.5,gross,14.970317094027907,0.0,201.00477828691646,2156.168029565644,52.3319704343564,0.0295561231969436,0.1514883565840892,0.1651514246456063,4417.0,7.4477419002741865,,-0.01284328397782607,2156.1808728496217,-52.319127150378336
development,0.25,0.5,0.5,minute,15.483182444188943,15.350290918357729,201.00477828691646,2156.8869597779094,51.613040222090476,0.0058913715114893,0.1480521304044932,0.1541616650116878,4417.0,7.702892725310278,7.636779110020236,-0.005742962530762924,2156.89270274044,-51.6072972595598
development,0.25,0.5,0.5,native,15.394733747227965,15.394733747227965,201.00477828691646,2156.682071144669,51.81792885533115,0.0,0.1480633710495644,0.1550568357918756,4417.0,7.65888944453517,7.65888944453517,-0.006573856857772517,2156.6886450015268,-51.811354998473234
development,0.25,0.5,0.5,quarter,16.19460714679886,14.477253937265573,201.00477828691646,2158.336308063274,50.16369193672603,0.0474390733458931,0.1508938356344161,0.1539650590776098,4417.0,8.056826949497934,7.2024426785519395,-0.0028869500366020665,2158.3391950133105,-50.16080498668953
development,0.25,0.5,0.75,5minute,15.742281593242078,15.093128425296175,201.00477828691646,3261.6632656041547,51.08673439584529,0.0226231225413692,0.1496278777112819,0.1516154955653952,4417.0,7.831794710258763,7.508840612610748,-0.0018683607828665065,3261.6651339649375,-51.08486603506253
development,0.25,0.5,0.75,envelope,15.394733747227248,15.394733747166073,201.00477828691646,3260.9320711446685,51.81792885533153,1.212363542890671e-13,0.1480633710495666,0.1550568357919084,4417.0,7.658889444534812,7.6588894445043785,-0.006573856857801296,3260.9386450015263,-51.81135499847369
development,0.25,0.5,0.75,gross,14.970317094027907,0.0,201.00477828691646,3260.418029565644,52.3319704343564,0.0295561231969436,0.1514883565840892,0.1651514246456063,4417.0,7.4477419002741865,,-0.01284328397782607,3260.4308728496217,-52.319127150378336
development,0.25,0.5,0.75,minute,15.483182444188943,15.350290918357729,201.00477828691646,3261.1369597779094,51.613040222090476,0.0058913715114893,0.1480521304044932,0.1541616650116878,4417.0,7.702892725310278,7.636779110020236,-0.005742962530762924,3261.14270274044,-51.6072972595598
development,0.25,0.5,0.75,native,15.394733747227965,15.394733747227965,201.00477828691646,3260.932071144669,51.81792885533115,0.0,0.1480633710495644,0.1550568357918756,4417.0,7.65888944453517,7.65888944453517,-0.006573856857772517,3260.9386450015268,-51.811354998473234
development,0.25,0.5,0.75,quarter,16.19460714679886,14.477253937265573,201.00477828691646,3262.586308063274,50.16369193672603,0.0474390733458931,0.1508938356344161,0.1539650590776098,4417.0,8.056826949497934,7.2024426785519395,-0.0028869500366020665,3262.5891950133105,-50.16080498668953
development,0.25,0.75,0.25,5minute,50.09302821762414,49.176097638338895,301.5071674303827,1041.7023637872335,62.547636212766506,0.0237065447904177,0.163050873346137,0.1616390829856498,4417.0,16.614208094801096,16.310092412543906,0.0015019046388161615,1041.7008618825946,-62.54913811740539
development,0.25,0.75,0.25,envelope,49.985625006817536,49.98562500677143,301.5071674303827,1040.9480979345371,63.30190206546292,7.271960811294775e-14,0.1627074882213474,0.1668618824138676,4417.0,16.57858598613882,16.578585986123525,-0.0039051305409689876,1040.952003065078,-63.29799693492191
development,0.25,0.75,0.25,gross,49.08236999464403,0.0,301.5071674303827,1039.8299016999765,64.42009830002338,0.0382001463400166,0.1709031880767877,0.1627936617297271,4417.0,16.27900603921034,,0.008627155688362349,1039.8212745442881,-64.42872545571186
development,0.25,0.75,0.25,minute,50.04825690963542,49.86344775734114,301.5071674303827,1041.1947795422034,63.05522045779666,0.0074161420375319,0.1626338122006322,0.1661745396099097,4417.0,16.599358926083056,16.538063815300344,-0.0033282837647208444,1041.198107825968,-63.05189217403199
development,0.25,0.75,0.25,native,49.98562500681798,49.98562500681798,301.5071674303827,1040.9480979345371,63.30190206546291,0.0,0.1627074882213569,0.1668618824138662,4417.0,16.578585986138968,16.578585986138968,-0.00390513054095876,1040.952003065078,-63.29799693492191
development,0.25,0.75,0.25,quarter,50.22859662043008,47.40235775716219,301.5071674303827,1042.4920302228782,61.75796977712181,0.0538988864103966,0.1694490855356428,0.1612742370767434,4417.0,16.659171670281353,15.721801296185532,0.008696647296701493,1042.4833335755814,-61.766666424418645
development,0.25,0.75,0.5,5minute,50.09302821762414,49.176097638338895,301.5071674303827,2145.9523637872335,62.547636212766506,0.0237065447904177,0.163050873346137,0.1616390829856498,4417.0,16.614208094801096,16.310092412543906,0.0015019046388161615,2145.950861882595,-62.549138117405164
development,0.25,0.75,0.5,envelope,49.985625006817536,49.98562500677143,301.5071674303827,2145.198097934537,63.30190206546292,7.271960811294775e-14,0.1627074882213474,0.1668618824138676,4417.0,16.57858598613882,16.578585986123525,-0.0039051305409689876,2145.2020030650783,-63.297996934921684
development,0.25,0.75,0.5,gross,49.08236999464403,0.0,301.5071674303827,2144.0799016999767,64.42009830002338,0.0382001463400166,0.1709031880767877,0.1627936617297271,4417.0,16.27900603921034,,0.008627155688362349,2144.0712745442884,-64.42872545571163
development,0.25,0.75,0.5,minute,50.04825690963542,49.86344775734114,301.5071674303827,2145.4447795422034,63.05522045779666,0.0074161420375319,0.1626338122006322,0.1661745396099097,4417.0,16.599358926083056,16.538063815300344,-0.0033282837647208444,2145.4481078259682,-63.051892174031764
development,0.25,0.75,0.5,native,49.98562500681798,49.98562500681798,301.5071674303827,2145.198097934537,63.30190206546291,0.0,0.1627074882213569,0.1668618824138662,4417.0,16.578585986138968,16.578585986138968,-0.00390513054095876,2145.2020030650783,-63.297996934921684
development,0.25,0.75,0.5,quarter,50.22859662043008,47.40235775716219,301.5071674303827,2146.7420302228784,61.75796977712181,0.0538988864103966,0.1694490855356428,0.1612742370767434,4417.0,16.659171670281353,15.721801296185532,0.008696647296701493,2146.7333335755816,-61.76666642441842
development,0.25,0.75,0.75,5minute,50.09302821762414,49.176097638338895,301.5071674303827,3250.2023637872335,62.547636212766506,0.0237065447904177,0.163050873346137,0.1616390829856498,4417.0,16.614208094801096,16.310092412543906,0.0015019046388161615,3250.200861882595,-62.549138117405164
development,0.25,0.75,0.75,envelope,49.985625006817536,49.98562500677143,301.5071674303827,3249.448097934537,63.30190206546292,7.271960811294775e-14,0.1627074882213474,0.1668618824138676,4417.0,16.57858598613882,16.578585986123525,-0.0039051305409689876,3249.4520030650783,-63.297996934921684
development,0.25,0.75,0.75,gross,49.08236999464403,0.0,301.5071674303827,3248.3299016999767,64.42009830002338,0.0382001463400166,0.1709031880767877,0.1627936617297271,4417.0,16.27900603921034,,0.008627155688362349,3248.3212745442884,-64.42872545571163
development,0.25,0.75,0.75,minute,50.04825690963542,49.86344775734114,301.5071674303827,3249.6947795422034,63.05522045779666,0.0074161420375319,0.1626338122006322,0.1661745396099097,4417.0,16.599358926083056,16.538063815300344,-0.0033282837647208444,3249.6981078259682,-63.051892174031764
development,0.25,0.75,0.75,native,49.98562500681798,49.98562500681798,301.5071674303827,3249.448097934537,63.30190206546291,0.0,0.1627074882213569,0.1668618824138662,4417.0,16.578585986138968,16.578585986138968,-0.00390513054095876,3249.4520030650783,-63.297996934921684
development,0.25,0.75,0.75,quarter,50.22859662043008,47.40235775716219,301.5071674303827,3250.992030222878,61.75796977712181,0.0538988864103966,0.1694490855356428,0.1612742370767434,4417.0,16.659171670281353,15.721801296185532,0.008696647296701493,3250.983333575581,-61.76666642441887
development,0.5,0.25,0.25,5minute,0.48677787178207443,5.084133565084479e-13,100.50238914345823,1073.050955256942,31.199044743058057,0.1782101816115309,0.1440868173408447,0.1631762884800485,4417.0,0.4843445772092465,5.058719109480402e-13,-0.017944102870851582,1073.0688993598128,-31.181100640187196
development,0.5,0.25,0.25,envelope,1.5135147085444113e-10,0.0,100.50238914345823,1072.541226455672,31.708773544328047,5.28577182024037e-13,0.2586629326208137,0.265028417895406,4417.0,1.5059489843410624e-10,0.0,-0.005983556158116759,1072.54721001183,-31.702789988170025
development,0.5,0.25,0.25,gross,1.5135147085444113e-10,0.0,100.50238914345823,1072.541226455672,31.708773544328047,5.28577182024037e-13,0.2586629326208137,0.265028417895406,4417.0,1.5059489843410624e-10,,-0.005983556158116759,1072.54721001183,-31.702789988170025
development,0.5,0.25,0.25,minute,0.137718273819287,2.5236791052222035e-12,100.50238914345823,1072.663919557236,31.586080442763887,0.132428422602686,0.1446791166513329,0.1759735939346525,4417.0,0.13702985072594284,2.511063793339157e-12,-0.029416808646320427,1072.6933363658825,-31.556663634117513
development,0.5,0.25,0.25,native,1.5145573777903857e-10,1.5145573777903857e-10,100.50238914345823,1072.541226455672,31.708773544328082,0.0,0.2586629326208874,0.2650284178959204,4417.0,1.5069864415148277e-10,1.5069864415148277e-10,-0.00598355615853102,1072.5472100118304,-31.70278998816957
development,0.5,0.25,0.25,quarter,1.15580100582204,1.7105346761137008e-13,100.50238914345823,1073.7960289990804,30.453971000919662,0.2128287396090494,0.1436412472559318,0.1358641349681539,4417.0,1.1500234130476608,1.7019840928080472e-13,0.008273523710402037,1073.78775547537,-30.462244524630023
development,0.5,0.25,0.5,5minute,0.48677787178207443,5.084133565084479e-13,100.50238914345823,2177.300955256942,31.199044743058057,0.1782101816115309,0.1440868173408447,0.1631762884800485,4417.0,0.4843445772092465,5.058719109480402e-13,-0.017944102870851582,2177.318899359813,-31.181100640187196
development,0.5,0.25,0.5,envelope,1.5135147085444113e-10,0.0,100.50238914345823,2176.791226455672,31.708773544328047,5.28577182024037e-13,0.2586629326208137,0.265028417895406,4417.0,1.5059489843410624e-10,0.0,-0.005983556158116759,2176.7972100118304,-31.70278998816957
development,0.5,0.25,0.5,gross,1.5135147085444113e-10,0.0,100.50238914345823,2176.791226455672,31.708773544328047,5.28577182024037e-13,0.2586629326208137,0.265028417895406,4417.0,1.5059489843410624e-10,,-0.005983556158116759,2176.7972100118304,-31.70278998816957
development,0.5,0.25,0.5,minute,0.137718273819287,2.5236791052222035e-12,100.50238914345823,2176.913919557236,31.586080442763887,0.132428422602686,0.1446791166513329,0.1759735939346525,4417.0,0.13702985072594284,2.511063793339157e-12,-0.029416808646320427,2176.9433363658823,-31.55666363411774
development,0.5,0.25,0.5,native,1.5145573777903857e-10,1.5145573777903857e-10,100.50238914345823,2176.7912264556717,31.708773544328082,0.0,0.2586629326208874,0.2650284178959204,4417.0,1.5069864415148277e-10,1.5069864415148277e-10,-0.00598355615853102,2176.7972100118304,-31.70278998816957
development,0.5,0.25,0.5,quarter,1.15580100582204,1.7105346761137008e-13,100.50238914345823,2178.0460289990806,30.453971000919662,0.2128287396090494,0.1436412472559318,0.1358641349681539,4417.0,1.1500234130476608,1.7019840928080472e-13,0.008273523710402037,2178.03775547537,-30.462244524630023
development,0.5,0.25,0.75,5minute,0.48677787178207443,5.084133565084479e-13,100.50238914345823,3281.550955256942,31.199044743058057,0.1782101816115309,0.1440868173408447,0.1631762884800485,4417.0,0.4843445772092465,5.058719109480402e-13,-0.017944102870851582,3281.568899359813,-31.181100640187196
development,0.5,0.25,0.75,envelope,1.5135147085444113e-10,0.0,100.50238914345823,3281.041226455672,31.708773544328047,5.28577182024037e-13,0.2586629326208137,0.265028417895406,4417.0,1.5059489843410624e-10,0.0,-0.005983556158116759,3281.0472100118304,-31.70278998816957
development,0.5,0.25,0.75,gross,1.5135147085444113e-10,0.0,100.50238914345823,3281.041226455672,31.708773544328047,5.28577182024037e-13,0.2586629326208137,0.265028417895406,4417.0,1.5059489843410624e-10,,-0.005983556158116759,3281.0472100118304,-31.70278998816957
development,0.5,0.25,0.75,minute,0.137718273819287,2.5236791052222035e-12,100.50238914345823,3281.163919557236,31.586080442763887,0.132428422602686,0.1446791166513329,0.1759735939346525,4417.0,0.13702985072594284,2.511063793339157e-12,-0.029416808646320427,3281.1933363658823,-31.55666363411774
development,0.5,0.25,0.75,native,1.5145573777903857e-10,1.5145573777903857e-10,100.50238914345823,3281.041226455672,31.708773544328082,0.0,0.2586629326208874,0.2650284178959204,4417.0,1.5069864415148277e-10,1.5069864415148277e-10,-0.00598355615853102,3281.047210011831,-31.702789988169116
development,0.5,0.25,0.75,quarter,1.15580100582204,1.7105346761137008e-13,100.50238914345823,3282.29602899908,30.453971000919662,0.2128287396090494,0.1436412472559318,0.1358641349681539,4417.0,1.1500234130476608,1.7019840928080472e-13,0.008273523710402037,3282.2877554753695,-30.462244524630478
development,0.5,0.5,0.25,5minute,2.0608628295944587,1.1813206212872676,201.00477828691646,1043.0937637371326,61.15623626286746,0.1102490727034655,0.2682751556702623,0.2548779716772538,4417.0,1.0252805167908796,0.5877077308087857,0.014252323396817541,1043.0795114137359,-61.17048858626413
development,0.5,0.5,0.25,envelope,1.2271536494070765,1.2271536492574118,201.00477828691646,1042.1223880543012,62.12761194569895,2.9209967777887874e-13,0.2680674881470026,0.2800568357920109,4417.0,0.610509690299712,0.6105096902252537,-0.01126998678630781,1042.1336580410875,-62.11634195891247
development,0.5,0.5,0.25,gross,1.0667297691784237,0.0,201.00477828691646,1041.943177567578,62.30682243242197,0.0193738194784466,0.2720908672941687,0.2808768918767096,4417.0,0.5306987118762727,,-0.008258863107588452,1041.9514364306856,-62.29856356931441
development,0.5,0.5,0.25,minute,1.4246816843950323,1.221357716670567,201.00477828691646,1042.361441822825,61.888558177174964,0.0472291199976057,0.2680043096582537,0.2733054291059289,4417.0,0.7087800083843906,0.6076262102223198,-0.004983052280814683,1042.3664248751058,-61.88357512489415
development,0.5,0.5,0.25,native,1.2271536494069681,1.2271536494069681,201.00477828691646,1042.1223880543014,62.12761194569852,0.0,0.2680674881469986,0.2800568357918607,4417.0,0.6105096902996582,0.6105096902996582,-0.011269986786170366,1042.1336580410875,-62.11634195891247
development,0.5,0.5,0.25,quarter,3.2557216990438245,1.0170477989619353,201.00477828691646,1044.4160362661155,59.83396373388439,0.1766591992826772,0.2720035968289848,0.2138829482204188,4417.0,1.6197235343313934,0.505981901340768,0.061830477243155296,1044.3542057888724,-59.89579421112762
development,0.5,0.5,0.5,5minute,2.0608628295944587,1.1813206212872676,201.00477828691646,2147.3437637371326,61.15623626286746,0.1102490727034655,0.2682751556702623,0.2548779716772538,4417.0,1.0252805167908796,0.5877077308087857,0.014252323396817541,2147.329511413736,-61.17048858626413
development,0.5,0.5,0.5,envelope,1.2271536494070765,1.2271536492574118,201.00477828691646,2146.372388054301,62.12761194569895,2.9209967777887874e-13,0.2680674881470026,0.2800568357920109,4417.0,0.610509690299712,0.6105096902252537,-0.01126998678630781,2146.3836580410875,-62.11634195891247
development,0.5,0.5,0.5,gross,1.0667297691784237,0.0,201.00477828691646,2146.193177567578,62.30682243242197,0.0193738194784466,0.2720908672941687,0.2808768918767096,4417.0,0.5306987118762727,,-0.008258863107588452,2146.2014364306856,-62.29856356931441
development,0.5,0.5,0.5,minute,1.4246816843950323,1.221357716670567,201.00477828691646,2146.611441822825,61.888558177174964,0.0472291199976057,0.2680043096582537,0.2733054291059289,4417.0,0.7087800083843906,0.6076262102223198,-0.004983052280814683,2146.6164248751056,-61.88357512489438
development,0.5,0.5,0.5,native,1.2271536494069681,1.2271536494069681,201.00477828691646,2146.3723880543016,62.12761194569852,0.0,0.2680674881469986,0.2800568357918607,4417.0,0.6105096902996582,0.6105096902996582,-0.011269986786170366,2146.383658041088,-62.11634195891202
development,0.5,0.5,0.5,quarter,3.2557216990438245,1.0170477989619353,201.00477828691646,2148.6660362661155,59.83396373388439,0.1766591992826772,0.2720035968289848,0.2138829482204188,4417.0,1.6197235343313934,0.505981901340768,0.061830477243155296,2148.604205788872,-59.89579421112785
development,0.5,0.5,0.75,5minute,2.0608628295944587,1.1813206212872676,201.00477828691646,3251.5937637371326,61.15623626286746,0.1102490727034655,0.2682751556702623,0.2548779716772538,4417.0,1.0252805167908796,0.5877077308087857,0.014252323396817541,3251.579511413736,-61.17048858626413
development,0.5,0.5,0.75,envelope,1.2271536494070765,1.2271536492574118,201.00477828691646,3250.622388054301,62.12761194569895,2.9209967777887874e-13,0.2680674881470026,0.2800568357920109,4417.0,0.610509690299712,0.6105096902252537,-0.01126998678630781,3250.6336580410875,-62.11634195891247
development,0.5,0.5,0.75,gross,1.0667297691784237,0.0,201.00477828691646,3250.443177567578,62.30682243242197,0.0193738194784466,0.2720908672941687,0.2808768918767096,4417.0,0.5306987118762727,,-0.008258863107588452,3250.4514364306856,-62.29856356931441
development,0.5,0.5,0.75,minute,1.4246816843950323,1.221357716670567,201.00477828691646,3250.861441822825,61.888558177174964,0.0472291199976057,0.2680043096582537,0.2733054291059289,4417.0,0.7087800083843906,0.6076262102223198,-0.004983052280814683,3250.8664248751056,-61.88357512489438
development,0.5,0.5,0.75,native,1.2271536494069681,1.2271536494069681,201.00477828691646,3250.6223880543016,62.12761194569852,0.0,0.2680674881469986,0.2800568357918607,4417.0,0.6105096902996582,0.6105096902996582,-0.011269986786170366,3250.633658041088,-62.11634195891202
development,0.5,0.5,0.75,quarter,3.2557216990438245,1.0170477989619353,201.00477828691646,3252.9160362661155,59.83396373388439,0.1766591992826772,0.2720035968289848,0.2138829482204188,4417.0,1.6197235343313934,0.505981901340768,0.061830477243155296,3252.854205788872,-59.89579421112785
development,0.5,0.75,0.25,5minute,11.317606882189985,10.2742892783675,301.5071674303827,1019.3334719265267,84.91652807347324,0.0570230180286877,0.282365391400859,0.2909555552703537,4417.0,3.7536775588604185,3.4076434619882816,-0.008074754037325053,1019.3415466805641,-84.90845331943592
development,0.5,0.75,0.25,envelope,10.498071124434574,10.498071124296134,301.5071674303827,1018.0419694589255,86.20803054107452,4.3109960046194834e-13,0.2817583826891541,0.2950852536878232,4417.0,3.4818645320790105,3.4818645320330948,-0.012527258738748936,1018.0544967176642,-86.19550328233584
development,0.5,0.75,0.25,gross,10.156533530139695,0.0,301.5071674303827,1017.5573104745356,86.69268952546443,0.0314910142761913,0.2889645285322902,0.3163165908190989,4417.0,3.368587757531441,,-0.025710938549600174,1017.5830214130852,-86.66697858691475
development,0.5,0.75,0.25,minute,10.718531642087306,10.462938318953295,301.5071674303827,1018.3783783798833,85.87162162011678,0.0175598120305225,0.2816567299282875,0.2939635180391002,4417.0,3.55498402689289,3.4702121372849826,-0.011568380824163942,1018.3899467607075,-85.86005323929248
development,0.5,0.75,0.25,native,10.498071124434546,10.498071124434546,301.5071674303827,1018.041969458925,86.20803054107506,0.0,0.2817583826891358,0.2950852536878087,4417.0,3.481864532079001,3.481864532079001,-0.012527258738752538,1018.0544967176637,-86.19550328233629
development,0.5,0.75,0.25,quarter,12.594469673758615,9.81834224442684,301.5071674303827,1021.067169124753,83.18283087524699,0.1149906675374,0.2878060388243099,0.299568152132505,4417.0,4.177170904790065,3.256420843359842,-0.011056386509703392,1021.0782255112628,-83.17177448873724
development,0.5,0.75,0.5,5minute,11.317606882189985,10.2742892783675,301.5071674303827,2123.5834719265267,84.91652807347324,0.0570230180286877,0.282365391400859,0.2909555552703537,4417.0,3.7536775588604185,3.4076434619882816,-0.008074754037325053,2123.591546680564,-84.90845331943592
development,0.5,0.75,0.5,envelope,10.498071124434574,10.498071124296134,301.5071674303827,2122.2919694589255,86.20803054107452,4.3109960046194834e-13,0.2817583826891541,0.2950852536878232,4417.0,3.4818645320790105,3.4818645320330948,-0.012527258738748936,2122.3044967176643,-86.19550328233572
development,0.5,0.75,0.5,gross,10.156533530139695,0.0,301.5071674303827,2121.8073104745354,86.69268952546443,0.0314910142761913,0.2889645285322902,0.3163165908190989,4417.0,3.368587757531441,,-0.025710938549600174,2121.833021413085,-86.66697858691487
development,0.5,0.75,0.5,minute,10.718531642087306,10.462938318953295,301.5071674303827,2122.628378379883,85.87162162011678,0.0175598120305225,0.2816567299282875,0.2939635180391002,4417.0,3.55498402689289,3.4702121372849826,-0.011568380824163942,2122.639946760707,-85.86005323929294
development,0.5,0.75,0.5,native,10.498071124434546,10.498071124434546,301.5071674303827,2122.291969458925,86.20803054107506,0.0,0.2817583826891358,0.2950852536878087,4417.0,3.481864532079001,3.481864532079001,-0.012527258738752538,2122.304496717664,-86.19550328233618
development,0.5,0.75,0.5,quarter,12.594469673758615,9.81834224442684,301.5071674303827,2125.317169124753,83.18283087524699,0.1149906675374,0.2878060388243099,0.299568152132505,4417.0,4.177170904790065,3.256420843359842,-0.011056386509703392,2125.3282255112626,-83.17177448873736
development,0.5,0.75,0.75,5minute,11.317606882189985,10.2742892783675,301.5071674303827,3227.8334719265267,84.91652807347324,0.0570230180286877,0.282365391400859,0.2909555552703537,4417.0,3.7536775588604185,3.4076434619882816,-0.008074754037325053,3227.841546680564,-84.90845331943592
development,0.5,0.75,0.75,envelope,10.498071124434574,10.498071124296134,301.5071674303827,3226.5419694589255,86.20803054107452,4.3109960046194834e-13,0.2817583826891541,0.2950852536878232,4417.0,3.4818645320790105,3.4818645320330948,-0.012527258738748936,3226.5544967176643,-86.19550328233572
development,0.5,0.75,0.75,gross,10.156533530139695,0.0,301.5071674303827,3226.0573104745354,86.69268952546443,0.0314910142761913,0.2889645285322902,0.3163165908190989,4417.0,3.368587757531441,,-0.025710938549600174,3226.083021413085,-86.66697858691487
development,0.5,0.75,0.75,minute,10.718531642087306,10.462938318953295,301.5071674303827,3226.878378379883,85.87162162011678,0.0175598120305225,0.2816567299282875,0.2939635180391002,4417.0,3.55498402689289,3.4702121372849826,-0.011568380824163942,3226.889946760707,-85.86005323929294
development,0.5,0.75,0.75,native,10.498071124434546,10.498071124434546,301.5071674303827,3226.541969458925,86.20803054107506,0.0,0.2817583826891358,0.2950852536878087,4417.0,3.481864532079001,3.481864532079001,-0.012527258738752538,3226.554496717664,-86.19550328233618
development,0.5,0.75,0.75,quarter,12.594469673758615,9.81834224442684,301.5071674303827,3229.567169124753,83.18283087524699,0.1149906675374,0.2878060388243099,0.299568152132505,4417.0,4.177170904790065,3.256420843359842,-0.011056386509703392,3229.5782255112626,-83.17177448873736
development,1.0,0.25,0.25,5minute,0.4867778717821225,1.0182354677877574e-12,100.50238914345823,1073.050955256942,31.199044743058053,0.4282101816115328,0.1440868173408448,0.1631762884800295,4417.0,0.4843445772092943,1.0131455346144227e-12,-0.017944102870833607,1073.0688993598128,-31.181100640187196
development,1.0,0.25,0.25,envelope,3.041515002747873e-10,0.0,100.50238914345823,1072.541226455672,31.70877354432805,1.2284617767477357e-12,0.5086629326217291,0.5150284178954161,4417.0,3.026311144112585e-10,0.0,-0.005983556157265747,1072.547210011829,-31.702789988170935
development,1.0,0.25,0.25,gross,3.041515002747873e-10,0.0,100.50238914345823,1072.541226455672,31.70877354432805,1.2284617767477357e-12,0.5086629326217291,0.5150284178954161,4417.0,3.026311144112585e-10,,-0.005983556157265747,1072.547210011829,-31.702789988170935
development,1.0,0.25,0.25,minute,2.081575897796303e-10,5.06686717221615e-12,100.50238914345823,1072.663919557236,31.586080442763915,0.2519838115099012,0.378308681480356,0.263094356936096,4417.0,2.0711705617515602e-10,5.041539027478886e-12,0.12256843036623405,1072.5413511268698,-31.708648873130187
development,1.0,0.25,0.25,native,3.0466299803756067e-10,3.0466299803756067e-10,100.50238914345823,1072.5412264556699,31.70877354433017,0.0,0.5086629326208928,0.5150284178959427,4417.0,3.031400553102089e-10,3.031400553102089e-10,-0.005983556158546883,1072.5472100118284,-31.702789988171617
development,1.0,0.25,0.25,quarter,1.1558010058220791,3.3912876734214373e-13,100.50238914345823,1073.7960289990804,30.45397100091966,0.4628287396090594,0.1436412472559318,0.1358641349681545,4417.0,1.1500234130476996,3.3743353788144035e-13,0.008273523710401388,1073.78775547537,-30.462244524630023
development,1.0,0.25,0.5,5minute,0.4867778717821225,1.0182354677877574e-12,100.50238914345823,2177.300955256942,31.199044743058053,0.4282101816115328,0.1440868173408448,0.1631762884800295,4417.0,0.4843445772092943,1.0131455346144227e-12,-0.017944102870833607,2177.318899359813,-31.181100640187196
development,1.0,0.25,0.5,envelope,3.041515002747873e-10,0.0,100.50238914345823,2176.791226455672,31.70877354432805,1.2284617767477357e-12,0.5086629326217291,0.5150284178954161,4417.0,3.026311144112585e-10,0.0,-0.005983556157265747,2176.7972100118295,-31.70278998817048
development,1.0,0.25,0.5,gross,3.041515002747873e-10,0.0,100.50238914345823,2176.791226455672,31.70877354432805,1.2284617767477357e-12,0.5086629326217291,0.5150284178954161,4417.0,3.026311144112585e-10,,-0.005983556157265747,2176.7972100118295,-31.70278998817048
development,1.0,0.25,0.5,minute,2.081575897796303e-10,5.06686717221615e-12,100.50238914345823,2176.913919557236,31.586080442763915,0.2519838115099012,0.378308681480356,0.263094356936096,4417.0,2.0711705617515602e-10,5.041539027478886e-12,0.12256843036623405,2176.79135112687,-31.708648873130187
development,1.0,0.25,0.5,native,3.0466299803756067e-10,3.0466299803756067e-10,100.50238914345823,2176.79122645567,31.70877354433017,0.0,0.5086629326208928,0.5150284178959427,4417.0,3.031400553102089e-10,3.031400553102089e-10,-0.005983556158546883,2176.7972100118286,-31.70278998817139
development,1.0,0.25,0.5,quarter,1.1558010058220791,3.3912876734214373e-13,100.50238914345823,2178.0460289990806,30.45397100091966,0.4628287396090594,0.1436412472559318,0.1358641349681545,4417.0,1.1500234130476996,3.3743353788144035e-13,0.008273523710401388,2178.03775547537,-30.462244524630023
development,1.0,0.25,0.75,5minute,0.4867778717821225,1.0182354677877574e-12,100.50238914345823,3281.550955256942,31.199044743058053,0.4282101816115328,0.1440868173408448,0.1631762884800295,4417.0,0.4843445772092943,1.0131455346144227e-12,-0.017944102870833607,3281.568899359813,-31.181100640187196
development,1.0,0.25,0.75,envelope,3.041515002747873e-10,0.0,100.50238914345823,3281.041226455672,31.70877354432805,1.2284617767477357e-12,0.5086629326217291,0.5150284178954161,4417.0,3.026311144112585e-10,0.0,-0.005983556157265747,3281.0472100118295,-31.70278998817048
development,1.0,0.25,0.75,gross,3.041515002747873e-10,0.0,100.50238914345823,3281.041226455672,31.70877354432805,1.2284617767477357e-12,0.5086629326217291,0.5150284178954161,4417.0,3.026311144112585e-10,,-0.005983556157265747,3281.0472100118295,-31.70278998817048
development,1.0,0.25,0.75,minute,2.081575897796303e-10,5.06686717221615e-12,100.50238914345823,3281.163919557236,31.586080442763915,0.2519838115099012,0.378308681480356,0.263094356936096,4417.0,2.0711705617515602e-10,5.041539027478886e-12,0.12256843036623405,3281.04135112687,-31.708648873130187
development,1.0,0.25,0.75,native,3.0466299803756067e-10,3.0466299803756067e-10,100.50238914345823,3281.04122645567,31.70877354433017,0.0,0.5086629326208928,0.5150284178959427,4417.0,3.031400553102089e-10,3.031400553102089e-10,-0.005983556158546883,3281.0472100118286,-31.70278998817139
development,1.0,0.25,0.75,quarter,1.1558010058220791,3.3912876734214373e-13,100.50238914345823,3282.29602899908,30.45397100091966,0.4628287396090594,0.1436412472559318,0.1358641349681545,4417.0,1.1500234130476996,3.3743353788144035e-13,0.008273523710401388,3282.2877554753695,-30.462244524630478
development,1.0,0.5,0.25,5minute,0.9789527205920442,1.0172383291143653e-12,201.00477828691646,1041.8379819671488,62.41201803285118,0.3564203632230618,0.2893379625030807,0.332115923106122,4417.0,0.4870295765778643,5.060766902080049e-13,-0.04021128296685881,1041.8781932501156,-62.3718067498844
development,1.0,0.5,0.25,envelope,3.021488645927181e-10,0.0,201.00477828691646,1040.8168034688042,63.43319653119574,1.2424505868580129e-12,0.5169701228812882,0.5300568357906268,4417.0,1.5031924473030557e-10,0.0,-0.012301510134778287,1040.829104978939,-63.420895021060915
development,1.0,0.5,0.25,gross,3.021488645927181e-10,0.0,201.00477828691646,1040.8168034688042,63.43319653119574,1.2424505868580129e-12,0.5169701228812882,0.5300568357906268,4417.0,1.5031924473030557e-10,,-0.012301510134778287,1040.829104978939,-63.420895021060915
development,1.0,0.5,0.25,minute,0.2678544113012208,5.057406560807436e-12,201.00477828691646,1041.0620501588935,63.18794984110664,0.2636427315594678,0.3027263572823324,0.3577739223689071,4417.0,0.13325773326586415,2.5160628537837234e-12,-0.05174471118138023,1041.1137948700748,-63.1362051299252
development,1.0,0.5,0.25,native,3.0242993041346613e-10,3.0242993041346613e-10,201.00477828691646,1040.816803468804,63.433196531196025,0.0,0.516970122881313,0.5300568357918409,4417.0,1.5045907514784264e-10,1.5045907514784264e-10,-0.012301510135896202,1040.8291049789398,-63.42089502106023
development,1.0,0.5,0.25,quarter,2.3165926417157197,3.422137090660196e-13,201.00477828691646,1043.326942756161,60.92305724383893,0.4216530748322609,0.28871032068779,0.2786726253782587,4417.0,1.152506254557287,1.7025152933306887e-13,0.010678399265458834,1043.3162643568955,-60.933735643104455
development,1.0,0.5,0.5,5minute,0.9735557435641499,1.0168267130168957e-12,201.00477828691646,2146.101910513884,62.39808948611611,0.3564203632230618,0.2881736346816895,0.326352576960097,4417.0,0.484344577209247,5.058719109480402e-13,-0.03588820574170306,2146.1377987196256,-62.36220128037439
development,1.0,0.5,0.5,envelope,3.0270294170888227e-10,0.0,201.00477828691646,2145.082452911344,63.41754708865609,1.057154364048074e-12,0.5173258652416274,0.5300568357908121,4417.0,1.5059489843410624e-10,0.0,-0.011967112316233623,2145.09442002366,-63.40557997634005
development,1.0,0.5,0.5,gross,3.0270294170888227e-10,0.0,201.00477828691646,2145.082452911344,63.41754708865609,1.057154364048074e-12,0.5173258652416274,0.5300568357908121,4417.0,1.5059489843410624e-10,,-0.011967112316233623,2145.09442002366,-63.40557997634005
development,1.0,0.5,0.5,minute,0.2754365476385746,5.047358210444407e-12,201.00477828691646,2145.327839114472,63.172160885527774,0.2648568452053721,0.2893582333026658,0.351947187869305,4417.0,0.13702985072594315,2.511063793339157e-12,-0.058833617292640854,2145.386672731765,-63.113327268235025
development,1.0,0.5,0.5,native,3.0291147555807715e-10,3.0291147555807715e-10,201.00477828691646,2145.082452911344,63.41754708865617,0.0,0.5173258652417749,0.5300568357918409,4417.0,1.5069864415148277e-10,1.5069864415148277e-10,-0.01196711231706204,2145.094420023661,-63.40557997633914
development,1.0,0.5,0.5,quarter,2.3116020116440823,3.4210693522274016e-13,201.00477828691646,2147.5920579981607,60.907942001839324,0.4256574792180989,0.2872824945118637,0.2717282699363078,4417.0,1.1500234130476619,1.7019840928080472e-13,0.016547047420804196,2147.57551095074,-60.924489049260046
development,1.0,0.5,0.75,5minute,0.9735891479714919,1.0166539397538238e-12,201.00477828691646,3250.3517819246135,62.3982180753863,0.3564203632230618,0.2881736346816895,0.326352576960097,4417.0,0.4843611959223078,5.057859561441075e-13,-0.03588820574170306,3250.387670130355,-62.36232986964478
development,1.0,0.5,0.75,envelope,3.0270044102450325e-10,0.0,201.00477828691646,3249.332294948905,63.41770505109463,1.2032597140887449e-12,0.5173258652415132,0.5300568357910732,4417.0,1.5059365434209987e-10,0.0,-0.011967112316586363,3249.344262061222,-63.4057379387782
development,1.0,0.5,0.75,gross,2.6855831450702645e-10,0.0,201.00477828691646,3249.332294948905,63.41770505109463,0.0124318590240712,0.504894006218053,0.517624976768063,4417.0,1.3360792554079652e-10,,-0.011967112317009337,3249.3442620612223,-63.40573793877775
development,1.0,0.5,0.75,minute,0.2636662604868418,5.046788908818534e-12,201.00477828691646,3249.577696012467,63.17230398753264,0.2648740652639063,0.3018970354375866,0.351947187869305,4417.0,0.1311741256769934,2.510780565432475e-12,-0.04704714328581529,3249.624743155753,-63.125256844246906
development,1.0,0.5,0.75,native,3.028999423237354e-10,3.028999423237354e-10,201.00477828691646,3249.3322949489057,63.417705051094565,0.0,0.5173258652417749,0.5300568357918409,4417.0,1.5069290636035163e-10,1.5069290636035163e-10,-0.01196711231706204,3249.3442620612227,-63.40573793877729
development,1.0,0.5,0.75,quarter,2.311756471381859,3.4178549892475136e-13,201.00477828691646,3251.842047246124,60.90795275387592,0.4256574792180989,0.2872824945118637,0.2717282699363078,4417.0,1.1501002568615715,1.7003849452617636e-13,0.016547047420804196,3251.825500198703,-60.92449980129686
development,1.0,0.75,0.25,5minute,2.7906033067776157,1.4353202095047275,301.5071674303827,1011.942373560775,92.30762643922499,0.2664943303228868,0.4767970220123675,0.5068467280527168,4417.0,0.9255512333457079,0.4760484540839778,-0.02824672367792833,1011.9706202844529,-92.27937971554707
development,1.0,0.75,0.25,envelope,1.49139323901336,1.491393238713654,301.5071674303827,1010.4789428990078,93.77105710099214,8.875122858853501e-13,0.5103273427188113,0.5450852536880341,4417.0,0.4946460317092525,0.49464603160984993,-0.03267243631106939,1010.5116153353189,-93.73838466468112
development,1.0,0.75,0.25,gross,1.4115238882382222,0.0,301.5071674303827,1010.3717047635041,93.87829523649592,0.0246052529955063,0.5151295788244814,0.549001643045078,4417.0,0.4681559978384725,,-0.031839740367360835,1010.4035445038714,-93.84645549612856
development,1.0,0.75,0.25,minute,1.8195177253135209,1.4848215558711606,301.5071674303827,1010.8368714164992,93.41312858350082,0.0735790797682104,0.4777897793431757,0.5351870891829784,4417.0,0.6034741199754872,0.49246642079047837,-0.05395347124941457,1010.8908248877486,-93.35917511225136
development,1.0,0.75,0.25,native,1.4913932390145648,1.4913932390145648,301.5071674303827,1010.4789428990093,93.77105710099065,0.0,0.5103273427183412,0.5450852536877707,4417.0,0.4946460317096521,0.4946460317096521,-0.032672436311263715,1010.5116153353206,-93.73838466467942
development,1.0,0.75,0.25,quarter,4.70618145666626,1.3360016416587381,301.5071674303827,1014.0556101471186,90.19438985288139,0.3649906675374,0.4760266464627811,0.4459391883431323,4417.0,1.5608854332635083,0.44310775529646995,0.03200793416983915,1014.0236022129487,-90.22639778705127
development,1.0,0.75,0.5,5minute,2.7906033067776157,1.4353202095047275,301.5071674303827,2116.192373560775,92.30762643922499,0.2664943303228868,0.4767970220123675,0.5068467280527168,4417.0,0.9255512333457079,0.4760484540839778,-0.02824672367792833,2116.220620284453,-92.27937971554684
development,1.0,0.75,0.5,envelope,1.49139323901336,1.491393238713654,301.5071674303827,2114.728942899008,93.77105710099214,8.875122858853501e-13,0.5103273427188113,0.5450852536880341,4417.0,0.4946460317092525,0.49464603160984993,-0.03267243631106939,2114.761615335319,-93.73838466468078
development,1.0,0.75,0.5,gross,1.4115238882382222,0.0,301.5071674303827,2114.621704763504,93.87829523649592,0.0246052529955063,0.5151295788244814,0.549001643045078,4417.0,0.4681559978384725,,-0.031839740367360835,2114.6535445038717,-93.84645549612833
development,1.0,0.75,0.5,minute,1.8195177253135209,1.4848215558711606,301.5071674303827,2115.086871416499,93.41312858350082,0.0735790797682104,0.4777897793431757,0.5351870891829784,4417.0,0.6034741199754872,0.49246642079047837,-0.05395347124941457,2115.1408248877483,-93.3591751122517
development,1.0,0.75,0.5,native,1.4913932390145648,1.4913932390145648,301.5071674303827,2114.7289428990093,93.77105710099065,0.0,0.5103273427183412,0.5450852536877707,4417.0,0.4946460317096521,0.4946460317096521,-0.032672436311263715,2114.7616153353206,-93.73838466467942
development,1.0,0.75,0.5,quarter,4.70618145666626,1.3360016416587381,301.5071674303827,2118.3056101471184,90.19438985288139,0.3649906675374,0.4760266464627811,0.4459391883431323,4417.0,1.5608854332635083,0.44310775529646995,0.03200793416983915,2118.2736022129484,-90.22639778705161
development,1.0,0.75,0.75,5minute,2.7906033067776157,1.4353202095047275,301.5071674303827,3220.4423735607747,92.30762643922499,0.2664943303228868,0.4767970220123675,0.5068467280527168,4417.0,0.9255512333457079,0.4760484540839778,-0.02824672367792833,3220.4706202844527,-92.2793797155473
development,1.0,0.75,0.75,envelope,1.49139323901336,1.491393238713654,301.5071674303827,3218.978942899008,93.77105710099214,8.875122858853501e-13,0.5103273427188113,0.5450852536880341,4417.0,0.4946460317092525,0.49464603160984993,-0.03267243631106939,3219.011615335319,-93.73838466468078
development,1.0,0.75,0.75,gross,1.4115238882382222,0.0,301.5071674303827,3218.871704763504,93.87829523649592,0.0246052529955063,0.5151295788244814,0.549001643045078,4417.0,0.4681559978384725,,-0.031839740367360835,3218.9035445038717,-93.84645549612833
development,1.0,0.75,0.75,minute,1.8195177253135209,1.4848215558711606,301.5071674303827,3219.336871416499,93.41312858350082,0.0735790797682104,0.4777897793431757,0.5351870891829784,4417.0,0.6034741199754872,0.49246642079047837,-0.05395347124941457,3219.3908248877483,-93.3591751122517
development,1.0,0.75,0.75,native,1.4913932390145648,1.4913932390145648,301.5071674303827,3218.9789428990093,93.77105710099065,0.0,0.5103273427183412,0.5450852536877707,4417.0,0.4946460317096521,0.4946460317096521,-0.032672436311263715,3219.0116153353206,-93.73838466467942
development,1.0,0.75,0.75,quarter,4.70618145666626,1.3360016416587381,301.5071674303827,3222.5556101471184,90.19438985288139,0.3649906675374,0.4760266464627811,0.4459391883431323,4417.0,1.5608854332635083,0.44310775529646995,0.03200793416983915,3222.5236022129484,-90.22639778705161
development,2.0,0.25,0.25,5minute,0.23916123893570163,2.036506778251134e-12,100.50238914345823,1073.050955256942,31.199044743058064,0.909992168833399,0.4075087672319211,0.1631762884800469,4417.0,0.23796572496830917,2.026326732734882e-12,0.25992816888497255,1072.791027088057,-31.458972911942965
development,2.0,0.25,0.25,envelope,6.086682512268032e-10,0.0,100.50238914345823,1072.541226455672,31.70877354432804,4.667155550919233e-12,1.008662932622147,1.0150284178998503,4417.0,6.056256536926533e-10,0.0,-0.00598355616104111,1072.547210011833,-31.70278998816707
development,2.0,0.25,0.25,gross,6.086682512268032e-10,0.0,100.50238914345823,1072.541226455672,31.70877354432804,4.667155550919233e-12,1.008662932622147,1.0150284178998503,4417.0,6.056256536926533e-10,,-0.00598355616104111,1072.547210011833,-31.70278998816707
development,2.0,0.25,0.25,minute,4.466772483531917e-10,1.0158550057173354e-11,100.50238914345823,1072.663919557236,31.58608044276389,0.2519838115122277,0.8783086814807821,0.7630943569337703,4417.0,4.4444440789919897e-10,1.0107769719457044e-11,0.12256843036916155,1072.5413511268669,-31.708648873133143
development,2.0,0.25,0.25,native,6.082981065140134e-10,6.082981065140134e-10,100.50238914345823,1072.5412264556742,31.708773544325734,0.0,1.00866293262091,1.0150284178959672,4417.0,6.052573592511537e-10,6.052573592511537e-10,-0.005983556158553771,1072.5472100118327,-31.702789988167297
development,2.0,0.25,0.25,quarter,1.1558010058220383,6.802982409625159e-13,100.50238914345823,1073.7960289990804,30.453971000919662,0.9628287396090508,0.143641247255932,0.1358641349681529,4417.0,1.150023413047659,6.768975810032243e-13,0.008273523710403307,1073.78775547537,-30.462244524630023
development,2.0,0.25,0.5,5minute,0.23916123893570163,2.036506778251134e-12,100.50238914345823,2177.300955256942,31.199044743058064,0.909992168833399,0.4075087672319211,0.1631762884800469,4417.0,0.23796572496830917,2.026326732734882e-12,0.25992816888497255,2177.041027088057,-31.458972911942965
development,2.0,0.25,0.5,envelope,6.086682512268032e-10,0.0,100.50238914345823,2176.791226455672,31.70877354432804,4.667155550919233e-12,1.008662932622147,1.0150284178998503,4417.0,6.056256536926533e-10,0.0,-0.00598355616104111,2176.797210011833,-31.702789988166842
development,2.0,0.25,0.5,gross,6.086682512268032e-10,0.0,100.50238914345823,2176.791226455672,31.70877354432804,4.667155550919233e-12,1.008662932622147,1.0150284178998503,4417.0,6.056256536926533e-10,,-0.00598355616104111,2176.797210011833,-31.702789988166842
development,2.0,0.25,0.5,minute,4.466772483531917e-10,1.0158550057173354e-11,100.50238914345823,2176.913919557236,31.58608044276389,0.2519838115122277,0.8783086814807821,0.7630943569337703,4417.0,4.4444440789919897e-10,1.0107769719457044e-11,0.12256843036916155,2176.791351126867,-31.708648873132915
development,2.0,0.25,0.5,native,6.082981065140134e-10,6.082981065140134e-10,100.50238914345823,2176.7912264556744,31.708773544325734,0.0,1.00866293262091,1.0150284178959672,4417.0,6.052573592511537e-10,6.052573592511537e-10,-0.005983556158553771,2176.797210011833,-31.702789988166842
development,2.0,0.25,0.5,quarter,1.1558010058220383,6.802982409625159e-13,100.50238914345823,2178.0460289990806,30.453971000919662,0.9628287396090508,0.143641247255932,0.1358641349681529,4417.0,1.150023413047659,6.768975810032243e-13,0.008273523710403307,2178.03775547537,-30.462244524630023
development,2.0,0.25,0.75,5minute,0.23916123893570163,2.036506778251134e-12,100.50238914345823,3281.550955256942,31.199044743058064,0.909992168833399,0.4075087672319211,0.1631762884800469,4417.0,0.23796572496830917,2.026326732734882e-12,0.25992816888497255,3281.291027088057,-31.458972911942965
development,2.0,0.25,0.75,envelope,6.086682512268032e-10,0.0,100.50238914345823,3281.041226455672,31.70877354432804,4.667155550919233e-12,1.008662932622147,1.0150284178998503,4417.0,6.056256536926533e-10,0.0,-0.00598355616104111,3281.047210011833,-31.702789988166842
development,2.0,0.25,0.75,gross,6.086682512268032e-10,0.0,100.50238914345823,3281.041226455672,31.70877354432804,4.667155550919233e-12,1.008662932622147,1.0150284178998503,4417.0,6.056256536926533e-10,,-0.00598355616104111,3281.047210011833,-31.702789988166842
development,2.0,0.25,0.75,minute,4.466772483531917e-10,1.0158550057173354e-11,100.50238914345823,3281.163919557236,31.58608044276389,0.2519838115122277,0.8783086814807821,0.7630943569337703,4417.0,4.4444440789919897e-10,1.0107769719457044e-11,0.12256843036916155,3281.041351126867,-31.708648873132915
development,2.0,0.25,0.75,native,6.082981065140134e-10,6.082981065140134e-10,100.50238914345823,3281.0412264556744,31.708773544325734,0.0,1.00866293262091,1.0150284178959672,4417.0,6.052573592511537e-10,6.052573592511537e-10,-0.005983556158553771,3281.047210011833,-31.702789988166842
development,2.0,0.25,0.75,quarter,1.1558010058220383,6.802982409625159e-13,100.50238914345823,3282.29602899908,30.453971000919662,0.9628287396090508,0.143641247255932,0.1358641349681529,4417.0,1.150023413047659,6.768975810032243e-13,0.008273523710403307,3282.2877554753695,-30.462244524630478
development,2.0,0.5,0.25,5minute,0.9789527205921412,2.0364834039225565e-12,201.00477828691646,1041.8379819671488,62.412018032851186,0.8564203632230656,0.2893379625030808,0.3321159231061247,4417.0,0.48702957657791257,1.0131517376246934e-12,-0.04021128296686126,1041.8781932501156,-62.3718067498844
development,2.0,0.5,0.25,envelope,6.083736207835016e-10,0.0,201.00477828691646,1040.8168034688042,63.43319653119574,2.759792394613214e-12,1.0169701228824148,1.030056835791738,4417.0,3.0266624802078204e-10,0.0,-0.012301510134763678,1040.829104978939,-63.420895021060915
development,2.0,0.5,0.25,gross,6.083736207835016e-10,0.0,201.00477828691646,1040.8168034688042,63.43319653119574,2.759792394613214e-12,1.0169701228824148,1.030056835791738,4417.0,3.0266624802078204e-10,,-0.012301510134763678,1040.829104978939,-63.420895021060915
development,2.0,0.5,0.25,minute,4.157823556549482e-10,1.0118862650789979e-11,201.00477828691646,1041.0620501588933,63.18794984110673,0.5038570723139697,0.756203200649698,0.5262992645780249,4417.0,2.0685197595723612e-10,5.03414035080609e-12,0.24457865539539697,1040.817471503498,-63.43252849650207
development,2.0,0.5,0.25,native,6.093242181829539e-10,6.093242181829539e-10,201.00477828691646,1040.816803468802,63.433196531198,0.0,1.0169701228813488,1.0300568357918851,4417.0,3.0313917080776934e-10,3.0313917080776934e-10,-0.012301510135904133,1040.829104978938,-63.42089502106205
development,2.0,0.5,0.25,quarter,2.3165926417157685,6.770841756501888e-13,201.00477828691646,1043.326942756161,60.923057243838926,0.9216530748322884,0.28871032068779,0.2786726253782607,4417.0,1.1525062545573113,3.36849791045122e-13,0.010678399265456707,1043.3162643568955,-60.933735643104455
development,2.0,0.5,0.5,5minute,0.9735557435642457,2.036470935575515e-12,201.00477828691646,2146.101910513884,62.39808948611611,0.8564203632230656,0.2881736346816896,0.326352576960059,4417.0,0.4843445772092947,1.0131455346144227e-12,-0.03588820574166721,2146.1377987196256,-62.36220128037439
development,2.0,0.5,0.5,envelope,6.083030005495746e-10,0.0,201.00477828691646,2145.082452911344,63.4175470886561,2.456923553495472e-12,1.0173258652434582,1.0300568357908322,4417.0,3.026311144112585e-10,0.0,-0.011967112314531495,2145.094420023658,-63.40557997634187
development,2.0,0.5,0.5,gross,6.083030005495746e-10,0.0,201.00477828691646,2145.082452911344,63.4175470886561,2.456923553495472e-12,1.0173258652434582,1.0300568357908322,4417.0,3.026311144112585e-10,,-0.011967112314531495,2145.094420023658,-63.40557997634187
development,2.0,0.5,0.5,minute,4.163151795592606e-10,1.01337343444323e-11,201.00477828691646,2145.327839114472,63.17216088552784,0.5039676230198025,0.7566173629607121,0.5261887138721921,4417.0,2.0711705617515602e-10,5.041539027478886e-12,0.2451368607324681,2145.0827022537396,-63.417297746260374
development,2.0,0.5,0.5,native,6.093259960751213e-10,6.093259960751213e-10,201.00477828691646,2145.0824529113397,63.41754708866034,0.0,1.0173258652417856,1.0300568357918851,4417.0,3.031400553102089e-10,3.031400553102089e-10,-0.011967112317093557,2145.0944200236568,-63.40557997634323
development,2.0,0.5,0.5,quarter,2.3116020116441605,6.782575346842875e-13,201.00477828691646,2147.5920579981607,60.90794200183932,0.9256574792181188,0.2872824945118637,0.271728269936309,4417.0,1.1500234130477007,3.3743353788144035e-13,0.016547047420802895,2147.57551095074,-60.924489049260046
development,2.0,0.5,0.75,5minute,0.9735891479715866,2.0374235280274104e-12,201.00477828691646,3250.3517819246135,62.3982180753863,0.8564203632230656,0.2881736346816896,0.326352576960059,4417.0,0.48436119592235494,1.0136194499412194e-12,-0.03588820574166721,3250.387670130355,-62.36232986964478
development,2.0,0.5,0.75,envelope,6.083597521250956e-10,0.0,201.00477828691646,3249.332294948905,63.417705051094636,3.760325384405405e-12,1.0173258652444486,1.0300568357921356,4417.0,3.026593483547521e-10,0.0,-0.011967112314825794,3249.34426206122,-63.40573793878002
development,2.0,0.5,0.75,gross,6.083597521250956e-10,0.0,201.00477828691646,3249.332294948905,63.417705051094636,3.760325384405405e-12,1.0173258652444486,1.0300568357921356,4417.0,3.026593483547521e-10,,-0.011967112314825794,3249.34426206122,-63.40573793878002
development,2.0,0.5,0.75,minute,4.1643700610183426e-10,1.0134274439571587e-11,201.00477828691646,3249.577696012467,63.17230398753271,0.5038044680301585,0.7567977380087474,0.526351868861836,4417.0,2.0717766495451537e-10,5.041807725140648e-12,0.2451551799435227,3249.3325408325236,-63.41745916747641
development,2.0,0.5,0.75,native,6.091831085228386e-10,6.091831085228386e-10,201.00477828691646,3249.332294948901,63.41770505109864,0.0,1.0173258652417856,1.0300568357918851,4417.0,3.030689686656523e-10,3.030689686656523e-10,-0.011967112317093557,3249.344262061218,-63.40573793878184
development,2.0,0.5,0.75,quarter,2.311756471381927,6.781735733904238e-13,201.00477828691646,3251.8420472461244,60.90795275387591,0.9256574792181188,0.2872824945118637,0.271728269936309,4417.0,1.1501002568616057,3.373917670864477e-13,0.016547047420802895,3251.8255001987036,-60.924499801296406
development,2.0,0.75,0.25,5minute,1.6302556145468878,2.0251971757355513e-12,301.5071674303827,1010.4113094174521,93.83869058254788,0.7451754628278406,0.476797022012368,0.7357040163380762,4417.0,0.5407021094857754,6.716912214709338e-13,-0.24337257466616574,1010.6546819921183,-93.5953180078817
development,2.0,0.75,0.25,envelope,6.05384137642857e-10,0.0,301.5071674303827,1008.8861097864652,95.36389021353477,7.745359908994942e-12,1.0103273427152226,1.0450852536803508,4417.0,2.007859855546017e-10,0.0,-0.03267243630722046,1008.9187822227724,-95.33121777722761
development,2.0,0.75,0.25,gross,5.227168934663977e-10,0.0,301.5071674303827,1008.8861097864652,95.36389021353477,0.0258212848051422,0.9845060579159328,1.019263968882843,4417.0,1.7336798256614969e-10,,-0.03267243630889566,1008.9187822227741,-95.3312177772259
development,2.0,0.75,0.25,minute,0.35129076945793913,1.0108291252242623e-11,301.5071674303827,1009.250960069392,94.999039930608,0.4025063872948446,0.7278070761684834,0.77495872643548,4417.0,0.11651158161573434,3.35258738238009e-12,-0.04432255125097684,1009.295282620643,-94.95471737935702
development,2.0,0.75,0.25,native,6.051648566076515e-10,6.051648566076515e-10,301.5071674303827,1008.886109786461,95.36389021353904,0.0,1.01032734271837,1.0450852536878663,4417.0,2.0071325725527986e-10,2.0071325725527986e-10,-0.032672436311326436,1008.9187822227724,-95.33121777722761
development,2.0,0.75,0.25,quarter,3.6152202465126697,6.759602537436874e-13,301.5071674303827,1012.6188780022172,91.6311219977828,0.8312266899613873,0.4760266464627811,0.6595084066523128,4417.0,1.1990495208865692,2.2419375947331832e-13,-0.1724728545781598,1012.7913508567954,-91.45864914320464
development,2.0,0.75,0.5,5minute,1.6302556145468878,2.0251971757355513e-12,301.5071674303827,2114.6613094174522,93.83869058254788,0.7451754628278406,0.476797022012368,0.7357040163380762,4417.0,0.5407021094857754,6.716912214709338e-13,-0.24337257466616574,2114.904681992118,-93.59531800788181
development,2.0,0.75,0.5,envelope,6.05384137642857e-10,0.0,301.5071674303827,2113.136109786465,95.36389021353477,7.745359908994942e-12,1.0103273427152226,1.0450852536803508,4417.0,2.007859855546017e-10,0.0,-0.03267243630722046,2113.1687822227723,-95.33121777722772
development,2.0,0.75,0.5,gross,5.227168934663977e-10,0.0,301.5071674303827,2113.136109786465,95.36389021353477,0.0258212848051422,0.9845060579159328,1.019263968882843,4417.0,1.7336798256614969e-10,,-0.03267243630889566,2113.168782222774,-95.3312177772259
development,2.0,0.75,0.5,minute,0.35129076945793913,1.0108291252242623e-11,301.5071674303827,2113.500960069392,94.999039930608,0.4025063872948446,0.7278070761684834,0.77495872643548,4417.0,0.11651158161573434,3.35258738238009e-12,-0.04432255125097684,2113.545282620643,-94.95471737935713
development,2.0,0.75,0.5,native,6.051648566076515e-10,6.051648566076515e-10,301.5071674303827,2113.136109786461,95.36389021353904,0.0,1.01032734271837,1.0450852536878663,4417.0,2.0071325725527986e-10,2.0071325725527986e-10,-0.032672436311326436,2113.1687822227723,-95.33121777722772
development,2.0,0.75,0.5,quarter,3.6152202465126697,6.759602537436874e-13,301.5071674303827,2116.868878002217,91.6311219977828,0.8312266899613873,0.4760266464627811,0.6595084066523128,4417.0,1.1990495208865692,2.2419375947331832e-13,-0.1724728545781598,2117.0413508567954,-91.45864914320464
development,2.0,0.75,0.75,5minute,1.6302556145468878,2.0251971757355513e-12,301.5071674303827,3218.9113094174522,93.83869058254788,0.7451754628278406,0.476797022012368,0.7357040163380762,4417.0,0.5407021094857754,6.716912214709338e-13,-0.24337257466616574,3219.154681992118,-93.59531800788181
development,2.0,0.75,0.75,envelope,6.05384137642857e-10,0.0,301.5071674303827,3217.386109786465,95.36389021353477,7.745359908994942e-12,1.0103273427152226,1.0450852536803508,4417.0,2.007859855546017e-10,0.0,-0.03267243630722046,3217.4187822227723,-95.33121777722772
development,2.0,0.75,0.75,gross,5.227168934663977e-10,0.0,301.5071674303827,3217.386109786465,95.36389021353477,0.0258212848051422,0.9845060579159328,1.019263968882843,4417.0,1.7336798256614969e-10,,-0.03267243630889566,3217.418782222774,-95.3312177772259
development,2.0,0.75,0.75,minute,0.35129076945793913,1.0108291252242623e-11,301.5071674303827,3217.750960069392,94.999039930608,0.4025063872948446,0.7278070761684834,0.77495872643548,4417.0,0.11651158161573434,3.35258738238009e-12,-0.04432255125097684,3217.795282620643,-94.95471737935713
development,2.0,0.75,0.75,native,6.051648566076515e-10,6.051648566076515e-10,301.5071674303827,3217.386109786461,95.36389021353904,0.0,1.01032734271837,1.0450852536878663,4417.0,2.0071325725527986e-10,2.0071325725527986e-10,-0.032672436311326436,3217.4187822227723,-95.33121777722772
development,2.0,0.75,0.75,quarter,3.6152202465126697,6.759602537436874e-13,301.5071674303827,3221.118878002217,91.6311219977828,0.8312266899613873,0.4760266464627811,0.6595084066523128,4417.0,1.1990495208865692,2.2419375947331832e-13,-0.1724728545781598,3221.2913508567954,-91.45864914320464
development,4.0,0.25,0.25,5minute,7.735900970398791e-10,4.080965693752287e-12,100.50238914345823,1073.050955256942,31.19904474305804,1.106453026191807,1.4075087672346376,0.9087494386889304,4417.0,7.697230917920249e-10,4.0605658517501215e-12,0.5305950303677736,1072.5203602265742,-31.729639773425788
development,4.0,0.25,0.25,envelope,1.2121202286434874e-09,0.0,100.50238914345823,1072.541226455672,31.70877354432805,9.609646411945503e-12,2.00866293262372,2.015028417905256,4417.0,1.206061108570557e-09,0.0,-0.005983556164643859,1072.5472100118366,-31.70278998816343
development,4.0,0.25,0.25,gross,1.2121202286434874e-09,0.0,100.50238914345823,1072.541226455672,31.70877354432805,9.609646411945503e-12,2.00866293262372,2.015028417905256,4417.0,1.206061108570557e-09,,-0.005983556164643859,1072.5472100118366,-31.70278998816343
development,4.0,0.25,0.25,minute,8.907884389358415e-10,2.033456948865924e-11,100.50238914345823,1072.6639195572363,31.586080442763762,0.2519838115040089,1.878308681486876,1.7630943569419912,4417.0,8.863355851812838e-10,2.0232921487700607e-11,0.1225684303668986,1072.5413511268694,-31.70864887313064
development,4.0,0.25,0.25,native,1.2132951856328812e-09,1.2132951856328812e-09,100.50238914345823,1072.5412264556799,31.708773544320003,0.0,2.0086629326208514,2.015028417895888,4417.0,1.2072301922106648e-09,1.2072301922106648e-09,-0.005983556158534568,1072.5472100118384,-31.702789988161612
development,4.0,0.25,0.25,quarter,0.8244729041723945,1.3541482486856383e-12,100.50238914345823,1073.7960289990804,30.453971000919665,1.962828739609062,0.4961179511784775,0.1358641349681572,4417.0,0.8203515470617645,1.3473791620542593e-12,0.38324874064927694,1073.412780258431,-30.837219741569015
development,4.0,0.25,0.5,5minute,7.735900970398791e-10,4.080965693752287e-12,100.50238914345823,2177.300955256942,31.19904474305804,1.106453026191807,1.4075087672346376,0.9087494386889304,4417.0,7.697230917920249e-10,4.0605658517501215e-12,0.5305950303677736,2176.770360226574,-31.729639773425788
development,4.0,0.25,0.5,envelope,1.2121202286434874e-09,0.0,100.50238914345823,2176.791226455672,31.70877354432805,9.609646411945503e-12,2.00866293262372,2.015028417905256,4417.0,1.206061108570557e-09,0.0,-0.005983556164643859,2176.797210011837,-31.702789988163204
development,4.0,0.25,0.5,gross,1.2121202286434874e-09,0.0,100.50238914345823,2176.791226455672,31.70877354432805,9.609646411945503e-12,2.00866293262372,2.015028417905256,4417.0,1.206061108570557e-09,,-0.005983556164643859,2176.797210011837,-31.702789988163204
development,4.0,0.25,0.5,minute,8.907884389358415e-10,2.033456948865924e-11,100.50238914345823,2176.913919557236,31.586080442763762,0.2519838115040089,1.878308681486876,1.7630943569419912,4417.0,8.863355851812838e-10,2.0232921487700607e-11,0.1225684303668986,2176.7913511268694,-31.70864887313064
development,4.0,0.25,0.5,native,1.2132951856328812e-09,1.2132951856328812e-09,100.50238914345823,2176.79122645568,31.708773544320003,0.0,2.0086629326208514,2.015028417895888,4417.0,1.2072301922106648e-09,1.2072301922106648e-09,-0.005983556158534568,2176.7972100118386,-31.702789988161385
development,4.0,0.25,0.5,quarter,0.8244729041723945,1.3541482486856383e-12,100.50238914345823,2178.0460289990806,30.453971000919665,1.962828739609062,0.4961179511784775,0.1358641349681572,4417.0,0.8203515470617645,1.3473791620542593e-12,0.38324874064927694,2177.662780258431,-30.837219741568788
development,4.0,0.25,0.75,5minute,7.735900970398791e-10,4.080965693752287e-12,100.50238914345823,3281.550955256942,31.19904474305804,1.106453026191807,1.4075087672346376,0.9087494386889304,4417.0,7.697230917920249e-10,4.0605658517501215e-12,0.5305950303677736,3281.020360226574,-31.729639773425788
development,4.0,0.25,0.75,envelope,1.2121202286434874e-09,0.0,100.50238914345823,3281.041226455672,31.70877354432805,9.609646411945503e-12,2.00866293262372,2.015028417905256,4417.0,1.206061108570557e-09,0.0,-0.005983556164643859,3281.047210011837,-31.702789988163204
development,4.0,0.25,0.75,gross,1.2121202286434874e-09,0.0,100.50238914345823,3281.041226455672,31.70877354432805,9.609646411945503e-12,2.00866293262372,2.015028417905256,4417.0,1.206061108570557e-09,,-0.005983556164643859,3281.047210011837,-31.702789988163204
development,4.0,0.25,0.75,minute,8.907884389358415e-10,2.033456948865924e-11,100.50238914345823,3281.163919557236,31.586080442763762,0.2519838115040089,1.878308681486876,1.7630943569419912,4417.0,8.863355851812838e-10,2.0232921487700607e-11,0.1225684303668986,3281.0413511268694,-31.70864887313064
development,4.0,0.25,0.75,native,1.2132951856328812e-09,1.2132951856328812e-09,100.50238914345823,3281.04122645568,31.708773544320003,0.0,2.0086629326208514,2.015028417895888,4417.0,1.2072301922106648e-09,1.2072301922106648e-09,-0.005983556158534568,3281.0472100118386,-31.702789988161385
development,4.0,0.25,0.75,quarter,0.8244729041723945,1.3541482486856383e-12,100.50238914345823,3282.29602899908,30.453971000919665,1.962828739609062,0.4961179511784775,0.1358641349681572,4417.0,0.8203515470617645,1.3473791620542593e-12,0.38324874064927694,3281.9127802584308,-30.837219741569243
development,4.0,0.5,0.25,5minute,0.4850134219866578,4.065451194980163e-12,201.00477828691646,1041.8379819671488,62.4120180328512,1.8134105422694984,0.8148053015472227,0.3321159231061176,4417.0,0.24129447375342702,2.0225644532574703e-12,0.5134993387671332,1041.3244826283817,-62.9255173716183
development,4.0,0.5,0.25,envelope,1.2162609445315197e-09,0.0,201.00477828691646,1040.8168034688042,63.433196531195726,4.991784763319629e-12,2.016970122881488,2.030056835791356,4417.0,6.050905629693117e-10,0.0,-0.012301510135276299,1040.8291049789395,-63.42089502106046
development,4.0,0.5,0.25,gross,1.2162609445315197e-09,0.0,201.00477828691646,1040.8168034688042,63.433196531195726,4.991784763319629e-12,2.016970122881488,2.030056835791356,4417.0,6.050905629693117e-10,,-0.012301510135276299,1040.8291049789395,-63.42089502106046
development,4.0,0.5,0.25,minute,8.911104622646409e-10,2.0317084129643853e-11,201.00477828691646,1041.0620501588933,63.18794984110663,0.5038570723142639,1.7562032006514368,1.526299264577732,4417.0,4.433279993934572e-10,1.0107761767057608e-11,0.24457865539755824,1040.8174715034957,-63.43252849650435
development,4.0,0.5,0.25,native,1.216198961378907e-09,1.216198961378907e-09,201.00477828691646,1040.8168034688044,63.43319653119559,0.0,2.016970122881287,2.0300568357919344,4417.0,6.050597263130188e-10,6.050597263130188e-10,-0.012301510136008494,1040.8291049789404,-63.42089502105955
development,4.0,0.5,0.25,quarter,2.3165926417156952,1.3597512124937562e-12,201.00477828691646,1043.326942756161,60.92305724383893,1.921653074832265,0.28871032068779,0.2786726253782626,4417.0,1.1525062545572748,6.764770589447541e-13,0.0106783992654547,1043.3162643568955,-60.933735643104455
development,4.0,0.5,0.5,5minute,0.47832247787140375,4.073013556502268e-12,201.00477828691646,2146.101910513884,62.39808948611613,1.819984337666798,0.8150175344638422,0.3263525769600938,4417.0,0.23796572496830942,2.026326732734882e-12,0.5198563377699451,2145.582054176114,-62.91794582388593
development,4.0,0.5,0.5,envelope,1.2173365024536065e-09,0.0,201.00477828691646,2145.082452911344,63.41754708865608,9.334311101838466e-12,2.017325865244294,2.0300568357997006,4417.0,6.056256536926533e-10,0.0,-0.01196711232208222,2145.094420023666,-63.40557997633414
development,4.0,0.5,0.5,gross,1.2173365024536065e-09,0.0,201.00477828691646,2145.082452911344,63.41754708865608,9.334311101838466e-12,2.017325865244294,2.0300568357997006,4417.0,6.056256536926533e-10,,-0.01196711232208222,2145.094420023666,-63.40557997633414
development,4.0,0.5,0.5,minute,8.933544967063834e-10,2.0317100114346708e-11,201.00477828691646,2145.327839114472,63.17216088552778,0.5039676230244554,1.7566173629615642,1.5261887138675403,4417.0,4.4444440789919897e-10,1.0107769719457044e-11,0.24513686073832336,2145.0827022537337,-63.417297746266286
development,4.0,0.5,0.5,native,1.2165962130280268e-09,1.2165962130280268e-09,201.00477828691646,2145.0824529113484,63.41754708865147,0.0,2.01732586524182,2.0300568357919344,4417.0,6.052573592511537e-10,6.052573592511537e-10,-0.011967112317107542,2145.0944200236654,-63.40557997633459
development,4.0,0.5,0.5,quarter,2.3116020116440783,1.3605964819250318e-12,201.00477828691646,2147.5920579981607,60.907942001839324,1.9256574792181016,0.2872824945118641,0.2717282699363058,4417.0,1.1500234130476599,6.768975810032243e-13,0.016547047420806732,2147.57551095074,-60.924489049260046
development,4.0,0.5,0.75,5minute,0.4787098075497907,4.073160744852824e-12,201.00477828691646,3250.3517819246135,62.39821807538632,1.819984337666798,0.8146410182175239,0.3263525769600938,4417.0,0.2381584217199429,2.0263999590292074e-12,0.5194557885717341,3249.832326136042,-62.91767386395804
development,4.0,0.5,0.75,envelope,1.2175229552190974e-09,0.0,201.00477828691646,3249.332294948905,63.417705051094615,8.08109135164159e-12,2.017325865242548,2.0300568357984474,4417.0,6.057184140573969e-10,0.0,-0.011967112322545582,3249.3442620612277,-63.40573793877229
development,4.0,0.5,0.75,gross,1.2175229552190974e-09,0.0,201.00477828691646,3249.332294948905,63.417705051094615,8.08109135164159e-12,2.017325865242548,2.0300568357984474,4417.0,6.057184140573969e-10,,-0.011967112322545582,3249.3442620612277,-63.40573793877229
development,4.0,0.5,0.75,minute,8.930961958777288e-10,2.0312814034625856e-11,201.00477828691646,3249.577696012467,63.17230398753263,0.5038044680327451,1.7567977380116062,1.5263518688592508,4417.0,4.443159030791364e-10,1.0105637392177374e-11,0.2451551799493143,3249.3325408325177,-63.41745916748232
development,4.0,0.5,0.75,native,1.216653500267029e-09,1.216653500267029e-09,201.00477828691646,3249.33229494891,63.41770505108961,0.0,2.01732586524182,2.0300568357919344,4417.0,6.052858596875564e-10,6.052858596875564e-10,-0.011967112317107542,3249.3442620612273,-63.405737938772745
development,4.0,0.5,0.75,quarter,2.311756471381854,1.3611393271297187e-12,201.00477828691646,3251.842047246124,60.90795275387592,1.9256574792181016,0.2872824945118641,0.2717282699363058,4417.0,1.1501002568615692,6.77167646824203e-13,0.016547047420806732,3251.825500198703,-60.92449980129686
development,4.0,0.75,0.25,5minute,1.6302556145468132,4.059746780066711e-12,301.5071674303827,1010.4113094174521,93.83869058254787,1.745175462827844,0.476797022012368,0.7357040163380748,4417.0,0.5407021094857505,1.3464843355686052e-12,-0.24337257466616438,1010.6546819921183,-93.5953180078817
development,4.0,0.75,0.25,envelope,1.2203532963609461e-09,0.0,301.5071674303827,1008.8861097864652,95.36389021353479,1.6967538485346267e-11,2.010327342729104,2.045085253704116,4417.0,4.047510070030832e-10,0.0,-0.032672436316511504,1008.9187822227817,-95.33121777721828
development,4.0,0.75,0.25,gross,1.2203532963609461e-09,0.0,301.5071674303827,1008.8861097864652,95.36389021353479,1.6967538485346267e-11,2.010327342729104,2.045085253704116,4417.0,4.047510070030832e-10,,-0.032672436316511504,1008.9187822227817,-95.33121777721828
development,4.0,0.75,0.25,minute,8.930450357088917e-10,2.0258806173299387e-11,301.5071674303827,1009.2509600693919,94.99903993060805,0.7521354773083349,1.61966096182023,1.2930990280296597,4417.0,2.9619363390924816e-10,6.719178965447678e-12,0.3474063125431599,1008.9035537568487,-95.34644624315126
development,4.0,0.75,0.25,native,1.2194418919150044e-09,1.2194418919150044e-09,301.5071674303827,1008.8861097864715,95.36389021352859,0.0,2.0103273427184045,2.0450852536878497,4417.0,4.0444872415730235e-10,4.0444872415730235e-10,-0.032672436311278426,1008.9187822227827,-95.33121777721726
development,4.0,0.75,0.25,quarter,3.615220246512767,1.347958609761072e-12,301.5071674303827,1012.6188780022172,91.63112199778281,1.831226689961388,0.4760266464627812,0.6595084066523134,4417.0,1.1990495208866014,4.470734879204198e-13,-0.17247285457816022,1012.7913508567954,-91.45864914320464
development,4.0,0.75,0.5,5minute,1.6302556145468132,4.059746780066711e-12,301.5071674303827,2114.6613094174522,93.83869058254787,1.745175462827844,0.476797022012368,0.7357040163380748,4417.0,0.5407021094857505,1.3464843355686052e-12,-0.24337257466616438,2114.904681992118,-93.59531800788181
development,4.0,0.75,0.5,envelope,1.2203532963609461e-09,0.0,301.5071674303827,2113.136109786465,95.36389021353479,1.6967538485346267e-11,2.010327342729104,2.045085253704116,4417.0,4.047510070030832e-10,0.0,-0.032672436316511504,2113.168782222782,-95.33121777721817
development,4.0,0.75,0.5,gross,1.2203532963609461e-09,0.0,301.5071674303827,2113.136109786465,95.36389021353479,1.6967538485346267e-11,2.010327342729104,2.045085253704116,4417.0,4.047510070030832e-10,,-0.032672436316511504,2113.168782222782,-95.33121777721817
development,4.0,0.75,0.5,minute,8.930450357088917e-10,2.0258806173299387e-11,301.5071674303827,2113.500960069392,94.99903993060805,0.7521354773083349,1.61966096182023,1.2930990280296597,4417.0,2.9619363390924816e-10,6.719178965447678e-12,0.3474063125431599,2113.153553756849,-95.34644624315115
development,4.0,0.75,0.5,native,1.2194418919150044e-09,1.2194418919150044e-09,301.5071674303827,2113.1361097864715,95.36389021352859,0.0,2.0103273427184045,2.0450852536878497,4417.0,4.0444872415730235e-10,4.0444872415730235e-10,-0.032672436311278426,2113.1687822227827,-95.33121777721726
development,4.0,0.75,0.5,quarter,3.615220246512767,1.347958609761072e-12,301.5071674303827,2116.868878002217,91.63112199778281,1.831226689961388,0.4760266464627812,0.6595084066523134,4417.0,1.1990495208866014,4.470734879204198e-13,-0.17247285457816022,2117.0413508567954,-91.45864914320464
development,4.0,0.75,0.75,5minute,1.6302556145468132,4.059746780066711e-12,301.5071674303827,3218.9113094174522,93.83869058254787,1.745175462827844,0.476797022012368,0.7357040163380748,4417.0,0.5407021094857505,1.3464843355686052e-12,-0.24337257466616438,3219.154681992118,-93.59531800788181
development,4.0,0.75,0.75,envelope,1.2203532963609461e-09,0.0,301.5071674303827,3217.386109786465,95.36389021353479,1.6967538485346267e-11,2.010327342729104,2.045085253704116,4417.0,4.047510070030832e-10,0.0,-0.032672436316511504,3217.418782222782,-95.33121777721817
development,4.0,0.75,0.75,gross,1.2203532963609461e-09,0.0,301.5071674303827,3217.386109786465,95.36389021353479,1.6967538485346267e-11,2.010327342729104,2.045085253704116,4417.0,4.047510070030832e-10,,-0.032672436316511504,3217.418782222782,-95.33121777721817
development,4.0,0.75,0.75,minute,8.930450357088917e-10,2.0258806173299387e-11,301.5071674303827,3217.750960069392,94.99903993060805,0.7521354773083349,1.61966096182023,1.2930990280296597,4417.0,2.9619363390924816e-10,6.719178965447678e-12,0.3474063125431599,3217.403553756849,-95.34644624315115
development,4.0,0.75,0.75,native,1.2194418919150044e-09,1.2194418919150044e-09,301.5071674303827,3217.3861097864715,95.36389021352859,0.0,2.0103273427184045,2.0450852536878497,4417.0,4.0444872415730235e-10,4.0444872415730235e-10,-0.032672436311278426,3217.4187822227827,-95.33121777721726
development,4.0,0.75,0.75,quarter,3.615220246512767,1.347958609761072e-12,301.5071674303827,3221.118878002217,91.63112199778281,1.831226689961388,0.4760266464627812,0.6595084066523134,4417.0,1.1990495208866014,4.470734879204198e-13,-0.17247285457816022,3221.2913508567954,-91.45864914320464
evaluation,0.25,0.25,0.25,5minute,1.043262117213177,0.5856887078899623,145.60742940116907,1267.7701761619178,3.9798238380821367,0.0648300172800689,0.1274389858386269,0.0867229268960044,5087.0,0.7164896197287037,0.40223820329682974,0.043314956321938825,1267.726861205596,-4.023138794404076
evaluation,0.25,0.25,0.25,envelope,0.6026466165100433,0.602646616416956,145.60742940116907,1267.0413909849292,4.708609015070879,2.141620214501927e-13,0.1400284178960054,0.1092485834102351,5087.0,0.41388452429145395,0.4138845242275237,0.032744504772096054,1267.008646480157,-4.74135351984296
evaluation,0.25,0.25,0.25,gross,0.5851611401805251,0.0,145.60742940116907,1267.0149205494026,4.73507945059741,0.0090825714899891,0.1404384459383548,0.1066687323693211,5087.0,0.40187588132493113,,0.03592522720109968,1266.9789953222016,-4.7710046777983735
evaluation,0.25,0.25,0.25,minute,0.6313641466600237,0.6002881530899682,145.60742940116907,1267.203385099315,4.546614900685089,0.0236942152772514,0.1366527145529644,0.0931139070661603,5087.0,0.43360709632509625,0.4122647831630139,0.046317880305110755,1267.1570672190098,-4.592932780990168
evaluation,0.25,0.25,0.25,native,0.6026466165100824,0.6026466165100824,145.60742940116907,1267.041390984929,4.708609015071037,0.0,0.1400284178959303,0.1092485834101526,5087.0,0.41388452429148087,0.41388452429148087,0.03274450477210392,1267.0086464801568,-4.741353519843187
evaluation,0.25,0.25,0.25,quarter,2.088339648355236,0.54837003020315,145.60742940116907,1268.9739332803917,2.7760667196082265,0.0944470762208533,0.1069414741102094,0.0810007782344604,5087.0,1.4342260260646211,0.3766085511284682,0.027596484974201065,1268.9463367954174,-2.8036632045825627
evaluation,0.25,0.25,0.5,5minute,1.043262117213177,0.5856887078899623,145.60742940116907,2539.520176161918,3.9798238380821367,0.0648300172800689,0.1274389858386269,0.0867229268960044,5087.0,0.7164896197287037,0.40223820329682974,0.043314956321938825,2539.476861205596,-4.023138794404076
evaluation,0.25,0.25,0.5,envelope,0.6026466165100433,0.602646616416956,145.60742940116907,2538.791390984929,4.708609015070879,2.141620214501927e-13,0.1400284178960054,0.1092485834102351,5087.0,0.41388452429145395,0.4138845242275237,0.032744504772096054,2538.758646480157,-4.74135351984296
evaluation,0.25,0.25,0.5,gross,0.5851611401805251,0.0,145.60742940116907,2538.7649205494026,4.73507945059741,0.0090825714899891,0.1404384459383548,0.1066687323693211,5087.0,0.40187588132493113,,0.03592522720109968,2538.7289953222016,-4.7710046777983735
evaluation,0.25,0.25,0.5,minute,0.6313641466600237,0.6002881530899682,145.60742940116907,2538.953385099315,4.546614900685089,0.0236942152772514,0.1366527145529644,0.0931139070661603,5087.0,0.43360709632509625,0.4122647831630139,0.046317880305110755,2538.9070672190096,-4.592932780990395
evaluation,0.25,0.25,0.5,native,0.6026466165100824,0.6026466165100824,145.60742940116907,2538.791390984929,4.708609015071037,0.0,0.1400284178959303,0.1092485834101526,5087.0,0.41388452429148087,0.41388452429148087,0.03274450477210392,2538.758646480157,-4.74135351984296
evaluation,0.25,0.25,0.5,quarter,2.088339648355236,0.54837003020315,145.60742940116907,2540.723933280392,2.7760667196082265,0.0944470762208533,0.1069414741102094,0.0810007782344604,5087.0,1.4342260260646211,0.3766085511284682,0.027596484974201065,2540.6963367954177,-2.8036632045823353
evaluation,0.25,0.25,0.75,5minute,1.043262117213177,0.5856887078899623,145.60742940116907,3811.270176161918,3.9798238380821367,0.0648300172800689,0.1274389858386269,0.0867229268960044,5087.0,0.7164896197287037,0.40223820329682974,0.043314956321938825,3811.226861205596,-4.023138794404076
evaluation,0.25,0.25,0.75,envelope,0.6026466165100433,0.602646616416956,145.60742940116907,3810.541390984929,4.708609015070879,2.141620214501927e-13,0.1400284178960054,0.1092485834102351,5087.0,0.41388452429145395,0.4138845242275237,0.032744504772096054,3810.508646480157,-4.74135351984296
evaluation,0.25,0.25,0.75,gross,0.5851611401805251,0.0,145.60742940116907,3810.5149205494026,4.73507945059741,0.0090825714899891,0.1404384459383548,0.1066687323693211,5087.0,0.40187588132493113,,0.03592522720109968,3810.4789953222016,-4.7710046777983735
evaluation,0.25,0.25,0.75,minute,0.6313641466600237,0.6002881530899682,145.60742940116907,3810.703385099315,4.546614900685089,0.0236942152772514,0.1366527145529644,0.0931139070661603,5087.0,0.43360709632509625,0.4122647831630139,0.046317880305110755,3810.6570672190096,-4.592932780990395
evaluation,0.25,0.25,0.75,native,0.6026466165100824,0.6026466165100824,145.60742940116907,3810.541390984929,4.708609015071037,0.0,0.1400284178959303,0.1092485834101526,5087.0,0.41388452429148087,0.41388452429148087,0.03274450477210392,3810.508646480157,-4.74135351984296
evaluation,0.25,0.25,0.75,quarter,2.088339648355236,0.54837003020315,145.60742940116907,3812.4739332803915,2.7760667196082265,0.0944470762208533,0.1069414741102094,0.0810007782344604,5087.0,1.4342260260646211,0.3766085511284682,0.027596484974201065,3812.446336795417,-2.80366320458279
evaluation,0.25,0.5,0.25,5minute,19.239476675002,18.852236772448325,291.21485880233814,1267.3016774028913,4.448322597108624,0.030734582064634,0.1516154955653952,0.0885593903545018,5087.0,6.606626033481615,6.473652082857581,0.06708096299031212,1267.234596439901,-4.515403560099003
evaluation,0.25,0.5,0.25,envelope,19.213740655574565,19.213740655497965,291.21485880233814,1266.0802869428016,5.669713057198332,1.41886502547095e-13,0.1550568357919084,0.0934970913642139,5087.0,6.597788565663772,6.597788565637469,0.06548908981669628,1266.0147978529849,-5.735202147015116
evaluation,0.25,0.5,0.25,gross,18.795659957124222,0.0,291.21485880233814,1265.764977357701,5.985022642299164,0.0195689572833695,0.1651514246456063,0.090351007775411,5087.0,6.454224222769402,,0.07957491156403756,1265.6854024461368,-6.064597553863223
evaluation,0.25,0.5,0.25,minute,19.22247984789458,19.159370025338486,291.21485880233814,1266.3672074753513,5.382792524648735,0.0069528293187357,0.1541616650116878,0.092626862961205,5087.0,6.600789508801068,6.579118285424746,0.06546255537285404,1266.3017449199783,-5.448255080021681
evaluation,0.25,0.5,0.25,native,19.21374065557466,19.21374065557466,291.21485880233814,1266.0802869428016,5.669713057198424,0.0,0.1550568357918756,0.0934970913642348,5087.0,6.597788565663805,6.597788565663805,0.06548908981663915,1266.014797852985,-5.735202147014888
evaluation,0.25,0.5,0.25,quarter,19.541519437649974,17.904391299740478,291.21485880233814,1269.1666576520022,2.5833423479978133,0.0851243469717436,0.1539650590776098,0.0825454158921363,5087.0,6.710344217330533,6.148172305965016,0.07597834381433351,1269.0906793081879,-2.659320691812127
evaluation,0.25,0.5,0.5,5minute,19.239476675002,18.852236772448325,291.21485880233814,2539.0516774028915,4.448322597108624,0.030734582064634,0.1516154955653952,0.0885593903545018,5087.0,6.606626033481615,6.473652082857581,0.06708096299031212,2538.984596439901,-4.515403560099003
evaluation,0.25,0.5,0.5,envelope,19.213740655574565,19.213740655497965,291.21485880233814,2537.8302869428016,5.669713057198332,1.41886502547095e-13,0.1550568357919084,0.0934970913642139,5087.0,6.597788565663772,6.597788565637469,0.06548908981669628,2537.764797852985,-5.735202147015116
evaluation,0.25,0.5,0.5,gross,18.795659957124222,0.0,291.21485880233814,2537.514977357701,5.985022642299164,0.0195689572833695,0.1651514246456063,0.090351007775411,5087.0,6.454224222769402,,0.07957491156403756,2537.435402446137,-6.064597553863223
evaluation,0.25,0.5,0.5,minute,19.22247984789458,19.159370025338486,291.21485880233814,2538.1172074753513,5.382792524648735,0.0069528293187357,0.1541616650116878,0.092626862961205,5087.0,6.600789508801068,6.579118285424746,0.06546255537285404,2538.0517449199783,-5.448255080021681
evaluation,0.25,0.5,0.5,native,19.21374065557466,19.21374065557466,291.21485880233814,2537.8302869428016,5.669713057198424,0.0,0.1550568357918756,0.0934970913642348,5087.0,6.597788565663805,6.597788565663805,0.06548908981663915,2537.764797852985,-5.735202147015116
evaluation,0.25,0.5,0.5,quarter,19.541519437649974,17.904391299740478,291.21485880233814,2540.9166576520024,2.5833423479978133,0.0851243469717436,0.1539650590776098,0.0825454158921363,5087.0,6.710344217330533,6.148172305965016,0.07597834381433351,2540.840679308188,-2.6593206918118995
evaluation,0.25,0.5,0.75,5minute,19.239476675002,18.852236772448325,291.21485880233814,3810.8016774028915,4.448322597108624,0.030734582064634,0.1516154955653952,0.0885593903545018,5087.0,6.606626033481615,6.473652082857581,0.06708096299031212,3810.734596439901,-4.515403560099003
evaluation,0.25,0.5,0.75,envelope,19.213740655574565,19.213740655497965,291.21485880233814,3809.5802869428016,5.669713057198332,1.41886502547095e-13,0.1550568357919084,0.0934970913642139,5087.0,6.597788565663772,6.597788565637469,0.06548908981669628,3809.514797852985,-5.735202147015116
evaluation,0.25,0.5,0.75,gross,18.795659957124222,0.0,291.21485880233814,3809.264977357701,5.985022642299164,0.0195689572833695,0.1651514246456063,0.090351007775411,5087.0,6.454224222769402,,0.07957491156403756,3809.185402446137,-6.064597553863223
evaluation,0.25,0.5,0.75,minute,19.22247984789458,19.159370025338486,291.21485880233814,3809.8672074753513,5.382792524648735,0.0069528293187357,0.1541616650116878,0.092626862961205,5087.0,6.600789508801068,6.579118285424746,0.06546255537285404,3809.8017449199783,-5.448255080021681
evaluation,0.25,0.5,0.75,native,19.21374065557466,19.21374065557466,291.21485880233814,3809.5802869428016,5.669713057198424,0.0,0.1550568357918756,0.0934970913642348,5087.0,6.597788565663805,6.597788565663805,0.06548908981663915,3809.514797852985,-5.735202147015116
evaluation,0.25,0.5,0.75,quarter,19.541519437649974,17.904391299740478,291.21485880233814,3812.6666576520024,2.5833423479978133,0.0851243469717436,0.1539650590776098,0.0825454158921363,5087.0,6.710344217330533,6.148172305965016,0.07597834381433351,3812.590679308188,-2.6593206918118995
evaluation,0.25,0.75,0.25,5minute,67.09533927792387,66.28191227458342,436.8222882035208,1268.1994227467655,3.5505772532344304,0.0231077280399771,0.1616390829856498,0.0792288747902632,5087.0,15.359870842181783,15.173656213187975,0.08767043425041128,1268.1117523125151,-3.6382476874848635
evaluation,0.25,0.75,0.25,envelope,67.28061360112156,67.28061360106744,436.8222882035208,1266.8310681802122,4.918931819787756,5.953570969552402e-14,0.1668618824138676,0.0797099174796244,5087.0,15.402284960737786,15.402284960725398,0.09271485631302469,1266.7383533238992,-5.011646676100781
evaluation,0.25,0.75,0.25,gross,66.26028526523696,0.0,436.8222882035208,1266.3576950966517,5.392304903348377,0.0344025509718791,0.1627936617297271,0.0820054869780682,5087.0,15.168705227414012,,0.08594486675708393,1266.2717502298947,-5.478249770105322
evaluation,0.25,0.75,0.25,minute,67.24740022099087,67.126134806219,436.8222882035208,1267.192744595435,4.557255404564977,0.0039332718465384,0.1661745396099097,0.0795139829178367,5087.0,15.394681552892623,15.366920740762229,0.0921920815873117,1267.1005525138478,-4.649447486152212
evaluation,0.25,0.75,0.25,native,67.28061360112169,67.28061360112169,436.8222882035208,1266.8310681802125,4.918931819787499,0.0,0.1668618824138662,0.0797099174796295,5087.0,15.402284960737816,15.402284960737816,0.09271485631301779,1266.7383533238994,-5.011646676100554
evaluation,0.25,0.75,0.25,quarter,66.71274746813656,63.777405363743085,436.8222882035208,1270.4365918348099,1.3134081651902116,0.0688417148309756,0.1612742370767434,0.0780645075982091,5087.0,15.272285611272261,14.600309344569984,0.08852098880695139,1270.3480708460029,-1.4019291539971164
evaluation,0.25,0.75,0.5,5minute,67.09533927792387,66.28191227458342,436.8222882035208,2539.949422746766,3.5505772532344304,0.0231077280399771,0.1616390829856498,0.0792288747902632,5087.0,15.359870842181783,15.173656213187975,0.08767043425041128,2539.8617523125154,-3.638247687484636
evaluation,0.25,0.75,0.5,envelope,67.28061360112156,67.28061360106744,436.8222882035208,2538.5810681802122,4.918931819787756,5.953570969552402e-14,0.1668618824138676,0.0797099174796244,5087.0,15.402284960737786,15.402284960725398,0.09271485631302469,2538.488353323899,-5.011646676101009
evaluation,0.25,0.75,0.5,gross,66.26028526523696,0.0,436.8222882035208,2538.1076950966517,5.392304903348377,0.0344025509718791,0.1627936617297271,0.0820054869780682,5087.0,15.168705227414012,,0.08594486675708393,2538.0217502298947,-5.478249770105322
evaluation,0.25,0.75,0.5,minute,67.24740022099087,67.126134806219,436.8222882035208,2538.9427445954348,4.557255404564977,0.0039332718465384,0.1661745396099097,0.0795139829178367,5087.0,15.394681552892623,15.366920740762229,0.0921920815873117,2538.8505525138476,-4.6494474861524395
evaluation,0.25,0.75,0.5,native,67.28061360112169,67.28061360112169,436.8222882035208,2538.5810681802127,4.918931819787499,0.0,0.1668618824138662,0.0797099174796295,5087.0,15.402284960737816,15.402284960737816,0.09271485631301779,2538.4883533239,-5.011646676100099
evaluation,0.25,0.75,0.5,quarter,66.71274746813656,63.777405363743085,436.8222882035208,2542.18659183481,1.3134081651902116,0.0688417148309756,0.1612742370767434,0.0780645075982091,5087.0,15.272285611272261,14.600309344569984,0.08852098880695139,2542.098070846003,-1.4019291539971164
evaluation,0.25,0.75,0.75,5minute,67.09533927792387,66.28191227458342,436.8222882035208,3811.699422746766,3.5505772532344304,0.0231077280399771,0.1616390829856498,0.0792288747902632,5087.0,15.359870842181783,15.173656213187975,0.08767043425041128,3811.6117523125154,-3.638247687484636
evaluation,0.25,0.75,0.75,envelope,67.28061360112156,67.28061360106744,436.8222882035208,3810.3310681802122,4.918931819787756,5.953570969552402e-14,0.1668618824138676,0.0797099174796244,5087.0,15.402284960737786,15.402284960725398,0.09271485631302469,3810.238353323899,-5.011646676101009
evaluation,0.25,0.75,0.75,gross,66.26028526523696,0.0,436.8222882035208,3809.8576950966517,5.392304903348377,0.0344025509718791,0.1627936617297271,0.0820054869780682,5087.0,15.168705227414012,,0.08594486675708393,3809.7717502298947,-5.478249770105322
evaluation,0.25,0.75,0.75,minute,67.24740022099087,67.126134806219,436.8222882035208,3810.6927445954348,4.557255404564977,0.0039332718465384,0.1661745396099097,0.0795139829178367,5087.0,15.394681552892623,15.366920740762229,0.0921920815873117,3810.6005525138476,-4.6494474861524395
evaluation,0.25,0.75,0.75,native,67.28061360112169,67.28061360112169,436.8222882035208,3810.3310681802127,4.918931819787499,0.0,0.1668618824138662,0.0797099174796295,5087.0,15.402284960737816,15.402284960737816,0.09271485631301779,3810.2383533239,-5.011646676100099
evaluation,0.25,0.75,0.75,quarter,66.71274746813656,63.777405363743085,436.8222882035208,3813.93659183481,1.3134081651902116,0.0688417148309756,0.1612742370767434,0.0780645075982091,5087.0,15.272285611272261,14.600309344569984,0.08852098880695139,3813.848070846003,-1.4019291539971164
evaluation,0.5,0.25,0.25,5minute,0.6500363039038797,6.324082165579399e-13,145.60742940116907,1267.5867517018928,4.163248298107211,0.1953504947965701,0.1631762884800485,0.0867229268960045,5087.0,0.44643072580653675,4.3432414071095633e-13,0.08133336338728087,1267.5054183385055,-4.2445816614945215
evaluation,0.5,0.25,0.25,envelope,1.8851189098741632e-10,0.0,145.60742940116907,1266.8480046109878,4.901995389012088,7.590872375118353e-13,0.265028417895406,0.2342485834098918,5087.0,1.2946584646312202e-10,0.0,0.032744504771823606,1266.8152601062159,-4.934739893784126
evaluation,0.5,0.25,0.25,gross,1.8851189098741632e-10,0.0,145.60742940116907,1266.8480046109878,4.901995389012088,7.590872375118353e-13,0.265028417895406,0.2342485834098918,5087.0,1.2946584646312202e-10,,0.032744504771823606,1266.8152601062159,-4.934739893784126
evaluation,0.5,0.25,0.25,minute,0.12567547428358394,3.143240025300129e-12,145.60742940116907,1267.0119988824158,4.738001117584223,0.1368297515271005,0.1759735939346525,0.1153169000442038,5087.0,0.08631116887403474,2.1587085482019313e-12,0.06452839775579651,1266.94747048466,-4.802529515339984
evaluation,0.5,0.25,0.25,native,1.8862815778879815e-10,1.8862815778879815e-10,145.60742940116907,1266.8480046109876,4.901995389012306,0.0,0.2650284178959204,0.2342485834101503,5087.0,1.2954569596109062e-10,1.2954569596109062e-10,0.032744504772095846,1266.8152601062154,-4.934739893784581
evaluation,0.5,0.25,0.25,quarter,1.82681947985862,2.0952453840446939e-13,145.60742940116907,1268.8194894951043,2.930510504895594,0.235851440845774,0.1358641349681539,0.0810007782344604,5087.0,1.254619690335631,1.4389687343988447e-13,0.058365273120950516,1268.7611242219834,-2.9888757780165633
evaluation,0.5,0.25,0.5,5minute,0.6500363039038797,6.324082165579399e-13,145.60742940116907,2539.336751701893,4.163248298107211,0.1953504947965701,0.1631762884800485,0.0867229268960045,5087.0,0.44643072580653675,4.3432414071095633e-13,0.08133336338728087,2539.2554183385055,-4.2445816614945215
evaluation,0.5,0.25,0.5,envelope,1.8851189098741632e-10,0.0,145.60742940116907,2538.598004610988,4.901995389012088,7.590872375118353e-13,0.265028417895406,0.2342485834098918,5087.0,1.2946584646312202e-10,0.0,0.032744504771823606,2538.565260106216,-4.934739893783899
evaluation,0.5,0.25,0.5,gross,1.8851189098741632e-10,0.0,145.60742940116907,2538.598004610988,4.901995389012088,7.590872375118353e-13,0.265028417895406,0.2342485834098918,5087.0,1.2946584646312202e-10,,0.032744504771823606,2538.565260106216,-4.934739893783899
evaluation,0.5,0.25,0.5,minute,0.12567547428358394,3.143240025300129e-12,145.60742940116907,2538.761998882416,4.738001117584223,0.1368297515271005,0.1759735939346525,0.1153169000442038,5087.0,0.08631116887403474,2.1587085482019313e-12,0.06452839775579651,2538.69747048466,-4.802529515340211
evaluation,0.5,0.25,0.5,native,1.8862815778879815e-10,1.8862815778879815e-10,145.60742940116907,2538.598004610988,4.901995389012306,0.0,0.2650284178959204,0.2342485834101503,5087.0,1.2954569596109062e-10,1.2954569596109062e-10,0.032744504772095846,2538.565260106216,-4.934739893783899
evaluation,0.5,0.25,0.5,quarter,1.82681947985862,2.0952453840446939e-13,145.60742940116907,2540.5694894951043,2.930510504895594,0.235851440845774,0.1358641349681539,0.0810007782344604,5087.0,1.254619690335631,1.4389687343988447e-13,0.058365273120950516,2540.511124221983,-2.9888757780167907
evaluation,0.5,0.25,0.75,5minute,0.6500363039038797,6.324082165579399e-13,145.60742940116907,3811.086751701893,4.163248298107211,0.1953504947965701,0.1631762884800485,0.0867229268960045,5087.0,0.44643072580653675,4.3432414071095633e-13,0.08133336338728087,3811.0054183385055,-4.2445816614945215
evaluation,0.5,0.25,0.75,envelope,1.8851189098741632e-10,0.0,145.60742940116907,3810.348004610988,4.901995389012088,7.590872375118353e-13,0.265028417895406,0.2342485834098918,5087.0,1.2946584646312202e-10,0.0,0.032744504771823606,3810.315260106216,-4.934739893783899
evaluation,0.5,0.25,0.75,gross,1.8851189098741632e-10,0.0,145.60742940116907,3810.348004610988,4.901995389012088,7.590872375118353e-13,0.265028417895406,0.2342485834098918,5087.0,1.2946584646312202e-10,,0.032744504771823606,3810.315260106216,-4.934739893783899
evaluation,0.5,0.25,0.75,minute,0.12567547428358394,3.143240025300129e-12,145.60742940116907,3810.511998882416,4.738001117584223,0.1368297515271005,0.1759735939346525,0.1153169000442038,5087.0,0.08631116887403474,2.1587085482019313e-12,0.06452839775579651,3810.44747048466,-4.802529515340211
evaluation,0.5,0.25,0.75,native,1.8862815778879815e-10,1.8862815778879815e-10,145.60742940116907,3810.3480046109876,4.901995389012306,0.0,0.2650284178959204,0.2342485834101503,5087.0,1.2954569596109062e-10,1.2954569596109062e-10,0.032744504772095846,3810.3152601062156,-4.934739893784354
evaluation,0.5,0.25,0.75,quarter,1.82681947985862,2.0952453840446939e-13,145.60742940116907,3812.3194894951043,2.930510504895594,0.235851440845774,0.1358641349681539,0.0810007782344604,5087.0,1.254619690335631,1.4389687343988447e-13,0.058365273120950516,3812.261124221983,-2.9888757780167907
evaluation,0.5,0.5,0.25,5minute,2.0865242344263555,1.1713774157799255,291.21485880233814,1263.7903523238358,7.959647676164272,0.1296600345601379,0.2548779716772538,0.1734458537920088,5087.0,0.7164896197287043,0.40223820329683,0.08662991264387765,1263.7037224111918,-8.046277588808152
evaluation,0.5,0.5,0.25,envelope,1.205293233020087,1.205293232833913,291.21485880233814,1262.3327819698582,9.417218030141758,4.283240429003854e-13,0.2800568357920109,0.2184971668204702,5087.0,0.41388452429145406,0.413884524227524,0.06548900954419223,1262.267292960314,-9.48270703968592
evaluation,0.5,0.5,0.25,gross,1.1703222803610511,0.0,291.21485880233814,1262.2798410988053,9.47015890119482,0.0181651429799782,0.2808768918767096,0.2133374647386422,5087.0,0.40187588132493146,,0.07185045440219937,1262.207990644403,-9.542009355596974
evaluation,0.5,0.5,0.25,minute,1.2627282933200483,1.2005763061799368,291.21485880233814,1262.6567701986298,9.09322980137018,0.0473884305545028,0.2733054291059289,0.1862278141323207,5087.0,0.4336070963250966,0.412264783163014,0.09263576061022151,1262.5641344380197,-9.185865561980336
evaluation,0.5,0.5,0.25,native,1.205293233020166,1.205293233020166,291.21485880233814,1262.332781969858,9.417218030142074,0.0,0.2800568357918607,0.2184971668203053,5087.0,0.4138845242914812,0.4138845242914812,0.06548900954420787,1262.2672929603136,-9.482707039686375
evaluation,0.5,0.5,0.25,quarter,4.176679296710475,1.0967400604063007,291.21485880233814,1266.1978665607837,5.552133439216453,0.1888941524417066,0.2138829482204188,0.1620015564689209,5087.0,1.4342260260646222,0.37660855112846836,0.055192969948402046,1266.1426735908353,-5.607326409164671
evaluation,0.5,0.5,0.5,5minute,2.0865242344263555,1.1713774157799255,291.21485880233814,2535.5403523238356,7.959647676164272,0.1296600345601379,0.2548779716772538,0.1734458537920088,5087.0,0.7164896197287043,0.40223820329683,0.08662991264387765,2535.453722411192,-8.046277588808152
evaluation,0.5,0.5,0.5,envelope,1.205293233020087,1.205293232833913,291.21485880233814,2534.0827819698584,9.417218030141758,4.283240429003854e-13,0.2800568357920109,0.2184971668204702,5087.0,0.41388452429145406,0.413884524227524,0.06548900954419223,2534.017292960314,-9.48270703968592
evaluation,0.5,0.5,0.5,gross,1.1703222803610511,0.0,291.21485880233814,2534.0298410988053,9.47015890119482,0.0181651429799782,0.2808768918767096,0.2133374647386422,5087.0,0.40187588132493146,,0.07185045440219937,2533.9579906444033,-9.542009355596747
evaluation,0.5,0.5,0.5,minute,1.2627282933200483,1.2005763061799368,291.21485880233814,2534.4067701986296,9.09322980137018,0.0473884305545028,0.2733054291059289,0.1862278141323207,5087.0,0.4336070963250966,0.412264783163014,0.09263576061022151,2534.314134438019,-9.18586556198079
evaluation,0.5,0.5,0.5,native,1.205293233020166,1.205293233020166,291.21485880233814,2534.082781969858,9.417218030142074,0.0,0.2800568357918607,0.2184971668203053,5087.0,0.4138845242914812,0.4138845242914812,0.06548900954420787,2534.0172929603136,-9.482707039686375
evaluation,0.5,0.5,0.5,quarter,4.176679296710475,1.0967400604063007,291.21485880233814,2537.9478665607835,5.552133439216453,0.1888941524417066,0.2138829482204188,0.1620015564689209,5087.0,1.4342260260646222,0.37660855112846836,0.055192969948402046,2537.892673590835,-5.607326409165125
evaluation,0.5,0.5,0.75,5minute,2.0865242344263555,1.1713774157799255,291.21485880233814,3807.2903523238356,7.959647676164272,0.1296600345601379,0.2548779716772538,0.1734458537920088,5087.0,0.7164896197287043,0.40223820329683,0.08662991264387765,3807.203722411192,-8.046277588808152
evaluation,0.5,0.5,0.75,envelope,1.205293233020087,1.205293232833913,291.21485880233814,3805.8327819698584,9.417218030141758,4.283240429003854e-13,0.2800568357920109,0.2184971668204702,5087.0,0.41388452429145406,0.413884524227524,0.06548900954419223,3805.767292960314,-9.48270703968592
evaluation,0.5,0.5,0.75,gross,1.1703222803610511,0.0,291.21485880233814,3805.7798410988053,9.47015890119482,0.0181651429799782,0.2808768918767096,0.2133374647386422,5087.0,0.40187588132493146,,0.07185045440219937,3805.7079906444033,-9.542009355596747
evaluation,0.5,0.5,0.75,minute,1.2627282933200483,1.2005763061799368,291.21485880233814,3806.1567701986296,9.09322980137018,0.0473884305545028,0.2733054291059289,0.1862278141323207,5087.0,0.4336070963250966,0.412264783163014,0.09263576061022151,3806.064134438019,-9.18586556198079
evaluation,0.5,0.5,0.75,native,1.205293233020166,1.205293233020166,291.21485880233814,3805.832781969858,9.417218030142074,0.0,0.2800568357918607,0.2184971668203053,5087.0,0.4138845242914812,0.4138845242914812,0.06548900954420787,3805.7672929603136,-9.482707039686375
evaluation,0.5,0.5,0.75,quarter,4.176679296710475,1.0967400604063007,291.21485880233814,3809.6978665607835,5.552133439216453,0.1888941524417066,0.2138829482204188,0.1620015564689209,5087.0,1.4342260260646222,0.37660855112846836,0.055192969948402046,3809.642673590835,-5.607326409165125
evaluation,0.5,0.75,0.25,5minute,12.06980757849638,11.324562205705496,436.8222882035208,1262.304470634663,9.445529365337002,0.0944958426198143,0.2909555552703537,0.1987691506173922,5087.0,2.763093345839741,2.592487268055618,0.09807064324783141,1262.206399991415,-9.543600008584917
evaluation,0.5,0.75,0.25,envelope,11.611864477015788,11.611864476839685,436.8222882035208,1260.2517724117583,11.498227588241672,2.9476421303797906e-13,0.2950852536878232,0.2027457502304804,5087.0,2.6582582415313203,2.6582582414910054,0.09823351431632213,1260.153538897442,-11.596461102557896
evaluation,0.5,0.75,0.25,gross,11.036387577937672,0.0,436.8222882035208,1259.953611209707,11.796388790292855,0.0346354130359385,0.3163165908190989,0.2113198118518501,5087.0,2.526516589463879,,0.11169870102898811,1259.8419125086782,-11.908087491321794
evaluation,0.5,0.75,0.25,minute,11.627463044211826,11.572328795262473,436.8222882035208,1260.7163680166739,11.033631983326263,0.0213957384981909,0.2939635180391002,0.2007683403056646,5087.0,2.6618291598698027,2.649207494163115,0.09914380609939959,1260.6172242105745,-11.132775789425523
evaluation,0.5,0.75,0.25,native,11.611864477015118,11.611864477015118,436.8222882035208,1260.2517724117579,11.498227588241974,0.0,0.2950852536878087,0.2027457502304922,5087.0,2.6582582415311666,2.6582582415311666,0.09823351431629414,1260.1535388974416,-11.59646110255835
evaluation,0.5,0.75,0.25,quarter,13.670523834877036,10.60554458641517,436.8222882035208,1265.5438007469957,6.206199253004403,0.1953959379603356,0.299568152132505,0.1873663031299758,5087.0,3.1295389919544974,2.4278854062212867,0.1193636691516268,1265.424437077844,-6.325562922155996
evaluation,0.5,0.75,0.5,5minute,12.06980757849638,11.324562205705496,436.8222882035208,2534.054470634663,9.445529365337002,0.0944958426198143,0.2909555552703537,0.1987691506173922,5087.0,2.763093345839741,2.592487268055618,0.09807064324783141,2533.9563999914153,-9.54360000858469
evaluation,0.5,0.75,0.5,envelope,11.611864477015788,11.611864476839685,436.8222882035208,2532.0017724117583,11.498227588241672,2.9476421303797906e-13,0.2950852536878232,0.2027457502304804,5087.0,2.6582582415313203,2.6582582414910054,0.09823351431632213,2531.903538897442,-11.596461102557896
evaluation,0.5,0.75,0.5,gross,11.036387577937672,0.0,436.8222882035208,2531.703611209707,11.796388790292855,0.0346354130359385,0.3163165908190989,0.2113198118518501,5087.0,2.526516589463879,,0.11169870102898811,2531.591912508678,-11.908087491322021
evaluation,0.5,0.75,0.5,minute,11.627463044211826,11.572328795262473,436.8222882035208,2532.4663680166736,11.033631983326263,0.0213957384981909,0.2939635180391002,0.2007683403056646,5087.0,2.6618291598698027,2.649207494163115,0.09914380609939959,2532.367224210574,-11.132775789425978
evaluation,0.5,0.75,0.5,native,11.611864477015118,11.611864477015118,436.8222882035208,2532.001772411758,11.498227588241974,0.0,0.2950852536878087,0.2027457502304922,5087.0,2.6582582415311666,2.6582582415311666,0.09823351431629414,2531.9035388974416,-11.59646110255835
evaluation,0.5,0.75,0.5,quarter,13.670523834877036,10.60554458641517,436.8222882035208,2537.2938007469957,6.206199253004403,0.1953959379603356,0.299568152132505,0.1873663031299758,5087.0,3.1295389919544974,2.4278854062212867,0.1193636691516268,2537.1744370778442,-6.325562922155768
evaluation,0.5,0.75,0.75,5minute,12.06980757849638,11.324562205705496,436.8222882035208,3805.8044706346627,9.445529365337002,0.0944958426198143,0.2909555552703537,0.1987691506173922,5087.0,2.763093345839741,2.592487268055618,0.09807064324783141,3805.706399991415,-9.543600008585145
evaluation,0.5,0.75,0.75,envelope,11.611864477015788,11.611864476839685,436.8222882035208,3803.7517724117583,11.498227588241672,2.9476421303797906e-13,0.2950852536878232,0.2027457502304804,5087.0,2.6582582415313203,2.6582582414910054,0.09823351431632213,3803.653538897442,-11.596461102557896
evaluation,0.5,0.75,0.75,gross,11.036387577937672,0.0,436.8222882035208,3803.453611209707,11.796388790292855,0.0346354130359385,0.3163165908190989,0.2113198118518501,5087.0,2.526516589463879,,0.11169870102898811,3803.341912508678,-11.908087491322021
evaluation,0.5,0.75,0.75,minute,11.627463044211826,11.572328795262473,436.8222882035208,3804.2163680166736,11.033631983326263,0.0213957384981909,0.2939635180391002,0.2007683403056646,5087.0,2.6618291598698027,2.649207494163115,0.09914380609939959,3804.117224210574,-11.132775789425978
evaluation,0.5,0.75,0.75,native,11.611864477015118,11.611864477015118,436.8222882035208,3803.7517724117583,11.498227588241974,0.0,0.2950852536878087,0.2027457502304922,5087.0,2.6582582415311666,2.6582582415311666,0.09823351431629414,3803.653538897442,-11.596461102557896
evaluation,0.5,0.75,0.75,quarter,13.670523834877036,10.60554458641517,436.8222882035208,3809.0438007469957,6.206199253004403,0.1953959379603356,0.299568152132505,0.1873663031299758,5087.0,3.1295389919544974,2.4278854062212867,0.1193636691516268,3808.9244370778442,-6.325562922155768
evaluation,1.0,0.25,0.25,5minute,0.650036303903876,1.2615799071582761e-12,145.60742940116907,1267.5867517018928,4.163248298107218,0.4453504947965709,0.1631762884800295,0.0867229268960039,5087.0,0.4464307258065342,8.664255061343368e-13,0.08133336338726127,1267.5054183385055,-4.2445816614945215
evaluation,1.0,0.25,0.25,envelope,3.7817486646880994e-10,0.0,145.60742940116907,1266.8480046109878,4.901995389012094,2.251865360847205e-12,0.5150284178954161,0.4842485834083508,5087.0,2.5972223259768204e-10,0.0,0.03274450477347371,1266.8152601062143,-4.934739893785718
evaluation,1.0,0.25,0.25,gross,3.7817486646880994e-10,0.0,145.60742940116907,1266.8480046109878,4.901995389012094,2.251865360847205e-12,0.5150284178954161,0.4842485834083508,5087.0,2.5972223259768204e-10,,0.03274450477347371,1266.8152601062143,-4.934739893785718
evaluation,1.0,0.25,0.25,minute,0.043781957073198166,6.294877882314396e-12,145.60742940116907,1267.0119988824158,4.738001117584214,0.3689813303743809,0.263094356936096,0.115316900044193,5087.0,0.030068491184314972,4.32318454367539e-12,0.1572100605233011,1266.8547888218925,-4.895211178107502
evaluation,1.0,0.25,0.25,native,3.776972607003847e-10,3.776972607003847e-10,145.60742940116907,1266.8480046109864,4.901995389013539,0.0,0.5150284178959427,0.484248583410149,5087.0,2.5939422339486215e-10,2.5939422339486215e-10,0.032744504772120944,1266.8152601062143,-4.934739893785718
evaluation,1.0,0.25,0.25,quarter,1.826819479858635,4.210413543109345e-13,145.60742940116907,1268.8194894951043,2.9305105048955937,0.4858514408457741,0.1358641349681545,0.0810007782344606,5087.0,1.2546196903356415,2.8916199952332515e-13,0.05836527312095096,1268.7611242219834,-2.9888757780165633
evaluation,1.0,0.25,0.5,5minute,0.650036303903876,1.2615799071582761e-12,145.60742940116907,2539.336751701893,4.163248298107218,0.4453504947965709,0.1631762884800295,0.0867229268960039,5087.0,0.4464307258065342,8.664255061343368e-13,0.08133336338726127,2539.2554183385055,-4.2445816614945215
evaluation,1.0,0.25,0.5,envelope,3.7817486646880994e-10,0.0,145.60742940116907,2538.598004610988,4.901995389012094,2.251865360847205e-12,0.5150284178954161,0.4842485834083508,5087.0,2.5972223259768204e-10,0.0,0.03274450477347371,2538.5652601062147,-4.934739893785263
evaluation,1.0,0.25,0.5,gross,3.7817486646880994e-10,0.0,145.60742940116907,2538.598004610988,4.901995389012094,2.251865360847205e-12,0.5150284178954161,0.4842485834083508,5087.0,2.5972223259768204e-10,,0.03274450477347371,2538.5652601062147,-4.934739893785263
evaluation,1.0,0.25,0.5,minute,0.043781957073198166,6.294877882314396e-12,145.60742940116907,2538.761998882416,4.738001117584214,0.3689813303743809,0.263094356936096,0.115316900044193,5087.0,0.030068491184314972,4.32318454367539e-12,0.1572100605233011,2538.6047888218927,-4.8952111781072745
evaluation,1.0,0.25,0.5,native,3.776972607003847e-10,3.776972607003847e-10,145.60742940116907,2538.5980046109867,4.901995389013539,0.0,0.5150284178959427,0.484248583410149,5087.0,2.5939422339486215e-10,2.5939422339486215e-10,0.032744504772120944,2538.5652601062147,-4.934739893785263
evaluation,1.0,0.25,0.5,quarter,1.826819479858635,4.210413543109345e-13,145.60742940116907,2540.5694894951043,2.9305105048955937,0.4858514408457741,0.1358641349681545,0.0810007782344606,5087.0,1.2546196903356415,2.8916199952332515e-13,0.05836527312095096,2540.511124221983,-2.9888757780167907
evaluation,1.0,0.25,0.75,5minute,0.650036303903876,1.2615799071582761e-12,145.60742940116907,3811.086751701893,4.163248298107218,0.4453504947965709,0.1631762884800295,0.0867229268960039,5087.0,0.4464307258065342,8.664255061343368e-13,0.08133336338726127,3811.0054183385055,-4.2445816614945215
evaluation,1.0,0.25,0.75,envelope,3.7817486646880994e-10,0.0,145.60742940116907,3810.348004610988,4.901995389012094,2.251865360847205e-12,0.5150284178954161,0.4842485834083508,5087.0,2.5972223259768204e-10,0.0,0.03274450477347371,3810.3152601062147,-4.934739893785263
evaluation,1.0,0.25,0.75,gross,3.7817486646880994e-10,0.0,145.60742940116907,3810.348004610988,4.901995389012094,2.251865360847205e-12,0.5150284178954161,0.4842485834083508,5087.0,2.5972223259768204e-10,,0.03274450477347371,3810.3152601062147,-4.934739893785263
evaluation,1.0,0.25,0.75,minute,0.043781957073198166,6.294877882314396e-12,145.60742940116907,3810.511998882416,4.738001117584214,0.3689813303743809,0.263094356936096,0.115316900044193,5087.0,0.030068491184314972,4.32318454367539e-12,0.1572100605233011,3810.3547888218927,-4.8952111781072745
evaluation,1.0,0.25,0.75,native,3.776972607003847e-10,3.776972607003847e-10,145.60742940116907,3810.348004610986,4.901995389013539,0.0,0.5150284178959427,0.484248583410149,5087.0,2.5939422339486215e-10,2.5939422339486215e-10,0.032744504772120944,3810.3152601062143,-4.934739893785718
evaluation,1.0,0.25,0.75,quarter,1.826819479858635,4.210413543109345e-13,145.60742940116907,3812.3194894951043,2.9305105048955937,0.4858514408457741,0.1358641349681545,0.0810007782344606,5087.0,1.2546196903356415,2.8916199952332515e-13,0.05836527312095096,3812.261124221983,-2.9888757780167907
evaluation,1.0,0.5,0.25,5minute,1.2947911538878423,1.2647250268259262e-12,291.21485880233814,1263.411617586816,8.338382413183982,0.3907009895931402,0.332115923106122,0.1734458537920091,5087.0,0.444617132248283,4.3429275278991085e-13,0.1687979460788435,1263.242819640737,-8.507180359262975
evaluation,1.0,0.5,0.25,envelope,3.7684074316228956e-10,0.0,291.21485880233814,1261.9338195153462,9.816180484653897,1.8106072197099365e-12,0.5300568357906268,0.4684971668195868,5087.0,1.2940299293521623e-10,0.0,0.06548900954365956,1261.8683305058025,-9.881669494197467
evaluation,1.0,0.5,0.25,gross,3.7684074316228956e-10,0.0,291.21485880233814,1261.9338195153462,9.816180484653897,1.8106072197099365e-12,0.5300568357906268,0.4684971668195868,5087.0,1.2940299293521623e-10,,0.06548900954365956,1261.8683305058025,-9.881669494197467
evaluation,1.0,0.5,0.25,minute,0.25328074909523635,6.2823015183456685e-12,291.21485880233814,1262.2618682642085,9.488131735791542,0.2431060366448248,0.3577739223689071,0.2384889434729873,5087.0,0.08697384128573964,2.1572736858903807e-12,0.12689891371906362,1262.1349693504894,-9.615030649510572
evaluation,1.0,0.5,0.25,native,3.770457562978488e-10,3.770457562978488e-10,291.21485880233814,1261.9338195153464,9.816180484653705,0.0,0.5300568357918409,0.4684971668203006,5087.0,1.2947339220550153e-10,1.2947339220550153e-10,0.06548900954419182,1261.8683305058023,-9.881669494197695
evaluation,1.0,0.5,0.25,quarter,3.6478932380702576,4.1935574085232746e-13,291.21485880233814,1265.878129831063,5.871870168937093,0.4717028816915481,0.2786726253782587,0.1620015564689208,5087.0,1.252646672313607,1.4400217852103654e-13,0.12411815841418926,1265.7540116726489,-5.995988327351142
evaluation,1.0,0.5,0.5,5minute,1.300072607807761,1.2648164331158798e-12,291.21485880233814,2535.1735034037856,8.326496596214422,0.3907009895931402,0.326352576960097,0.1734458537920091,5087.0,0.44643072580653725,4.3432414071095633e-13,0.1626667267745616,2535.010836677011,-8.489163322989043
evaluation,1.0,0.5,0.5,envelope,3.7702378197483265e-10,0.0,291.21485880233814,2533.6960092219756,9.803990778024176,1.5181744750236705e-12,0.5300568357908121,0.4684971668197836,5087.0,1.2946584646312202e-10,0.0,0.06548900954364734,2533.6305202124317,-9.869479787568253
evaluation,1.0,0.5,0.5,gross,3.7702378197483265e-10,0.0,291.21485880233814,2533.6960092219756,9.803990778024176,1.5181744750236705e-12,0.5300568357908121,0.4684971668197836,5087.0,1.2946584646312202e-10,,0.06548900954364734,2533.6305202124317,-9.869479787568253
evaluation,1.0,0.5,0.5,minute,0.25135094856716805,6.286480050600258e-12,291.21485880233814,2534.0239977648316,9.476002235168446,0.2736595030542011,0.351947187869305,0.2306338000884076,5087.0,0.0863111688740348,2.1587085482019313e-12,0.12905679551159302,2533.89494096932,-9.605059030679968
evaluation,1.0,0.5,0.5,native,3.772563155775963e-10,3.772563155775963e-10,291.21485880233814,2533.696009221975,9.80399077802461,0.0,0.5300568357918409,0.4684971668203006,5087.0,1.2954569596109062e-10,1.2954569596109062e-10,0.06548900954419182,2533.630520212431,-9.869479787569162
evaluation,1.0,0.5,0.5,quarter,3.6536389597172434,4.1904907680893877e-13,291.21485880233814,2537.6389789902087,5.861021009791188,0.4717028816915481,0.2717282699363078,0.1620015564689208,5087.0,1.2546196903356321,1.4389687343988447e-13,0.11673054624190103,2537.522248443967,-5.977751556033127
evaluation,1.0,0.5,0.75,5minute,1.299573301624599,1.265257949886669e-12,291.21485880233814,3806.9120396251833,8.337960374816785,0.3907009895931402,0.326352576960097,0.1734458537920091,5087.0,0.4462592695198576,4.3447575274497307e-13,0.1626667267745616,3806.7493728984086,-8.500627101591363
evaluation,1.0,0.5,0.75,envelope,3.7709723579065444e-10,0.0,291.21485880233814,3805.4351751450954,9.814824854904632,1.261657445184028e-12,0.5300568357910732,0.4684971668196441,5087.0,1.2949106970074246e-10,0.0,0.06548900954407354,3805.3696861355515,-9.880313864448453
evaluation,1.0,0.5,0.75,gross,3.4294900100314305e-10,0.0,291.21485880233814,3805.4351751450954,9.814824854904632,0.0124318590241314,0.517624976768063,0.4560653077967079,5087.0,1.177649390603106e-10,,0.06548900954399475,3805.3696861355515,-9.880313864448453
evaluation,1.0,0.5,0.75,minute,0.2513344064263891,6.2856236048070306e-12,291.21485880233814,3805.7631288526627,9.486871147337515,0.2735982421110112,0.351947187869305,0.2306338000884076,5087.0,0.08630548848367045,2.1584144540761203e-12,0.12905679551159302,3805.634072057151,-9.615927942848884
evaluation,1.0,0.5,0.75,native,3.772909981726898e-10,3.772909981726898e-10,291.21485880233814,3805.4351751450945,9.814824854905433,0.0,0.5300568357918409,0.4684971668203006,5087.0,1.295576055852204e-10,1.295576055852204e-10,0.06548900954419182,3805.36968613555,-9.880313864449818
evaluation,1.0,0.5,0.75,quarter,3.6516226626815893,4.190220124122081e-13,291.21485880233814,3809.3758660656504,5.874133934349409,0.4717028816915481,0.2717282699363078,0.1620015564689208,5087.0,1.253927315968491,1.4388757982181774e-13,0.11673054624190103,3809.2591355194086,-5.990864480591426
evaluation,1.0,0.75,0.25,5minute,2.7915617514097475,1.7838234089960128,436.8222882035208,1259.2515322720176,12.49846772798247,0.2947255781564028,0.5068467280527168,0.2629829756432221,5087.0,0.6390611987520941,0.4083636428745842,0.259429523839888,1258.9921027481778,-12.757897251822214
evaluation,1.0,0.75,0.25,envelope,1.823293665161285,1.823293664786822,436.8222882035208,1257.0635369198615,14.686463080138596,1.3323786518526504e-12,0.5450852536880341,0.4527457502315797,5087.0,0.41739941262149843,0.4173994125357741,0.09823351431537698,1256.9653034055461,-14.784696594453862
evaluation,1.0,0.75,0.25,gross,1.7963047396268654,0.0,436.8222882035208,1257.0187362268966,14.731263773103372,0.0164602423687488,0.549001643045078,0.4579579365127529,5087.0,0.4112209445663508,,0.09685500694928206,1256.9218812199474,-14.828118780052591
evaluation,1.0,0.75,0.25,minute,1.8436832039933673,1.8193575423766661,436.8222882035208,1257.5516037562645,14.198396243735429,0.1160563931929504,0.5351870891829784,0.3681181826469264,5087.0,0.4220671091614201,0.4164983315890249,0.17773287929367235,1257.3738708769708,-14.376129123029159
evaluation,1.0,0.75,0.25,native,1.8232936651611529,1.8232936651611529,436.8222882035208,1257.0635369198612,14.686463080138758,0.0,0.5450852536877707,0.4527457502304648,5087.0,0.41739941262146824,0.41739941262146824,0.09823351431628288,1256.965303405545,-14.784696594455
evaluation,1.0,0.75,0.25,quarter,5.738761717516246,1.7383760094192418,436.8222882035208,1262.8995239335602,8.850476066439875,0.4083412286624798,0.4459391883431323,0.2451169104596476,5087.0,1.3137520388708936,0.3979595493097438,0.2136407211526433,1262.6858832124076,-9.064116787592411
evaluation,1.0,0.75,0.5,5minute,2.7915617514097475,1.7838234089960128,436.8222882035208,2531.0015322720174,12.49846772798247,0.2947255781564028,0.5068467280527168,0.2629829756432221,5087.0,0.6390611987520941,0.4083636428745842,0.259429523839888,2530.7421027481773,-12.75789725182267
evaluation,1.0,0.75,0.5,envelope,1.823293665161285,1.823293664786822,436.8222882035208,2528.8135369198612,14.686463080138596,1.3323786518526504e-12,0.5450852536880341,0.4527457502315797,5087.0,0.41739941262149843,0.4173994125357741,0.09823351431537698,2528.715303405546,-14.78469659445409
evaluation,1.0,0.75,0.5,gross,1.7963047396268654,0.0,436.8222882035208,2528.7687362268966,14.731263773103372,0.0164602423687488,0.549001643045078,0.4579579365127529,5087.0,0.4112209445663508,,0.09685500694928206,2528.6718812199474,-14.828118780052591
evaluation,1.0,0.75,0.5,minute,1.8436832039933673,1.8193575423766661,436.8222882035208,2529.3016037562647,14.198396243735429,0.1160563931929504,0.5351870891829784,0.3681181826469264,5087.0,0.4220671091614201,0.4164983315890249,0.17773287929367235,2529.123870876971,-14.376129123028932
evaluation,1.0,0.75,0.5,native,1.8232936651611529,1.8232936651611529,436.8222882035208,2528.8135369198612,14.686463080138758,0.0,0.5450852536877707,0.4527457502304648,5087.0,0.41739941262146824,0.41739941262146824,0.09823351431628288,2528.715303405545,-14.784696594455
evaluation,1.0,0.75,0.5,quarter,5.738761717516246,1.7383760094192418,436.8222882035208,2534.64952393356,8.850476066439875,0.4083412286624798,0.4459391883431323,0.2451169104596476,5087.0,1.3137520388708936,0.3979595493097438,0.2136407211526433,2534.435883212407,-9.064116787592866
evaluation,1.0,0.75,0.75,5minute,2.7915617514097475,1.7838234089960128,436.8222882035208,3802.7515322720174,12.49846772798247,0.2947255781564028,0.5068467280527168,0.2629829756432221,5087.0,0.6390611987520941,0.4083636428745842,0.259429523839888,3802.4921027481773,-12.75789725182267
evaluation,1.0,0.75,0.75,envelope,1.823293665161285,1.823293664786822,436.8222882035208,3800.5635369198612,14.686463080138596,1.3323786518526504e-12,0.5450852536880341,0.4527457502315797,5087.0,0.41739941262149843,0.4173994125357741,0.09823351431537698,3800.465303405546,-14.78469659445409
evaluation,1.0,0.75,0.75,gross,1.7963047396268654,0.0,436.8222882035208,3800.5187362268966,14.731263773103372,0.0164602423687488,0.549001643045078,0.4579579365127529,5087.0,0.4112209445663508,,0.09685500694928206,3800.4218812199474,-14.828118780052591
evaluation,1.0,0.75,0.75,minute,1.8436832039933673,1.8193575423766661,436.8222882035208,3801.0516037562647,14.198396243735429,0.1160563931929504,0.5351870891829784,0.3681181826469264,5087.0,0.4220671091614201,0.4164983315890249,0.17773287929367235,3800.873870876971,-14.376129123028932
evaluation,1.0,0.75,0.75,native,1.8232936651611529,1.8232936651611529,436.8222882035208,3800.5635369198612,14.686463080138758,0.0,0.5450852536877707,0.4527457502304648,5087.0,0.41739941262146824,0.41739941262146824,0.09823351431628288,3800.465303405545,-14.784696594455
evaluation,1.0,0.75,0.75,quarter,5.738761717516246,1.7383760094192418,436.8222882035208,3806.39952393356,8.850476066439875,0.4083412286624798,0.4459391883431323,0.2451169104596476,5087.0,1.3137520388708936,0.3979595493097438,0.2136407211526433,3806.185883212407,-9.064116787592866
evaluation,2.0,0.25,0.25,5minute,0.6500363039038949,2.5291859977215207e-12,145.60742940116907,1267.5867517018928,4.163248298107217,0.9453504947965704,0.1631762884800469,0.0867229268960028,5087.0,0.4464307258065472,1.7369896633181096e-12,0.08133336338728095,1267.5054183385055,-4.2445816614945215
evaluation,2.0,0.25,0.25,envelope,7.57311392528839e-10,0.0,145.60742940116907,1266.848004610988,4.901995389012073,6.249445405615006e-12,1.0150284178998503,0.984248583414162,5087.0,5.201049119838103e-10,0.0,0.03274450477200886,1266.815260106216,-4.934739893783899
evaluation,2.0,0.25,0.25,gross,7.57311392528839e-10,0.0,145.60742940116907,1266.848004610988,4.901995389012073,6.249445405615006e-12,1.0150284178998503,0.984248583414162,5087.0,5.201049119838103e-10,,0.03274450477200886,1266.815260106216,-4.934739893783899
evaluation,2.0,0.25,0.25,minute,5.122134749559995e-10,1.259818653287145e-11,145.60742940116907,1267.0119988824158,4.738001117584203,0.4155578803183415,0.7630943569337703,0.5687403501002332,5087.0,3.5177701925138646e-10,8.652159154710207e-12,0.20675958173780543,1266.805239300678,-4.944760699321932
evaluation,2.0,0.25,0.25,native,7.569355358865916e-10,7.569355358865916e-10,145.60742940116907,1266.8480046109894,4.901995389010672,0.0,1.0150284178959672,0.9842485834101444,5087.0,5.198467818569388e-10,5.198467818569388e-10,0.03274450477215189,1266.8152601062172,-4.934739893782762
evaluation,2.0,0.25,0.25,quarter,1.8268194798586184,8.440238098490296e-13,145.60742940116907,1268.8194894951043,2.9305105048955995,0.9858514408457728,0.1358641349681529,0.0810007782344601,5087.0,1.25461969033563,5.796571049431993e-13,0.05836527312094978,1268.7611242219834,-2.9888757780165633
evaluation,2.0,0.25,0.5,5minute,0.6500363039038949,2.5291859977215207e-12,145.60742940116907,2539.336751701893,4.163248298107217,0.9453504947965704,0.1631762884800469,0.0867229268960028,5087.0,0.4464307258065472,1.7369896633181096e-12,0.08133336338728095,2539.2554183385055,-4.2445816614945215
evaluation,2.0,0.25,0.5,envelope,7.57311392528839e-10,0.0,145.60742940116907,2538.598004610988,4.901995389012073,6.249445405615006e-12,1.0150284178998503,0.984248583414162,5087.0,5.201049119838103e-10,0.0,0.03274450477200886,2538.565260106216,-4.934739893783899
evaluation,2.0,0.25,0.5,gross,7.57311392528839e-10,0.0,145.60742940116907,2538.598004610988,4.901995389012073,6.249445405615006e-12,1.0150284178998503,0.984248583414162,5087.0,5.201049119838103e-10,,0.03274450477200886,2538.565260106216,-4.934739893783899
evaluation,2.0,0.25,0.5,minute,5.122134749559995e-10,1.259818653287145e-11,145.60742940116907,2538.761998882416,4.738001117584203,0.4155578803183415,0.7630943569337703,0.5687403501002332,5087.0,3.5177701925138646e-10,8.652159154710207e-12,0.20675958173780543,2538.555239300678,-4.94476069932216
evaluation,2.0,0.25,0.5,native,7.569355358865916e-10,7.569355358865916e-10,145.60742940116907,2538.5980046109894,4.901995389010672,0.0,1.0150284178959672,0.9842485834101444,5087.0,5.198467818569388e-10,5.198467818569388e-10,0.03274450477215189,2538.5652601062175,-4.934739893782535
evaluation,2.0,0.25,0.5,quarter,1.8268194798586184,8.440238098490296e-13,145.60742940116907,2540.5694894951043,2.9305105048955995,0.9858514408457728,0.1358641349681529,0.0810007782344601,5087.0,1.25461969033563,5.796571049431993e-13,0.05836527312094978,2540.511124221983,-2.9888757780167907
evaluation,2.0,0.25,0.75,5minute,0.6500363039038949,2.5291859977215207e-12,145.60742940116907,3811.086751701893,4.163248298107217,0.9453504947965704,0.1631762884800469,0.0867229268960028,5087.0,0.4464307258065472,1.7369896633181096e-12,0.08133336338728095,3811.0054183385055,-4.2445816614945215
evaluation,2.0,0.25,0.75,envelope,7.57311392528839e-10,0.0,145.60742940116907,3810.348004610988,4.901995389012073,6.249445405615006e-12,1.0150284178998503,0.984248583414162,5087.0,5.201049119838103e-10,0.0,0.03274450477200886,3810.315260106216,-4.934739893783899
evaluation,2.0,0.25,0.75,gross,7.57311392528839e-10,0.0,145.60742940116907,3810.348004610988,4.901995389012073,6.249445405615006e-12,1.0150284178998503,0.984248583414162,5087.0,5.201049119838103e-10,,0.03274450477200886,3810.315260106216,-4.934739893783899
evaluation,2.0,0.25,0.75,minute,5.122134749559995e-10,1.259818653287145e-11,145.60742940116907,3810.511998882416,4.738001117584203,0.4155578803183415,0.7630943569337703,0.5687403501002332,5087.0,3.5177701925138646e-10,8.652159154710207e-12,0.20675958173780543,3810.305239300678,-4.94476069932216
evaluation,2.0,0.25,0.75,native,7.569355358865916e-10,7.569355358865916e-10,145.60742940116907,3810.3480046109894,4.901995389010672,0.0,1.0150284178959672,0.9842485834101444,5087.0,5.198467818569388e-10,5.198467818569388e-10,0.03274450477215189,3810.3152601062175,-4.934739893782535
evaluation,2.0,0.25,0.75,quarter,1.8268194798586184,8.440238098490296e-13,145.60742940116907,3812.3194894951043,2.9305105048955995,0.9858514408457728,0.1358641349681529,0.0810007782344601,5087.0,1.25461969033563,5.796571049431993e-13,0.05836527312094978,3812.261124221983,-2.9888757780167907
evaluation,2.0,0.5,0.25,5minute,1.2947911538878198,2.5232369770416368e-12,291.21485880233814,1263.411617586816,8.338382413183982,0.8907009895931419,0.3321159231061247,0.1734458537920078,5087.0,0.44461713224827526,8.664520029708656e-13,0.16879794607884777,1263.242819640737,-8.507180359262975
evaluation,2.0,0.5,0.25,envelope,7.562758073629495e-10,0.0,291.21485880233814,1261.9338195153462,9.816180484653907,2.6356694604601216e-12,1.030056835791738,0.9684971668188148,5087.0,2.596968473632285e-10,0.0,0.06548900954566286,1261.8683305058005,-9.881669494199514
evaluation,2.0,0.5,0.25,gross,7.562758073629495e-10,0.0,291.21485880233814,1261.9338195153462,9.816180484653907,2.6356694604601216e-12,1.030056835791738,0.9684971668188148,5087.0,2.596968473632285e-10,,0.06548900954566286,1261.8683305058005,-9.881669494199514
evaluation,2.0,0.5,0.25,minute,0.09486692743344619,1.2587672807118186e-11,291.21485880233814,1262.2618682642085,9.488131735791532,0.730107517364182,0.5262992645780249,0.2384889434729658,5087.0,0.03257626613683097,4.322469278829642e-12,0.3061811926649565,1261.9556870715435,-9.79431292845652
evaluation,2.0,0.5,0.25,native,7.553014219267109e-10,7.553014219267109e-10,291.21485880233814,1261.9338195153443,9.81618048465558,0.0,1.0300568357918851,0.968497166820298,5087.0,2.5936225405289886e-10,2.5936225405289886e-10,0.06548900954424165,1261.8683305058,-9.881669494199969
evaluation,2.0,0.5,0.25,quarter,3.647893238070257,8.421186041841078e-13,291.21485880233814,1265.878129831063,5.87187016893709,0.9717028816915484,0.2786726253782607,0.1620015564689212,5087.0,1.2526466723136067,2.8917432566711686e-13,0.12411815841419098,1265.7540116726489,-5.995988327351142
evaluation,2.0,0.5,0.5,5minute,1.300072607807754,2.5231598143165523e-12,291.21485880233814,2535.1735034037856,8.326496596214437,0.8907009895931419,0.326352576960059,0.1734458537920078,5087.0,0.4464307258065349,8.664255061343368e-13,0.16266672677452254,2535.010836677011,-8.489163322989043
evaluation,2.0,0.5,0.5,envelope,7.563497329376199e-10,0.0,291.21485880233814,2533.6960092219756,9.803990778024186,4.50373072169441e-12,1.0300568357908322,0.9684971668167016,5087.0,2.5972223259768204e-10,0.0,0.06548900954694742,2533.6305202124286,-9.869479787571436
evaluation,2.0,0.5,0.5,gross,7.563497329376199e-10,0.0,291.21485880233814,2533.6960092219756,9.803990778024186,4.50373072169441e-12,1.0300568357908322,0.9684971668167016,5087.0,2.5972223259768204e-10,,0.06548900954694742,2533.6305202124286,-9.869479787571436
evaluation,2.0,0.5,0.5,minute,0.08756391414639653,1.2589755764628792e-11,291.21485880233814,2534.0239977648316,9.476002235168428,0.7379626607487618,0.5261887138721921,0.230633800088386,5087.0,0.030068491184315038,4.32318454367539e-12,0.31442012104660233,2533.709577643785,-9.790422356215004
evaluation,2.0,0.5,0.5,native,7.553945214007694e-10,7.553945214007694e-10,291.21485880233814,2533.696009221973,9.803990778027076,0.0,1.0300568357918851,0.968497166820298,5087.0,2.5939422339486215e-10,2.5939422339486215e-10,0.06548900954424165,2533.6305202124286,-9.869479787571436
evaluation,2.0,0.5,0.5,quarter,3.653638959717273,8.42082708621869e-13,291.21485880233814,2537.6389789902087,5.861021009791185,0.9717028816915484,0.271728269936309,0.1620015564689212,5087.0,1.2546196903356424,2.8916199952332515e-13,0.11673054624190192,2537.522248443967,-5.977751556033127
evaluation,2.0,0.5,0.75,5minute,1.2995733016245918,2.5225669652276847e-12,291.21485880233814,3806.9120396251833,8.337960374816795,0.8907009895931419,0.326352576960059,0.1734458537920078,5087.0,0.4462592695198552,8.66221928236112e-13,0.16266672677452254,3806.7493728984086,-8.500627101591363
evaluation,2.0,0.5,0.75,envelope,7.56385250106807e-10,0.0,291.21485880233814,3805.4351751450954,9.814824854904645,3.4010572136367045e-12,1.0300568357921356,0.9684971668178044,5087.0,2.5973442880543495e-10,0.0,0.06548900954716083,3805.3696861355484,-9.880313864451637
evaluation,2.0,0.5,0.75,gross,7.56385250106807e-10,0.0,291.21485880233814,3805.4351751450954,9.814824854904645,3.4010572136367045e-12,1.0300568357921356,0.9684971668178044,5087.0,2.5973442880543495e-10,,0.06548900954716083,3805.3696861355484,-9.880313864451637
evaluation,2.0,0.5,0.75,minute,0.08739400631553489,1.2591563790577783e-11,291.21485880233814,3805.7631288526627,9.486871147337485,0.7379626607487618,0.526351868861836,0.230633800088386,5087.0,0.030010146692018038,4.3238054000274404e-12,0.3145936901845214,3805.448535162478,-9.801464837521962
evaluation,2.0,0.5,0.75,native,7.554382619977292e-10,7.554382619977292e-10,291.21485880233814,3805.435175145093,9.814824854907018,0.0,1.0300568357918851,0.968497166820298,5087.0,2.5940924343784334e-10,2.5940924343784334e-10,0.06548900954424165,3805.369686135549,-9.880313864451182
evaluation,2.0,0.5,0.75,quarter,3.6516226626816137,8.415883259837428e-13,291.21485880233814,3809.3758660656504,5.874133934349405,0.9717028816915484,0.271728269936309,0.1620015564689212,5087.0,1.2539273159684994,2.8899223392820427e-13,0.11673054624190192,3809.2591355194086,-5.990864480591426
evaluation,2.0,0.75,0.25,5minute,1.7244535404709493,2.518937408700057e-12,436.8222882035208,1259.038408031957,12.711591968042928,0.8360514843896388,0.7357040163380762,0.2629829756432217,5087.0,0.39477233351872953,5.76650385459831e-13,0.5028947241434623,1258.5355133078135,-13.214486692186483
evaluation,2.0,0.75,0.25,envelope,7.555864286838365e-10,0.0,436.8222882035208,1256.8189988858576,14.931001114142488,9.507616915982451e-12,1.0450852536803508,0.952745750222857,5087.0,1.7297341483907973e-10,0.0,0.09823351431648272,1256.7207653715411,-15.02923462845888
evaluation,2.0,0.75,0.25,gross,6.653501402007155e-10,0.0,436.8222882035208,1256.8189988858576,14.931001114142488,0.025821284808372,1.019263968882843,0.9269244654222616,5087.0,1.5231597795456828e-10,,0.09823351431976757,1256.7207653715377,-15.02923462846229
evaluation,2.0,0.75,0.25,minute,0.28373520128931845,1.2596886596360016e-11,436.8222882035208,1257.309784754077,14.440215245922934,0.4589453098768934,0.77495872643548,0.494853791257355,5087.0,0.06495437823381456,2.8837554622421123e-12,0.29798397359375,1257.0118007804833,-14.738199219516673
evaluation,2.0,0.75,0.25,native,7.555332864584848e-10,7.555332864584848e-10,436.8222882035208,1256.8189988858578,14.931001114142298,0.0,1.0450852536878663,0.9527457502304538,5087.0,1.7296124919946223e-10,1.7296124919946223e-10,0.09823351431639626,1256.7207653715413,-15.029234628458653
evaluation,2.0,0.75,0.25,quarter,5.2504644916213,8.468863424741522e-13,436.8222882035208,1262.7382710506051,9.011728949394897,0.9575543225373436,0.6595084066523128,0.2451169104596473,5087.0,1.201968084827907,1.9387434326143577e-13,0.4408420172262399,1262.2974290333789,-9.452570966621124
evaluation,2.0,0.75,0.5,5minute,1.7244535404709493,2.518937408700057e-12,436.8222882035208,2530.7884080319573,12.711591968042928,0.8360514843896388,0.7357040163380762,0.2629829756432217,5087.0,0.39477233351872953,5.76650385459831e-13,0.5028947241434623,2530.2855133078137,-13.214486692186256
evaluation,2.0,0.75,0.5,envelope,7.555864286838365e-10,0.0,436.8222882035208,2528.5689988858576,14.931001114142488,9.507616915982451e-12,1.0450852536803508,0.952745750222857,5087.0,1.7297341483907973e-10,0.0,0.09823351431648272,2528.470765371541,-15.029234628459108
evaluation,2.0,0.75,0.5,gross,6.653501402007155e-10,0.0,436.8222882035208,2528.5689988858576,14.931001114142488,0.025821284808372,1.019263968882843,0.9269244654222616,5087.0,1.5231597795456828e-10,,0.09823351431976757,2528.4707653715377,-15.02923462846229
evaluation,2.0,0.75,0.5,minute,0.28373520128931845,1.2596886596360016e-11,436.8222882035208,2529.059784754077,14.440215245922934,0.4589453098768934,0.77495872643548,0.494853791257355,5087.0,0.06495437823381456,2.8837554622421123e-12,0.29798397359375,2528.7618007804836,-14.738199219516446
evaluation,2.0,0.75,0.5,native,7.555332864584848e-10,7.555332864584848e-10,436.8222882035208,2528.5689988858576,14.931001114142298,0.0,1.0450852536878663,0.9527457502304538,5087.0,1.7296124919946223e-10,1.7296124919946223e-10,0.09823351431639626,2528.4707653715413,-15.029234628458653
evaluation,2.0,0.75,0.5,quarter,5.2504644916213,8.468863424741522e-13,436.8222882035208,2534.4882710506054,9.011728949394897,0.9575543225373436,0.6595084066523128,0.2451169104596473,5087.0,1.201968084827907,1.9387434326143577e-13,0.4408420172262399,2534.047429033379,-9.452570966620897
evaluation,2.0,0.75,0.75,5minute,1.7244535404709493,2.518937408700057e-12,436.8222882035208,3802.5384080319573,12.711591968042928,0.8360514843896388,0.7357040163380762,0.2629829756432217,5087.0,0.39477233351872953,5.76650385459831e-13,0.5028947241434623,3802.0355133078137,-13.214486692186256
evaluation,2.0,0.75,0.75,envelope,7.555864286838365e-10,0.0,436.8222882035208,3800.3189988858576,14.931001114142488,9.507616915982451e-12,1.0450852536803508,0.952745750222857,5087.0,1.7297341483907973e-10,0.0,0.09823351431648272,3800.220765371541,-15.029234628459108
evaluation,2.0,0.75,0.75,gross,6.653501402007155e-10,0.0,436.8222882035208,3800.3189988858576,14.931001114142488,0.025821284808372,1.019263968882843,0.9269244654222616,5087.0,1.5231597795456828e-10,,0.09823351431976757,3800.2207653715377,-15.02923462846229
evaluation,2.0,0.75,0.75,minute,0.28373520128931845,1.2596886596360016e-11,436.8222882035208,3800.809784754077,14.440215245922934,0.4589453098768934,0.77495872643548,0.494853791257355,5087.0,0.06495437823381456,2.8837554622421123e-12,0.29798397359375,3800.5118007804836,-14.738199219516446
evaluation,2.0,0.75,0.75,native,7.555332864584848e-10,7.555332864584848e-10,436.8222882035208,3800.3189988858576,14.931001114142298,0.0,1.0450852536878663,0.9527457502304538,5087.0,1.7296124919946223e-10,1.7296124919946223e-10,0.09823351431639626,3800.2207653715413,-15.029234628458653
evaluation,2.0,0.75,0.75,quarter,5.2504644916213,8.468863424741522e-13,436.8222882035208,3806.2382710506054,9.011728949394897,0.9575543225373436,0.6595084066523128,0.2451169104596473,5087.0,1.201968084827907,1.9387434326143577e-13,0.4408420172262399,3805.797429033379,-9.452570966620897
evaluation,4.0,0.25,0.25,5minute,3.8295547826662815e-10,5.054435742848004e-12,145.60742940116907,1267.5867517018928,4.163248298107209,1.8436056251364616,0.9087494386889304,0.1407680943228436,5087.0,2.6300545229153907e-10,3.47127599438784e-12,0.8170014301766881,1266.769750271716,-4.9802497282839795
evaluation,4.0,0.25,0.25,envelope,1.511512487204343e-09,0.0,145.60742940116907,1266.8480046109878,4.901995389012078,1.0658141036401504e-11,2.015028417905256,1.98424858341636,5087.0,1.0380737393831135e-09,0.0,0.032744504775421616,1266.8152601062125,-4.934739893787537
evaluation,4.0,0.25,0.25,gross,1.511512487204343e-09,0.0,145.60742940116907,1266.8480046109878,4.901995389012078,1.0658141036401504e-11,2.015028417905256,1.98424858341636,5087.0,1.0380737393831135e-09,,0.032744504775421616,1266.8152601062125,-4.934739893787537
evaluation,4.0,0.25,0.25,minute,1.0233327021521313e-09,2.5203600623728537e-11,145.60742940116907,1267.0119988824158,4.738001117584189,0.4155578803093662,1.7630943569419912,1.568740350109208,5087.0,7.028025330580522e-10,1.7309282038273646e-11,0.20675958173700335,1266.8052393006787,-4.94476069932125
evaluation,4.0,0.25,0.25,native,1.511139874275376e-09,1.511139874275376e-09,145.60742940116907,1266.8480046109833,4.901995389016698,0.0,2.015028417895888,1.9842485834101768,5087.0,1.037817836967626e-09,1.037817836967626e-09,0.03274450477203331,1266.8152601062113,-4.934739893788674
evaluation,4.0,0.25,0.25,quarter,1.8268194798586435,1.6868068319973893e-12,145.60742940116907,1268.8194894951043,2.930510504895564,1.9858514408457733,0.1358641349681572,0.0810007782344619,5087.0,1.2546196903356472,1.1584620640132297e-12,0.05836527312095244,1268.7611242219834,-2.9888757780165633
evaluation,4.0,0.25,0.5,5minute,3.8295547826662815e-10,5.054435742848004e-12,145.60742940116907,2539.336751701893,4.163248298107209,1.8436056251364616,0.9087494386889304,0.1407680943228436,5087.0,2.6300545229153907e-10,3.47127599438784e-12,0.8170014301766881,2538.519750271716,-4.9802497282839795
evaluation,4.0,0.25,0.5,envelope,1.511512487204343e-09,0.0,145.60742940116907,2538.598004610988,4.901995389012078,1.0658141036401504e-11,2.015028417905256,1.98424858341636,5087.0,1.0380737393831135e-09,0.0,0.032744504775421616,2538.5652601062125,-4.934739893787537
evaluation,4.0,0.25,0.5,gross,1.511512487204343e-09,0.0,145.60742940116907,2538.598004610988,4.901995389012078,1.0658141036401504e-11,2.015028417905256,1.98424858341636,5087.0,1.0380737393831135e-09,,0.032744504775421616,2538.5652601062125,-4.934739893787537
evaluation,4.0,0.25,0.5,minute,1.0233327021521313e-09,2.5203600623728537e-11,145.60742940116907,2538.761998882416,4.738001117584189,0.4155578803093662,1.7630943569419912,1.568740350109208,5087.0,7.028025330580522e-10,1.7309282038273646e-11,0.20675958173700335,2538.5552393006787,-4.94476069932125
evaluation,4.0,0.25,0.5,native,1.511139874275376e-09,1.511139874275376e-09,145.60742940116907,2538.5980046109835,4.901995389016698,0.0,2.015028417895888,1.9842485834101768,5087.0,1.037817836967626e-09,1.037817836967626e-09,0.03274450477203331,2538.5652601062116,-4.934739893788446
evaluation,4.0,0.25,0.5,quarter,1.8268194798586435,1.6868068319973893e-12,145.60742940116907,2540.5694894951043,2.930510504895564,1.9858514408457733,0.1358641349681572,0.0810007782344619,5087.0,1.2546196903356472,1.1584620640132297e-12,0.05836527312095244,2540.511124221983,-2.9888757780167907
evaluation,4.0,0.25,0.75,5minute,3.8295547826662815e-10,5.054435742848004e-12,145.60742940116907,3811.086751701893,4.163248298107209,1.8436056251364616,0.9087494386889304,0.1407680943228436,5087.0,2.6300545229153907e-10,3.47127599438784e-12,0.8170014301766881,3810.269750271716,-4.9802497282839795
evaluation,4.0,0.25,0.75,envelope,1.511512487204343e-09,0.0,145.60742940116907,3810.348004610988,4.901995389012078,1.0658141036401504e-11,2.015028417905256,1.98424858341636,5087.0,1.0380737393831135e-09,0.0,0.032744504775421616,3810.3152601062125,-4.934739893787537
evaluation,4.0,0.25,0.75,gross,1.511512487204343e-09,0.0,145.60742940116907,3810.348004610988,4.901995389012078,1.0658141036401504e-11,2.015028417905256,1.98424858341636,5087.0,1.0380737393831135e-09,,0.032744504775421616,3810.3152601062125,-4.934739893787537
evaluation,4.0,0.25,0.75,minute,1.0233327021521313e-09,2.5203600623728537e-11,145.60742940116907,3810.511998882416,4.738001117584189,0.4155578803093662,1.7630943569419912,1.568740350109208,5087.0,7.028025330580522e-10,1.7309282038273646e-11,0.20675958173700335,3810.3052393006787,-4.94476069932125
evaluation,4.0,0.25,0.75,native,1.511139874275376e-09,1.511139874275376e-09,145.60742940116907,3810.3480046109835,4.901995389016698,0.0,2.015028417895888,1.9842485834101768,5087.0,1.037817836967626e-09,1.037817836967626e-09,0.03274450477203331,3810.3152601062116,-4.934739893788446
evaluation,4.0,0.25,0.75,quarter,1.8268194798586435,1.6868068319973893e-12,145.60742940116907,3812.3194894951043,2.930510504895564,1.9858514408457733,0.1358641349681572,0.0810007782344619,5087.0,1.2546196903356472,1.1584620640132297e-12,0.05836527312095244,3812.261124221983,-2.9888757780167907
evaluation,4.0,0.5,0.25,5minute,1.294791153887845,5.058843489698039e-12,291.21485880233814,1263.411617586816,8.338382413183995,1.8907009895931408,0.3321159231061176,0.1734458537920057,5087.0,0.44461713224828386,1.7371515692925974e-12,0.16879794607884246,1263.242819640737,-8.507180359262975
evaluation,4.0,0.5,0.25,envelope,1.5148741550482275e-09,0.0,291.21485880233814,1261.9338195153462,9.81618048465387,5.1376680687553744e-12,2.030056835791356,1.9684971668198756,5087.0,5.201912296914929e-10,0.0,0.06548900954412827,1261.868330505802,-9.881669494197922
evaluation,4.0,0.5,0.25,gross,1.5148741550482275e-09,0.0,291.21485880233814,1261.9338195153462,9.81618048465387,5.1376680687553744e-12,2.030056835791356,1.9684971668198756,5087.0,5.201912296914929e-10,,0.06548900954412827,1261.868330505802,-9.881669494197922
evaluation,4.0,0.5,0.25,minute,1.0249381420022396e-09,2.5210267601770834e-11,291.21485880233814,1262.2618682642085,9.488131735791512,0.8310297803121842,1.526299264577732,1.1375666805249651,5087.0,3.5195255702866306e-10,8.656930386537139e-12,0.4135453021837946,1261.8483229620247,-9.901677037975332
evaluation,4.0,0.5,0.25,native,1.5142076997708645e-09,1.5142076997708645e-09,291.21485880233814,1261.9338195153498,9.816180484650252,0.0,2.0300568357919344,1.9684971668202889,5087.0,5.199623762325369e-10,5.199623762325369e-10,0.06548900954430378,1261.8683305058055,-9.881669494194512
evaluation,4.0,0.5,0.25,quarter,3.6478932380702287,1.689873268772792e-12,291.21485880233814,1265.878129831063,5.871870168937103,1.9717028816915452,0.2786726253782626,0.1620015564689203,5087.0,1.252646672313597,5.802840128840376e-13,0.12411815841419392,1265.7540116726489,-5.995988327351142
evaluation,4.0,0.5,0.5,5minute,1.3000726078077913,5.058371995443042e-12,291.21485880233814,2535.1735034037856,8.326496596214435,1.8907009895931408,0.3263525769600938,0.1734458537920057,5087.0,0.4464307258065477,1.73698966331811e-12,0.16266672677456182,2535.010836677011,-8.489163322989043
evaluation,4.0,0.5,0.5,envelope,1.514622785057678e-09,0.0,291.21485880233814,2533.696009221976,9.803990778024145,1.2498890811230012e-11,2.0300568357997006,1.968497166828324,5087.0,5.201049119838103e-10,0.0,0.06548900954401772,2533.630520212432,-9.869479787567798
evaluation,4.0,0.5,0.5,gross,1.514622785057678e-09,0.0,291.21485880233814,2533.696009221976,9.803990778024145,1.2498890811230012e-11,2.0300568357997006,1.968497166828324,5087.0,5.201049119838103e-10,,0.06548900954401772,2533.630520212432,-9.869479787567798
evaluation,4.0,0.5,0.5,minute,1.0244269499119987e-09,2.51963730657429e-11,291.21485880233814,2534.0239977648316,9.476002235168407,0.831115760636683,1.5261887138675403,1.1374807002004663,5087.0,3.517770192513864e-10,8.652159154710207e-12,0.41351916347561063,2533.610478601356,-9.889521398643865
evaluation,4.0,0.5,0.5,native,1.5138710717731831e-09,1.5138710717731831e-09,291.21485880233814,2533.696009221979,9.803990778021344,0.0,2.0300568357919344,1.9684971668202889,5087.0,5.198467818569388e-10,5.198467818569388e-10,0.06548900954430378,2533.6305202124345,-9.869479787565524
evaluation,4.0,0.5,0.5,quarter,3.6536389597172394,1.6880476196980591e-12,291.21485880233814,2537.6389789902087,5.861021009791198,1.9717028816915452,0.2717282699363058,0.1620015564689203,5087.0,1.2546196903356308,5.796571049431993e-13,0.11673054624189944,2537.522248443967,-5.977751556033127
evaluation,4.0,0.5,0.75,5minute,1.2995733016246218,5.058485170338568e-12,291.21485880233814,3806.9120396251833,8.337960374816804,1.8907009895931408,0.3263525769600938,0.1734458537920057,5087.0,0.44625926951986544,1.7370285263404127e-12,0.16266672677456182,3806.7493728984086,-8.500627101591363
evaluation,4.0,0.5,0.75,envelope,1.5149037931244747e-09,0.0,291.21485880233814,3805.4351751450954,9.814824854904604,1.1245671061033136e-11,2.0300568357984474,1.968497166826776,5087.0,5.202014070829794e-10,0.0,0.06548900954433143,3805.369686135551,-9.880313864448908
evaluation,4.0,0.5,0.75,gross,1.5149037931244747e-09,0.0,291.21485880233814,3805.4351751450954,9.814824854904604,1.1245671061033136e-11,2.0300568357984474,1.968497166826776,5087.0,5.202014070829794e-10,,0.06548900954433143,3805.369686135551,-9.880313864448908
evaluation,4.0,0.5,0.75,minute,1.0244673236783127e-09,2.5196340344883972e-11,291.21485880233814,3805.7631288526627,9.486871147337464,0.8309350076229443,1.5263518688592508,1.137661453214205,5087.0,3.517908831615179e-10,8.652147918724837e-12,0.4135004421755806,3805.349628410487,-9.900371589512815
evaluation,4.0,0.5,0.75,native,1.5141576313274767e-09,1.5141576313274767e-09,291.21485880233814,3805.435175145098,9.8148248549019,0.0,2.0300568357919344,1.9684971668202889,5087.0,5.199451832762455e-10,5.199451832762455e-10,0.06548900954430378,3805.369686135554,-9.88031386444618
evaluation,4.0,0.5,0.75,quarter,3.6516226626815858,1.6853893999166135e-12,291.21485880233814,3809.375866065651,5.874133934349414,1.9717028816915452,0.2717282699363058,0.1620015564689203,5087.0,1.2539273159684898,5.787443013203424e-13,0.11673054624189944,3809.259135519409,-5.990864480590972
evaluation,4.0,0.75,0.25,5minute,1.724453540470955,5.042973957727818e-12,436.8222882035208,1259.038408031957,12.711591968042926,1.836051484389637,0.7357040163380748,0.2629829756432228,5087.0,0.39477233351873087,1.1544680969617179e-12,0.5028947241434596,1258.5355133078135,-13.214486692186483
evaluation,4.0,0.75,0.25,envelope,1.5149501460148993e-09,0.0,436.8222882035208,1256.8189988858576,14.931001114142473,3.0234037495802107e-11,2.045085253704116,1.9527457502589225,5087.0,3.4681154943931464e-10,0.0,0.09823351430339756,1256.720765371554,-15.02923462844592
evaluation,4.0,0.75,0.25,gross,1.5149501460148993e-09,0.0,436.8222882035208,1256.8189988858576,14.931001114142473,3.0234037495802107e-11,2.045085253704116,1.9527457502589225,5087.0,3.4681154943931464e-10,,0.09823351430339756,1256.720765371554,-15.02923462844592
evaluation,4.0,0.75,0.25,minute,7.896095030376145e-10,2.5198878469073956e-11,436.8222882035208,1257.309784754077,14.440215245922982,1.241746556701201,1.2930990280296597,0.7111481345545194,5087.0,1.8076218278260696e-10,5.7686796552225124e-12,0.6190966951863195,1256.6906880588908,-15.059311941109172
evaluation,4.0,0.75,0.25,native,1.5149366831159588e-09,1.5149366831159588e-09,436.8222882035208,1256.8189988858662,14.931001114133737,0.0,2.0450852536878497,1.952745750230434,5087.0,3.468084674310692e-10,3.468084674310692e-10,0.09823351431639969,1256.7207653715498,-15.02923462845024
evaluation,4.0,0.75,0.25,quarter,5.250464491621229,1.6856140918700756e-12,436.8222882035208,1262.7382710506051,9.011728949394868,1.9575543225373448,0.6595084066523134,0.2451169104596458,5087.0,1.2019680848278909,3.85880972054413e-13,0.4408420172262421,1262.2974290333789,-9.452570966621124
evaluation,4.0,0.75,0.5,5minute,1.724453540470955,5.042973957727818e-12,436.8222882035208,2530.7884080319573,12.711591968042926,1.836051484389637,0.7357040163380748,0.2629829756432228,5087.0,0.39477233351873087,1.1544680969617179e-12,0.5028947241434596,2530.2855133078137,-13.214486692186256
evaluation,4.0,0.75,0.5,envelope,1.5149501460148993e-09,0.0,436.8222882035208,2528.5689988858576,14.931001114142473,3.0234037495802107e-11,2.045085253704116,1.9527457502589225,5087.0,3.4681154943931464e-10,0.0,0.09823351430339756,2528.470765371554,-15.02923462844592
evaluation,4.0,0.75,0.5,gross,1.5149501460148993e-09,0.0,436.8222882035208,2528.5689988858576,14.931001114142473,3.0234037495802107e-11,2.045085253704116,1.9527457502589225,5087.0,3.4681154943931464e-10,,0.09823351430339756,2528.470765371554,-15.02923462844592
evaluation,4.0,0.75,0.5,minute,7.896095030376145e-10,2.5198878469073956e-11,436.8222882035208,2529.059784754077,14.440215245922982,1.241746556701201,1.2930990280296597,0.7111481345545194,5087.0,1.8076218278260696e-10,5.7686796552225124e-12,0.6190966951863195,2528.440688058891,-15.059311941109172
evaluation,4.0,0.75,0.5,native,1.5149366831159588e-09,1.5149366831159588e-09,436.8222882035208,2528.568998885866,14.931001114133737,0.0,2.0450852536878497,1.952745750230434,5087.0,3.468084674310692e-10,3.468084674310692e-10,0.09823351431639969,2528.47076537155,-15.029234628450013
evaluation,4.0,0.75,0.5,quarter,5.250464491621229,1.6856140918700756e-12,436.8222882035208,2534.4882710506054,9.011728949394868,1.9575543225373448,0.6595084066523134,0.2451169104596458,5087.0,1.2019680848278909,3.85880972054413e-13,0.4408420172262421,2534.047429033379,-9.452570966620897
evaluation,4.0,0.75,0.75,5minute,1.724453540470955,5.042973957727818e-12,436.8222882035208,3802.5384080319573,12.711591968042926,1.836051484389637,0.7357040163380748,0.2629829756432228,5087.0,0.39477233351873087,1.1544680969617179e-12,0.5028947241434596,3802.0355133078137,-13.214486692186256
evaluation,4.0,0.75,0.75,envelope,1.5149501460148993e-09,0.0,436.8222882035208,3800.3189988858576,14.931001114142473,3.0234037495802107e-11,2.045085253704116,1.9527457502589225,5087.0,3.4681154943931464e-10,0.0,0.09823351430339756,3800.220765371554,-15.02923462844592
evaluation,4.0,0.75,0.75,gross,1.5149501460148993e-09,0.0,436.8222882035208,3800.3189988858576,14.931001114142473,3.0234037495802107e-11,2.045085253704116,1.9527457502589225,5087.0,3.4681154943931464e-10,,0.09823351430339756,3800.220765371554,-15.02923462844592
evaluation,4.0,0.75,0.75,minute,7.896095030376145e-10,2.5198878469073956e-11,436.8222882035208,3800.809784754077,14.440215245922982,1.241746556701201,1.2930990280296597,0.7111481345545194,5087.0,1.8076218278260696e-10,5.7686796552225124e-12,0.6190966951863195,3800.190688058891,-15.059311941109172
evaluation,4.0,0.75,0.75,native,1.5149366831159588e-09,1.5149366831159588e-09,436.8222882035208,3800.318998885866,14.931001114133737,0.0,2.0450852536878497,1.952745750230434,5087.0,3.468084674310692e-10,3.468084674310692e-10,0.09823351431639969,3800.22076537155,-15.029234628450013
evaluation,4.0,0.75,0.75,quarter,5.250464491621229,1.6856140918700756e-12,436.8222882035208,3806.2382710506054,9.011728949394868,1.9575543225373448,0.6595084066523134,0.2451169104596458,5087.0,1.2019680848278909,3.85880972054413e-13,0.4408420172262421,3805.797429033379,-9.452570966620897
