period,capacity_mwh,eta,horizon_hours,measured_feedback,model,deficit_mwh,requested_mwh,hydrogen_energy_mwh,max_state_error,initial_inventory,terminal_inventory,deficit_pct,terminal_restoration_mwh,restored_hydrogen_energy_mwh
calibration,0.5,0.9,1.0,False,5minute,12.130710096153996,313.00547608849115,2209.7664752329797,0.1139535597568075,0.25,0.2789989628107064,3.875558424008042,-0.026099066529635766,2209.7925742995094
calibration,0.5,0.9,1.0,False,envelope,12.437554032057195,313.00547608849115,2206.921702698161,4.551359289450829e-13,0.25,0.2788242725491384,3.9735899152578784,-0.02594184529422455,2206.947644543455
calibration,0.5,0.9,1.0,False,gross,12.122219724553123,313.00547608849115,2207.0266550865877,0.0349778738883007,0.25,0.2855742106729377,3.872845892678886,-0.032016789605643935,2207.0586718761933
calibration,0.5,0.9,1.0,False,minute,12.322531318978385,313.00547608849115,2207.53837578963,0.0264009762083873,0.25,0.2786514571540875,3.9368420875469377,-0.025786311438678763,2207.564162101069
calibration,0.5,0.9,1.0,False,native,12.437554032055793,313.00547608849115,2206.921702698162,0.0,0.25,0.2788242725491269,3.9735899152574308,-0.025941845294214207,2206.947644543456
calibration,0.5,0.9,1.0,False,quarter,13.529819048033701,313.00547608849115,2214.0513791289122,0.2905385939627822,0.25,0.2841971445147329,4.322550268803804,-0.030777430063259593,2214.0821565589754
calibration,0.5,0.9,1.0,True,5minute,12.437554032055793,313.00547608849115,2206.921702698162,0.011056822694534,0.25,0.2788242725491269,3.9735899152574308,-0.025941845294214207,2206.947644543456
calibration,0.5,0.9,1.0,True,envelope,12.437554032055793,313.00547608849115,2206.921702698162,2.4535928844215963e-14,0.25,0.2788242725491269,3.9735899152574308,-0.025941845294214207,2206.947644543456
calibration,0.5,0.9,1.0,True,gross,12.437554032055793,313.00547608849115,2206.921702698162,0.0323727284758816,0.25,0.2788242725491269,3.9735899152574308,-0.025941845294214207,2206.947644543456
calibration,0.5,0.9,1.0,True,minute,12.437554032055793,313.00547608849115,2206.921702698162,0.0024952214632667,0.25,0.2788242725491269,3.9735899152574308,-0.025941845294214207,2206.947644543456
calibration,0.5,0.9,1.0,True,native,12.437554032055793,313.00547608849115,2206.921702698162,0.0,0.25,0.2788242725491269,3.9735899152574308,-0.025941845294214207,2206.947644543456
calibration,0.5,0.9,1.0,True,quarter,12.437554032055793,313.00547608849115,2206.921702698162,0.0389969777721297,0.25,0.2788242725491269,3.9735899152574308,-0.025941845294214207,2206.947644543456
calibration,0.5,0.94,0.25,False,5minute,6.052744034062753,313.00547608849115,2223.6408610766034,0.1624037813827009,0.25,0.2638406928880314,1.9337502045336596,-0.013010251314749529,2223.6538713279183
calibration,0.5,0.94,0.25,False,envelope,5.919164233508146,313.00547608849115,2221.770281572258,3.292921491038215e-13,0.25,0.2635299275192541,1.8910736986067018,-0.012718131868098836,2221.7829997041263
calibration,0.5,0.94,0.25,False,gross,5.894731472828827,313.00547608849115,2221.8289879903436,0.0366319629404013,0.25,0.2710870646493327,1.883267841346744,-0.019821840770372724,2221.848809831114
calibration,0.5,0.94,0.25,False,minute,5.930736829589961,313.00547608849115,2222.193177913425,0.0699058369942661,0.25,0.2633981739081124,1.8947709489636073,-0.012594283473625633,2222.205772196899
calibration,0.5,0.94,0.25,False,native,5.9191642335075585,313.00547608849115,2221.7702815722578,0.0,0.25,0.2635299275192743,1.8910736986065144,-0.01271813186811783,2221.782999704126
calibration,0.5,0.94,0.25,False,quarter,7.719126296052063,313.00547608849115,2226.61855326337,0.2677506341814368,0.25,0.2689283084612787,2.4661313893018777,-0.017792609953601966,2226.6363458733235
calibration,0.5,0.94,0.25,True,5minute,5.9191642335075585,313.00547608849115,2221.7702815722578,0.0101948097011183,0.25,0.2635299275192743,1.8910736986065144,-0.01271813186811783,2221.782999704126
calibration,0.5,0.94,0.25,True,envelope,5.9191642335075585,313.00547608849115,2221.7702815722578,2.4535928844215963e-14,0.25,0.2635299275192743,1.8910736986065144,-0.01271813186811783,2221.782999704126
calibration,0.5,0.94,0.25,True,gross,5.9191642335075585,313.00547608849115,2221.7702815722578,0.0338819232756246,0.25,0.2635299275192743,1.8910736986065144,-0.01271813186811783,2221.782999704126
calibration,0.5,0.94,0.25,True,minute,5.9191642335075585,313.00547608849115,2221.7702815722578,0.00238904182654,0.25,0.2635299275192743,1.8910736986065144,-0.01271813186811783,2221.782999704126
calibration,0.5,0.94,0.25,True,native,5.9191642335075585,313.00547608849115,2221.7702815722578,0.0,0.25,0.2635299275192743,1.8910736986065144,-0.01271813186811783,2221.782999704126
calibration,0.5,0.94,0.25,True,quarter,5.9191642335075585,313.00547608849115,2221.7702815722578,0.0377562407157477,0.25,0.2635299275192743,1.8910736986065144,-0.01271813186811783,2221.782999704126
calibration,0.5,0.94,4.0,False,5minute,69.54861897720265,313.00547608849115,2201.048178668431,0.0224895500736505,0.25,0.2037769844811192,22.219617319902817,0.049173420764766815,2200.999005247666
calibration,0.5,0.94,4.0,False,envelope,69.93514084186347,313.00547608849115,2200.271793599191,2.77944334214908e-13,0.25,0.2037460011755592,22.34310457306242,0.04920638172812852,2200.2225872174627
calibration,0.5,0.94,4.0,False,gross,69.26943725632944,313.00547608849115,2200.7085568537514,0.0567749292176449,0.25,0.2080741186458909,22.13042344241478,0.0446020014405416,2200.663954852311
calibration,0.5,0.94,4.0,False,minute,69.86843867821642,313.00547608849115,2200.4469170269635,0.0044843403547337,0.25,0.2037991239264846,22.321794350480825,0.04914986816331425,2200.3977671588004
calibration,0.5,0.94,4.0,False,native,69.93514084186461,313.00547608849115,2200.27179359919,0.0,0.25,0.2037460011755532,22.343104573062785,0.04920638172813491,2200.2225872174618
calibration,0.5,0.94,4.0,False,quarter,68.75483427399361,313.00547608849115,2202.418718455335,0.0793176207710285,0.25,0.2080393022000772,21.966016420286408,0.04463904021268385,2202.374079415122
calibration,0.5,0.94,4.0,True,5minute,69.93514084186461,313.00547608849115,2200.27179359919,0.0141486428205492,0.25,0.2037460011755532,22.343104573062785,0.04920638172813491,2200.2225872174618
calibration,0.5,0.94,4.0,True,envelope,69.93514084186461,313.00547608849115,2200.27179359919,2.4480417692984705e-14,0.25,0.2037460011755532,22.343104573062785,0.04920638172813491,2200.2225872174618
calibration,0.5,0.94,4.0,True,gross,69.93514084186461,313.00547608849115,2200.27179359919,0.0567486663624299,0.25,0.2037460011755532,22.343104573062785,0.04920638172813491,2200.2225872174618
calibration,0.5,0.94,4.0,True,minute,69.93514084186461,313.00547608849115,2200.27179359919,0.0008779357782909,0.25,0.2037460011755532,22.343104573062785,0.04920638172813491,2200.2225872174618
calibration,0.5,0.94,4.0,True,native,69.93514084186461,313.00547608849115,2200.27179359919,0.0,0.25,0.2037460011755532,22.343104573062785,0.04920638172813491,2200.2225872174618
calibration,0.5,0.94,4.0,True,quarter,69.93514084186461,313.00547608849115,2200.27179359919,0.0642280384983103,0.25,0.2037460011755532,22.343104573062785,0.04920638172813491,2200.2225872174618
calibration,0.5,0.98,1.0,False,5minute,12.727021371093482,313.00547608849115,2234.049573091408,0.0396164927395377,0.25,0.2856917757775112,4.066069875242492,-0.03497794026196098,2234.08455103167
calibration,0.5,0.98,1.0,False,envelope,13.064586469761675,313.00547608849115,2233.3809151589685,4.952704912852823e-13,0.25,0.2846540657091957,4.173916262751943,-0.0339609843950118,2233.4148761433635
calibration,0.5,0.98,1.0,False,gross,12.594104204665904,313.00547608849115,2233.8036357016754,0.0362151696662152,0.25,0.291959066750076,4.02360506980567,-0.04111988541507447,2233.8447555870903
calibration,0.5,0.98,1.0,False,minute,13.00609439893226,313.00547608849115,2233.5189701683057,0.0052591559000107,0.25,0.2846242415945708,4.155229027128986,-0.033931756762679365,2233.5529019250685
calibration,0.5,0.98,1.0,False,native,13.064586469762734,313.00547608849115,2233.380915158968,0.0,0.25,0.2846540657091849,4.1739162627522814,-0.03396098439500119,2233.414876143363
calibration,0.5,0.98,1.0,False,quarter,12.263912638158173,313.00547608849115,2235.154428859836,0.0836322355475425,0.25,0.2914319563778209,3.9181144021553753,-0.04060331725026446,2235.1950321770864
calibration,0.5,0.98,1.0,True,5minute,13.064586469762734,313.00547608849115,2233.380915158968,0.009386837728173,0.25,0.2846540657091849,4.1739162627522814,-0.03396098439500119,2233.414876143363
calibration,0.5,0.98,1.0,True,envelope,13.064586469762734,313.00547608849115,2233.380915158968,2.4924506902834764e-14,0.25,0.2846540657091849,4.1739162627522814,-0.03396098439500119,2233.414876143363
calibration,0.5,0.98,1.0,True,gross,13.064586469762734,313.00547608849115,2233.380915158968,0.0358605574676884,0.25,0.2846540657091849,4.1739162627522814,-0.03396098439500119,2233.414876143363
calibration,0.5,0.98,1.0,True,minute,13.064586469762734,313.00547608849115,2233.380915158968,0.00229152991524,0.25,0.2846540657091849,4.1739162627522814,-0.03396098439500119,2233.414876143363
calibration,0.5,0.98,1.0,True,native,13.064586469762734,313.00547608849115,2233.380915158968,0.0,0.25,0.2846540657091849,4.1739162627522814,-0.03396098439500119,2233.414876143363
calibration,0.5,0.98,1.0,True,quarter,13.064586469762734,313.00547608849115,2233.380915158968,0.0358605574676884,0.25,0.2846540657091849,4.1739162627522814,-0.03396098439500119,2233.414876143363
calibration,0.5,1.0,1.0,False,5minute,13.098414675663628,313.00547608849115,2239.817702148839,0.0090010905861369,0.25,0.2873420609286919,4.184723807183654,-0.03734206092869191,2239.8550442097676
calibration,0.5,1.0,1.0,False,envelope,13.258899649064237,313.00547608849115,2239.659481076256,3.0619951019161817e-13,0.25,0.2860868306525921,4.235996064591457,-0.036086830652592106,2239.6955679069083
calibration,0.5,1.0,1.0,False,gross,12.743328476657132,313.00547608849115,2240.160701711051,0.0354908662728646,0.25,0.2932514923618559,4.071279721973429,-0.04325149236185588,2240.2039532034128
calibration,0.5,1.0,1.0,False,minute,13.239874664635504,313.00547608849115,2239.6842124031314,0.0022456993169945,0.25,0.2860943770159928,4.229917901146369,-0.036094377015992773,2239.7203067801474
calibration,0.5,1.0,1.0,False,native,13.258899649064574,313.00547608849115,2239.659481076255,0.0,0.25,0.2860868306525833,4.235996064591564,-0.03608683065258328,2239.6955679069074
calibration,0.5,1.0,1.0,False,quarter,12.74332847665707,313.00547608849115,2240.160701711051,0.0354908662728498,0.25,0.2932514923618546,4.07127972197341,-0.043251492361854604,2240.2039532034128
calibration,0.5,1.0,1.0,True,5minute,13.258899649064574,313.00547608849115,2239.659481076255,0.0090010905861369,0.25,0.2860868306525833,4.235996064591564,-0.03608683065258328,2239.6955679069074
calibration,0.5,1.0,1.0,True,envelope,13.258899649064574,313.00547608849115,2239.659481076255,2.4924506902834764e-14,0.25,0.2860868306525833,4.235996064591564,-0.03608683065258328,2239.6955679069074
calibration,0.5,1.0,1.0,True,gross,13.258899649064574,313.00547608849115,2239.659481076255,0.0351538928647032,0.25,0.2860868306525833,4.235996064591564,-0.03608683065258328,2239.6955679069074
calibration,0.5,1.0,1.0,True,minute,13.258899649064574,313.00547608849115,2239.659481076255,0.0022456993169439,0.25,0.2860868306525833,4.235996064591564,-0.03608683065258328,2239.6955679069074
calibration,0.5,1.0,1.0,True,native,13.258899649064574,313.00547608849115,2239.659481076255,0.0,0.25,0.2860868306525833,4.235996064591564,-0.03608683065258328,2239.6955679069074
calibration,0.5,1.0,1.0,True,quarter,13.258899649064574,313.00547608849115,2239.659481076255,0.0351538928647032,0.25,0.2860868306525833,4.235996064591564,-0.03608683065258328,2239.6955679069074
calibration,1.0,0.9,1.0,False,5minute,2.5668150837737804,313.00547608849115,2209.796271145083,0.4003736516653597,0.5,0.4848962308682745,0.8200543696072925,0.016781965701917232,2209.7794891793815
calibration,1.0,0.9,1.0,False,envelope,1.9383274098807228,313.00547608849115,2206.812331886564,1.668457039194493e-12,0.5,0.5015163351849228,0.6192630985576527,-0.0013647016664305011,2206.8136965882304
calibration,1.0,0.9,1.0,False,gross,1.941123811295762,313.00547608849115,2206.8644075662423,0.0323727284758722,0.5,0.5065741444425418,0.6201565019095635,-0.005916729998287607,2206.8703242962406
calibration,1.0,0.9,1.0,False,minute,1.8910910556331033,313.00547608849115,2207.4583342674323,0.106526019181725,0.5,0.4865827506857408,0.6041718756059286,0.014908054793621327,2207.4434262126388
calibration,1.0,0.9,1.0,False,native,1.938327409879902,313.00547608849115,2206.8123318865632,0.0,0.5,0.5015163351839134,0.6192630985573904,-0.001364701665522028,2206.8136965882286
calibration,1.0,0.9,1.0,False,quarter,6.60371039902306,313.00547608849115,2214.3484347730327,0.550531221806859,0.5,0.4835908585590828,2.1097747175375603,0.018232379378796897,2214.330202393654
calibration,1.0,0.9,1.0,True,5minute,1.938327409879902,313.00547608849115,2206.8123318865632,0.0092909719917995,0.5,0.5015163351839134,0.6192630985573904,-0.001364701665522028,2206.8136965882286
calibration,1.0,0.9,1.0,True,envelope,1.938327409879902,313.00547608849115,2206.8123318865632,4.9849013805669535e-14,0.5,0.5015163351839134,0.6192630985573904,-0.001364701665522028,2206.8136965882286
calibration,1.0,0.9,1.0,True,gross,1.938327409879902,313.00547608849115,2206.8123318865632,0.0323727284758722,0.5,0.5015163351839134,0.6192630985573904,-0.001364701665522028,2206.8136965882286
calibration,1.0,0.9,1.0,True,minute,1.938327409879902,313.00547608849115,2206.8123318865632,0.0008906697836748,0.5,0.5015163351839134,0.6192630985573904,-0.001364701665522028,2206.8136965882286
calibration,1.0,0.9,1.0,True,native,1.938327409879902,313.00547608849115,2206.8123318865632,0.0,0.5,0.5015163351839134,0.6192630985573904,-0.001364701665522028,2206.8136965882286
calibration,1.0,0.9,1.0,True,quarter,1.938327409879902,313.00547608849115,2206.8123318865632,0.0323727284758722,0.5,0.5015163351839134,0.6192630985573904,-0.001364701665522028,2206.8136965882286
calibration,1.0,0.94,0.25,False,5minute,1.6177070816702144,313.00547608849115,2224.3404796740974,0.4092807043880451,0.5,0.3900316967235585,0.5168302810181076,0.11698755667706547,2224.2234921174204
calibration,1.0,0.94,0.25,False,envelope,1.2583651072209188,313.00547608849115,2222.387699390018,1.241229341530925e-12,0.5,0.5135299278433195,0.40202654693017603,-0.01271813217272035,2222.4004175221908
calibration,1.0,0.94,0.25,False,gross,1.179079640857891,313.00547608849115,2222.469018180298,0.0309951655620084,0.5,0.5183321639488458,0.3766961701732491,-0.017232234111915094,2222.48625041441
calibration,1.0,0.94,0.25,False,minute,1.1008947065233827,313.00547608849115,2222.820135806838,0.1035751327030541,0.5,0.4460747426315122,0.35171739494172427,0.05736729507285936,2222.7627685117654
calibration,1.0,0.94,0.25,False,native,1.2583651072214765,313.00547608849115,2222.3876993900208,0.0,0.5,0.5135299278430351,0.4020265469303542,-0.012718132172452977,2222.400417522193
calibration,1.0,0.94,0.25,False,quarter,4.212899468503143,313.00547608849115,2227.4096947976027,0.517750634181436,0.5,0.3875701585495497,1.3459507230193302,0.11960621430898971,2227.2900885832937
calibration,1.0,0.94,0.25,True,5minute,1.2583651072214765,313.00547608849115,2222.3876993900208,0.0088956114815131,0.5,0.5135299278430351,0.4020265469303542,-0.012718132172452977,2222.400417522193
calibration,1.0,0.94,0.25,True,envelope,1.2583651072214765,313.00547608849115,2222.3876993900208,4.723998969780042e-14,0.5,0.5135299278430351,0.4020265469303542,-0.012718132172452977,2222.400417522193
calibration,1.0,0.94,0.25,True,gross,1.2583651072214765,313.00547608849115,2222.3876993900208,0.0309951655620084,0.5,0.5135299278430351,0.4020265469303542,-0.012718132172452977,2222.400417522193
calibration,1.0,0.94,0.25,True,minute,1.2583651072214765,313.00547608849115,2222.3876993900208,0.0010595566666448,0.5,0.5135299278430351,0.4020265469303542,-0.012718132172452977,2222.400417522193
calibration,1.0,0.94,0.25,True,native,1.2583651072214765,313.00547608849115,2222.3876993900208,0.0,0.5,0.5135299278430351,0.4020265469303542,-0.012718132172452977,2222.400417522193
calibration,1.0,0.94,0.25,True,quarter,1.2583651072214765,313.00547608849115,2222.3876993900208,0.0309951655620084,0.5,0.5135299278430351,0.4020265469303542,-0.012718132172452977,2222.400417522193
calibration,1.0,0.94,4.0,False,5minute,18.70096004457568,313.00547608849115,2216.168578373185,0.0716182825574297,0.5,0.3231627829223299,5.974643088764572,0.18812469901879797,2215.9804536741663
calibration,1.0,0.94,4.0,False,envelope,19.17917702258547,313.00547608849115,2214.9738553375846,6.530331830845171e-13,0.5,0.3228900038003079,6.127425392763174,0.18841488957414054,2214.7854404480104
calibration,1.0,0.94,4.0,False,gross,18.702928063877344,313.00547608849115,2215.3463513745132,0.0496693378792532,0.5,0.3268739254217598,5.975271837924573,0.18417667508323426,2215.16217469943
calibration,1.0,0.94,4.0,False,minute,19.084508848750374,313.00547608849115,2215.2348826884668,0.0184837356913052,0.5,0.3228608001772623,6.0971804989619125,0.18844595725823157,2215.0464367312084
calibration,1.0,0.94,4.0,False,native,19.179177022588192,313.00547608849115,2214.9738553375855,0.0,0.5,0.3228900038003098,6.127425392764043,0.18841488957413852,2214.7854404480113
calibration,1.0,0.94,4.0,False,quarter,17.96883678489686,313.00547608849115,2218.1301895151314,0.1802962997697237,0.5,0.3263827153206881,5.740741986193498,0.1846992390205446,2217.945490276111
calibration,1.0,0.94,4.0,True,5minute,19.179177022588192,313.00547608849115,2214.9738553375855,0.0164516245191964,0.5,0.3228900038003098,6.127425392764043,0.18841488957413852,2214.7854404480113
calibration,1.0,0.94,4.0,True,envelope,19.179177022588192,313.00547608849115,2214.9738553375855,4.9849013805669535e-14,0.5,0.3228900038003098,6.127425392764043,0.18841488957413852,2214.7854404480113
calibration,1.0,0.94,4.0,True,gross,19.179177022588192,313.00547608849115,2214.9738553375855,0.0484569216405826,0.5,0.3228900038003098,6.127425392764043,0.18841488957413852,2214.7854404480113
calibration,1.0,0.94,4.0,True,minute,19.179177022588192,313.00547608849115,2214.9738553375855,0.0009546994868463,0.5,0.3228900038003098,6.127425392764043,0.18841488957413852,2214.7854404480113
calibration,1.0,0.94,4.0,True,native,19.179177022588192,313.00547608849115,2214.9738553375855,0.0,0.5,0.3228900038003098,6.127425392764043,0.18841488957413852,2214.7854404480113
calibration,1.0,0.94,4.0,True,quarter,19.179177022588192,313.00547608849115,2214.9738553375855,0.0550672113897543,0.5,0.3228900038003098,6.127425392764043,0.18841488957413852,2214.7854404480113
calibration,1.0,0.98,1.0,False,5minute,2.0683223416057155,313.00547608849115,2236.758864288231,0.1011072721193378,0.5,0.4682839474229062,0.660794299017622,0.032363318956218176,2236.7265009692746
calibration,1.0,0.98,1.0,False,envelope,2.2141092484669245,313.00547608849115,2236.151373448657,1.2599921106470902e-12,0.5,0.5177437430407242,0.7073707706765373,-0.017388868179909752,2236.168762316837
calibration,1.0,0.98,1.0,False,gross,2.1427557605796075,313.00547608849115,2236.2535986282674,0.02973005676368,0.5,0.5223095864829687,0.6845745280104363,-0.021863394753309284,2236.2754620230207
calibration,1.0,0.98,1.0,False,minute,2.1767440461706187,313.00547608849115,2236.2791710954925,0.0209747506108192,0.5,0.4993773904970394,0.6954332152180053,0.0006353158193475651,2236.2785357796733
calibration,1.0,0.98,1.0,False,native,2.2141092484667015,313.00547608849115,2236.151373448657,0.0,0.5,0.517743743040313,0.707370770676466,-0.017388868179506748,2236.1687623168364
calibration,1.0,0.98,1.0,False,quarter,1.9773203202033653,313.00547608849115,2237.7086652963358,0.2471077523976141,0.5,0.4680172632984415,0.6317206794312916,0.0326354456138352,2237.676029850722
calibration,1.0,0.98,1.0,True,5minute,2.2141092484667015,313.00547608849115,2236.151373448657,0.0085325252985973,0.5,0.517743743040313,0.707370770676466,-0.017388868179506748,2236.1687623168364
calibration,1.0,0.98,1.0,True,envelope,2.2141092484667015,313.00547608849115,2236.151373448657,4.9960036108132044e-14,0.5,0.517743743040313,0.707370770676466,-0.017388868179506748,2236.1687623168364
calibration,1.0,0.98,1.0,True,gross,2.2141092484667015,313.00547608849115,2236.151373448657,0.0297300567635621,0.5,0.517743743040313,0.707370770676466,-0.017388868179506748,2236.1687623168364
calibration,1.0,0.98,1.0,True,minute,2.2141092484667015,313.00547608849115,2236.151373448657,0.0010163094557678,0.5,0.517743743040313,0.707370770676466,-0.017388868179506748,2236.1687623168364
calibration,1.0,0.98,1.0,True,native,2.2141092484667015,313.00547608849115,2236.151373448657,0.0,0.5,0.517743743040313,0.707370770676466,-0.017388868179506748,2236.1687623168364
calibration,1.0,0.98,1.0,True,quarter,2.2141092484667015,313.00547608849115,2236.151373448657,0.0297300567635621,0.5,0.517743743040313,0.707370770676466,-0.017388868179506748,2236.1687623168364
calibration,1.0,1.0,1.0,False,5minute,2.2874809275770898,313.00547608849115,2243.1836325150916,0.0083618747936268,0.5,0.5207956079008103,0.7308117915899931,-0.020795607900810253,2243.2044281229923
calibration,1.0,1.0,1.0,False,envelope,2.2925472139812397,313.00547608849115,2243.1539307573853,9.413581025796702e-13,0.5,0.5207162992018528,0.7324303851262665,-0.020716299201852806,2243.174647056587
calibration,1.0,1.0,1.0,False,gross,2.209579197577262,313.00547608849115,2243.2578269836395,0.0291354556294642,0.5,0.5251704197276061,0.705923495393602,-0.02517041972760614,2243.282997403367
calibration,1.0,1.0,1.0,False,minute,2.290893682681389,313.00547608849115,2243.156223478366,0.0009959832672056,0.5,0.520795607900748,0.73190210960837,-0.02079560790074797,2243.1770190862667
calibration,1.0,1.0,1.0,False,native,2.2925472139819023,313.00547608849115,2243.1539307573853,0.0,0.5,0.5207162992019481,0.7324303851264782,-0.020716299201948063,2243.174647056587
calibration,1.0,1.0,1.0,False,quarter,2.2095791975772245,313.00547608849115,2243.2578269836395,0.02913545562945,0.5,0.5251704197275842,0.7059234953935901,-0.02517041972758416,2243.282997403367
calibration,1.0,1.0,1.0,True,5minute,2.2925472139819023,313.00547608849115,2243.1539307573853,0.0083618747926265,0.5,0.5207162992019481,0.7324303851264782,-0.020716299201948063,2243.174647056587
calibration,1.0,1.0,1.0,True,envelope,2.2925472139819023,313.00547608849115,2243.1539307573853,4.89608353859694e-14,0.5,0.5207162992019481,0.7324303851264782,-0.020716299201948063,2243.174647056587
calibration,1.0,1.0,1.0,True,gross,2.2925472139819023,313.00547608849115,2243.1539307573853,0.029135455628292,0.5,0.5207162992019481,0.7324303851264782,-0.020716299201948063,2243.174647056587
calibration,1.0,1.0,1.0,True,minute,2.2925472139819023,313.00547608849115,2243.1539307573853,0.000995983266661,0.5,0.5207162992019481,0.7324303851264782,-0.020716299201948063,2243.174647056587
calibration,1.0,1.0,1.0,True,native,2.2925472139819023,313.00547608849115,2243.1539307573853,0.0,0.5,0.5207162992019481,0.7324303851264782,-0.020716299201948063,2243.174647056587
calibration,1.0,1.0,1.0,True,quarter,2.2925472139819023,313.00547608849115,2243.1539307573853,0.029135455628292,0.5,0.5207162992019481,0.7324303851264782,-0.020716299201948063,2243.174647056587
calibration,2.0,0.9,1.0,False,5minute,2.2342403520187073,313.00547608849115,2210.4148486121035,0.9302328065657188,1.0,0.484896230868274,0.7138023206300248,0.5723375212574733,2209.842511090846
calibration,2.0,0.9,1.0,False,envelope,0.057217291993178515,313.00547608849115,2207.3921455115947,5.008438108689006e-12,1.0,1.001516335179811,0.018279965164891353,-0.0013647016618299813,2207.3935102132564
calibration,2.0,0.9,1.0,False,gross,0.05721729192080612,313.00547608849115,2207.4140884469557,0.0242375101081027,1.0,0.977278825076331,0.018279965141769588,0.02524574991518776,2207.3888426970407
calibration,2.0,0.9,1.0,False,minute,0.10669553929073633,313.00547608849115,2208.048036625767,0.5147074718145195,1.0,0.5109616612567683,0.034087435345882565,0.543375931936924,2207.50466069383
calibration,2.0,0.9,1.0,False,native,0.05721729199559072,313.00547608849115,2207.392145511591,0.0,1.0,1.0015163351838965,0.01827996516566201,-0.00136470166550684,2207.3935102132564
calibration,2.0,0.9,1.0,False,quarter,6.38295685081705,313.00547608849115,2214.977748515721,1.0505312218068592,1.0,0.4835908585590828,2.03924766128133,0.5737879349343524,2214.4039605807866
calibration,2.0,0.9,1.0,True,5minute,0.05721729199559072,313.00547608849115,2207.392145511591,0.0035342346242481,1.0,1.0015163351838965,0.01827996516566201,-0.00136470166550684,2207.3935102132564
calibration,2.0,0.9,1.0,True,envelope,0.05721729199559072,313.00547608849115,2207.392145511591,9.85878045867139e-14,1.0,1.0015163351838965,0.01827996516566201,-0.00136470166550684,2207.3935102132564
calibration,2.0,0.9,1.0,True,gross,0.05721729199559072,313.00547608849115,2207.392145511591,0.0228569019205182,1.0,1.0015163351838965,0.01827996516566201,-0.00136470166550684,2207.3935102132564
calibration,2.0,0.9,1.0,True,minute,0.05721729199559072,313.00547608849115,2207.392145511591,0.0008906697836663,1.0,1.0015163351838965,0.01827996516566201,-0.00136470166550684,2207.3935102132564
calibration,2.0,0.9,1.0,True,native,0.05721729199559072,313.00547608849115,2207.392145511591,0.0,1.0,1.0015163351838965,0.01827996516566201,-0.00136470166550684,2207.3935102132564
calibration,2.0,0.9,1.0,True,quarter,0.05721729199559072,313.00547608849115,2207.392145511591,0.0228569019205182,1.0,1.0015163351838965,0.01827996516566201,-0.00136470166550684,2207.3935102132564
calibration,2.0,0.94,0.25,False,5minute,1.2367456867811855,313.00547608849115,2224.9929038083696,0.962869456454401,1.0,0.3900316967235587,0.3951195046924801,0.6489024502940866,2224.3440013580757
calibration,2.0,0.94,0.25,False,envelope,0.027284931583122025,313.00547608849115,2223.0386886492734,1.1940226585238634e-11,1.0,1.0135299278313052,0.00871707802818382,-0.01271813216142693,2223.0514067814347
calibration,2.0,0.94,0.25,False,gross,0.027284931468570136,313.00547608849115,2223.0625958927913,0.0256478350889838,1.0,0.9878820927540936,0.008717077991586414,0.012891390687134517,2223.0497045021043
calibration,2.0,0.94,0.25,False,minute,4.5211712225703393e-10,313.00547608849115,2223.4754669222566,0.4128584758529043,1.0,0.6007213486972336,1.444438378225734e-10,0.42476452266251746,2223.0507023995942
calibration,2.0,0.94,0.25,False,native,0.027284931590416298,313.00547608849115,2223.0386886492597,0.0,1.0,1.013529927843069,0.00871707803051422,-0.012718132172484808,2223.051406781432
calibration,2.0,0.94,0.25,False,quarter,4.11985597677623,313.00547608849115,2228.0428197739707,1.0177506341814395,1.0,0.3875701585495497,1.3162248879030753,0.651521107926011,2227.391298666045
calibration,2.0,0.94,0.25,True,5minute,0.027284931590416298,313.00547608849115,2223.0386886492597,0.0036746936545113,1.0,1.013529927843069,0.00871707803051422,-0.012718132172484808,2223.051406781432
calibration,2.0,0.94,0.25,True,envelope,0.027284931590416298,313.00547608849115,2223.0386886492597,9.83657599817889e-14,1.0,1.013529927843069,0.00871707803051422,-0.012718132172484808,2223.051406781432
calibration,2.0,0.94,0.25,True,gross,0.027284931590416298,313.00547608849115,2223.0386886492597,0.0118224661612091,1.0,1.013529927843069,0.00871707803051422,-0.012718132172484808,2223.051406781432
calibration,2.0,0.94,0.25,True,minute,0.027284931590416298,313.00547608849115,2223.0386886492597,0.0010595566666804,1.0,1.013529927843069,0.00871707803051422,-0.012718132172484808,2223.051406781432
calibration,2.0,0.94,0.25,True,native,0.027284931590416298,313.00547608849115,2223.0386886492597,0.0,1.0,1.013529927843069,0.00871707803051422,-0.012718132172484808,2223.051406781432
calibration,2.0,0.94,0.25,True,quarter,0.027284931590416298,313.00547608849115,2223.0386886492597,0.0145236593085202,1.0,1.013529927843069,0.00871707803051422,-0.012718132172484808,2223.051406781432
calibration,2.0,0.94,4.0,False,5minute,0.8937749670840432,313.00547608849115,2223.4171797802396,0.5885370342186078,1.0,0.4203449162540074,0.28554611192532625,0.6166543444106305,2222.800525435829
calibration,2.0,0.94,4.0,False,envelope,0.5977159192869762,313.00547608849115,2221.9801831758123,3.796074565798335e-12,1.0,0.7813922512322157,0.1909602115453064,0.23256143485934505,2221.747621740953
calibration,2.0,0.94,4.0,False,gross,0.5569539293489877,313.00547608849115,2222.0392216053115,0.0262599548865998,1.0,0.7581815659142014,0.1779374394049032,0.2572536532827645,2221.7819679520285
calibration,2.0,0.94,4.0,False,minute,0.43996787728931475,313.00547608849115,2222.289764136605,0.1248474902050228,1.0,0.6567212365371919,0.14056235781796017,0.36519017389660435,2221.924573962708
calibration,2.0,0.94,4.0,False,native,0.5977159192925432,313.00547608849115,2221.980183175809,0.0,1.0,0.781392251229928,0.19096021154708498,0.2325614348617788,2221.747621740947
calibration,2.0,0.94,4.0,False,quarter,2.500935662185782,313.00547608849115,2225.543826740156,0.8706997158090921,1.0,0.36823081207113,0.7990069993148399,0.6720948807753937,2224.8717318593804
calibration,2.0,0.94,4.0,True,5minute,0.5977159192925432,313.00547608849115,2221.980183175809,0.0053237695458203,1.0,0.781392251229928,0.19096021154708498,0.2325614348617788,2221.747621740947
calibration,2.0,0.94,4.0,True,envelope,0.5977159192925432,313.00547608849115,2221.980183175809,9.880984919163893e-14,1.0,0.781392251229928,0.19096021154708498,0.2325614348617788,2221.747621740947
calibration,2.0,0.94,4.0,True,gross,0.5977159192925432,313.00547608849115,2221.980183175809,0.0243837068470795,1.0,0.781392251229928,0.19096021154708498,0.2325614348617788,2221.747621740947
calibration,2.0,0.94,4.0,True,minute,0.5977159192925432,313.00547608849115,2221.980183175809,0.0011289205017988,1.0,0.781392251229928,0.19096021154708498,0.2325614348617788,2221.747621740947
calibration,2.0,0.94,4.0,True,native,0.5977159192925432,313.00547608849115,2221.980183175809,0.0,1.0,0.781392251229928,0.19096021154708498,0.2325614348617788,2221.747621740947
calibration,2.0,0.94,4.0,True,quarter,0.5977159192925432,313.00547608849115,2221.980183175809,0.0243837068470795,1.0,0.781392251229928,0.19096021154708498,0.2325614348617788,2221.747621740947
calibration,2.0,0.98,1.0,False,5minute,4.703966644935412e-10,313.00547608849115,2238.0591634764596,0.4291581054880236,1.0,0.5886543982079666,1.502838449895213e-10,0.4197404099918708,2237.6394230664678
calibration,2.0,0.98,1.0,False,envelope,0.1705447312860249,313.00547608849115,2237.4645212275354,2.5265345371394687e-12,1.0,1.0177437430428151,0.054486181333712344,-0.017388868181958818,2237.4819100957175
calibration,2.0,0.98,1.0,False,gross,0.17054473120670982,313.00547608849115,2237.490611904151,0.0265844013047298,1.0,0.9911593417369956,0.054486181308372496,0.009021079860208569,2237.481590824291
calibration,2.0,0.98,1.0,False,minute,0.12561075620612375,313.00547608849115,2237.593208399814,0.0849620788836127,1.0,0.932795322229676,0.04013052991143573,0.06857620180645307,2237.5246321980076
calibration,2.0,0.98,1.0,False,native,0.170544731285329,313.00547608849115,2237.464521227537,0.0,1.0,1.0177437430403111,0.05448618133349,-0.0173888681795049,2237.481910095716
calibration,2.0,0.98,1.0,False,quarter,0.7699440909636709,313.00547608849115,2238.9628229886202,0.8554137209589991,1.0,0.4680172632984418,0.24598422384980786,0.5428395272464879,2238.4199834613737
calibration,2.0,0.98,1.0,True,5minute,0.170544731285329,313.00547608849115,2237.464521227537,0.0053250801350994,1.0,1.0177437430403111,0.05448618133349,-0.0173888681795049,2237.481910095716
calibration,2.0,0.98,1.0,True,envelope,0.170544731285329,313.00547608849115,2237.464521227537,9.969802761133907e-14,1.0,1.0177437430403111,0.05448618133349,-0.0173888681795049,2237.481910095716
calibration,2.0,0.98,1.0,True,gross,0.170544731285329,313.00547608849115,2237.464521227537,0.0233884535063579,1.0,1.0177437430403111,0.05448618133349,-0.0173888681795049,2237.481910095716
calibration,2.0,0.98,1.0,True,minute,0.170544731285329,313.00547608849115,2237.464521227537,0.0010163094557691,1.0,1.0177437430403111,0.05448618133349,-0.0173888681795049,2237.481910095716
calibration,2.0,0.98,1.0,True,native,0.170544731285329,313.00547608849115,2237.464521227537,0.0,1.0,1.0177437430403111,0.05448618133349,-0.0173888681795049,2237.481910095716
calibration,2.0,0.98,1.0,True,quarter,0.170544731285329,313.00547608849115,2237.464521227537,0.0233884535063579,1.0,1.0177437430403111,0.05448618133349,-0.0173888681795049,2237.481910095716
calibration,2.0,1.0,1.0,False,5minute,0.19628614145905526,313.00547608849115,2244.6483289126304,0.0052185785325793,1.0,1.0154977206736324,0.06271013015873318,-0.01549772067363242,2244.663826633304
calibration,2.0,1.0,1.0,False,envelope,0.19628614148692028,313.00547608849115,2244.6431103340983,6.440958877362846e-12,1.0,1.0207162992071763,0.06271013016763557,-0.020716299207176325,2244.6638266333057
calibration,2.0,1.0,1.0,False,gross,0.19628614140748982,313.00547608849115,2244.669163047376,0.0260527132784165,1.0,0.9946635859256064,0.06271013014225889,0.005336414074393558,2244.6638266333016
calibration,2.0,1.0,1.0,False,minute,0.19628614148034162,313.00547608849115,2244.6441063173647,0.0009959832667532,1.0,1.0197203159413295,0.06271013016553383,-0.019720315941329503,2244.663826633306
calibration,2.0,1.0,1.0,False,native,0.1962861414847686,313.00547608849115,2244.6431103341038,0.0,1.0,1.0207162992019685,0.06271013016694817,-0.02071629920196849,2244.6638266333057
calibration,2.0,1.0,1.0,False,quarter,0.19628614140773618,313.00547608849115,2244.669163047376,0.026052713278414,1.0,0.9946635859253208,0.06271013014233759,0.005336414074679219,2244.6638266333016
calibration,2.0,1.0,1.0,True,5minute,0.1962861414847686,313.00547608849115,2244.6431103341038,0.0052185785324048,1.0,1.0207162992019685,0.06271013016694817,-0.02071629920196849,2244.6638266333057
calibration,2.0,1.0,1.0,True,envelope,0.1962861414847686,313.00547608849115,2244.6431103341038,9.969802761133907e-14,1.0,1.0207162992019685,0.06271013016694817,-0.02071629920196849,2244.6638266333057
calibration,2.0,1.0,1.0,True,gross,0.1962861414847686,313.00547608849115,2244.6431103341038,0.0229206844362386,1.0,1.0207162992019685,0.06271013016694817,-0.02071629920196849,2244.6638266333057
calibration,2.0,1.0,1.0,True,minute,0.1962861414847686,313.00547608849115,2244.6431103341038,0.0009959832666608,1.0,1.0207162992019685,0.06271013016694817,-0.02071629920196849,2244.6638266333057
calibration,2.0,1.0,1.0,True,native,0.1962861414847686,313.00547608849115,2244.6431103341038,0.0,1.0,1.0207162992019685,0.06271013016694817,-0.02071629920196849,2244.6638266333057
calibration,2.0,1.0,1.0,True,quarter,0.1962861414847686,313.00547608849115,2244.6431103341038,0.0229206844362386,1.0,1.0207162992019685,0.06271013016694817,-0.02071629920196849,2244.6638266333057
development,0.5,0.9,1.0,False,5minute,12.605186633260745,301.5071674303827,2110.989211646983,0.0757568897935461,0.2789989628107064,0.2830940132284414,4.1807253673899,-0.003685545375961502,2110.992897192359
development,0.5,0.9,1.0,False,envelope,11.08268027445198,301.5071674303827,2108.7003658742724,2.838285162454213e-13,0.2788242725491384,0.2918418860019547,3.675760138276296,-0.011715852107534692,2108.71208172638
development,0.5,0.9,1.0,False,gross,10.71619271639236,301.5071674303827,2108.1436697478966,0.0301509711155424,0.2855742106729377,0.3121641353486509,3.5542082822514343,-0.023930932208141877,2108.167600680105
development,0.5,0.9,1.0,False,minute,11.44976721118933,301.5071674303827,2109.276327114355,0.0218269962109103,0.2786514571540875,0.2895002137905921,3.7975107884733967,-0.009763880972854128,2109.286090995328
development,0.5,0.9,1.0,False,native,11.082680274451558,301.5071674303827,2108.7003658742715,0.0,0.2788242725491269,0.2918418860020361,3.6757601382761567,-0.011715852107618274,2108.712081726379
development,0.5,0.9,1.0,False,quarter,14.92913611981148,301.5071674303827,2114.1935079246764,0.1874414086649397,0.2841971445147329,0.2833668254268565,4.951502893628087,0.0009225767643071073,2114.192585347912
development,0.5,0.9,1.0,True,5minute,11.082680274451558,301.5071674303827,2108.7003658742715,0.0068851130218745,0.2788242725491269,0.2918418860020361,3.6757601382761567,-0.011715852107618274,2108.712081726379
development,0.5,0.9,1.0,True,envelope,11.082680274451558,301.5071674303827,2108.7003658742715,2.4924506902834764e-14,0.2788242725491269,0.2918418860020361,3.6757601382761567,-0.011715852107618274,2108.712081726379
development,0.5,0.9,1.0,True,gross,11.082680274451558,301.5071674303827,2108.7003658742715,0.0301509711154892,0.2788242725491269,0.2918418860020361,3.6757601382761567,-0.011715852107618274,2108.712081726379
development,0.5,0.9,1.0,True,minute,11.082680274451558,301.5071674303827,2108.7003658742715,0.0012801570709071,0.2788242725491269,0.2918418860020361,3.6757601382761567,-0.011715852107618274,2108.712081726379
development,0.5,0.9,1.0,True,native,11.082680274451558,301.5071674303827,2108.7003658742715,0.0,0.2788242725491269,0.2918418860020361,3.6757601382761567,-0.011715852107618274,2108.712081726379
development,0.5,0.9,1.0,True,quarter,11.082680274451558,301.5071674303827,2108.7003658742715,0.0301509711154892,0.2788242725491269,0.2918418860020361,3.6757601382761567,-0.011715852107618274,2108.712081726379
development,0.5,0.94,0.25,False,5minute,6.36388592951052,301.5071674303827,2120.281646087307,0.1350948943374588,0.2638406928880314,0.2264240952394555,2.110691425264352,0.039804891115506294,2120.241841196191
development,0.5,0.94,0.25,False,envelope,5.227585613862378,301.5071674303827,2118.748009813318,7.104317134576378e-13,0.2635299275192541,0.2708614428656793,1.7338180244320114,-0.006891624425639718,2118.7549014377437
development,0.5,0.94,0.25,False,gross,5.086974975712768,301.5071674303827,2118.528666104702,0.0314910142762623,0.2710870646493327,0.2718687248260194,1.6871821055090965,-0.0007347605660855338,2118.529400865268
development,0.5,0.94,0.25,False,minute,5.46987106834057,301.5071674303827,2119.137194611524,0.0487777343411546,0.2633981739081124,0.2590401316433653,1.8141761321821812,0.004636215175262835,2119.132558396349
development,0.5,0.94,0.25,False,native,5.227585613863167,301.5071674303827,2118.74800981332,0.0,0.2635299275192743,0.2708614428655128,1.733818024432273,-0.006891624425464183,2118.7549014377455
development,0.5,0.94,0.25,False,quarter,8.22989999945398,301.5071674303827,2122.467452355457,0.183805141174511,0.2689283084612787,0.1978404765112528,2.729586851813148,0.07562535313832541,2122.3918270023187
development,0.5,0.94,0.25,True,5minute,5.227585613863167,301.5071674303827,2118.74800981332,0.007191118045069,0.2635299275192743,0.2708614428655128,1.733818024432273,-0.006891624425464183,2118.7549014377455
development,0.5,0.94,0.25,True,envelope,5.227585613863167,301.5071674303827,2118.74800981332,2.3758772726978353e-14,0.2635299275192743,0.2708614428655128,1.733818024432273,-0.006891624425464183,2118.7549014377455
development,0.5,0.94,0.25,True,gross,5.227585613863167,301.5071674303827,2118.74800981332,0.0314910142761777,0.2635299275192743,0.2708614428655128,1.733818024432273,-0.006891624425464183,2118.7549014377455
development,0.5,0.94,0.25,True,minute,5.227585613863167,301.5071674303827,2118.74800981332,0.0007692158703438,0.2635299275192743,0.2708614428655128,1.733818024432273,-0.006891624425464183,2118.7549014377455
development,0.5,0.94,0.25,True,native,5.227585613863167,301.5071674303827,2118.74800981332,0.0,0.2635299275192743,0.2708614428655128,1.733818024432273,-0.006891624425464183,2118.7549014377455
development,0.5,0.94,0.25,True,quarter,5.227585613863167,301.5071674303827,2118.74800981332,0.0314910142761777,0.2635299275192743,0.2708614428655128,1.733818024432273,-0.006891624425464183,2118.7549014377455
development,0.5,0.94,4.0,False,5minute,56.27408195137682,301.5071674303827,2151.2643064075664,0.0181603989650858,0.2037769844811192,0.4352757197772704,18.66426010067252,-0.21760881117838213,2151.4819152187447
development,0.5,0.94,4.0,False,envelope,56.15647965806599,301.5071674303827,2150.752573234653,1.4327428132787645e-13,0.2037460011755592,0.4372758936649382,18.62525529215898,-0.21951809894001625,2150.972091333593
development,0.5,0.94,4.0,False,gross,55.61695134515831,301.5071674303827,2150.2730126356596,0.03091646916623,0.2080741186458909,0.4352874848125789,18.446311515297605,-0.2135805641966867,2150.486593199856
development,0.5,0.94,4.0,False,minute,56.207409802526826,301.5071674303827,2150.909443950545,0.0057588717696748,0.2037991239264846,0.4371283228908892,18.642147144148733,-0.2193294470265403,2151.128773397572
development,0.5,0.94,4.0,False,native,56.1564796580664,301.5071674303827,2150.752573234654,0.0,0.2037460011755532,0.4372758936649339,18.625255292159114,-0.21951809894001786,2150.972091333594
development,0.5,0.94,4.0,False,quarter,56.41745537380019,301.5071674303827,2151.8894192964995,0.051690696455639,0.2080393022000772,0.4346508706350995,18.711812344171502,-0.21301487432892097,2152.1024341708285
development,0.5,0.94,4.0,True,5minute,56.1564796580664,301.5071674303827,2150.752573234654,0.0059403595038429,0.2037460011755532,0.4372758936649339,18.625255292159114,-0.21951809894001786,2150.972091333594
development,0.5,0.94,4.0,True,envelope,56.1564796580664,301.5071674303827,2150.752573234654,2.4313884239290928e-14,0.2037460011755532,0.4372758936649339,18.625255292159114,-0.21951809894001786,2150.972091333594
development,0.5,0.94,4.0,True,gross,56.1564796580664,301.5071674303827,2150.752573234654,0.0308688915673409,0.2037460011755532,0.4372758936649339,18.625255292159114,-0.21951809894001786,2150.972091333594
development,0.5,0.94,4.0,True,minute,56.1564796580664,301.5071674303827,2150.752573234654,0.0018437015294274,0.2037460011755532,0.4372758936649339,18.625255292159114,-0.21951809894001786,2150.972091333594
development,0.5,0.94,4.0,True,native,56.1564796580664,301.5071674303827,2150.752573234654,0.0,0.2037460011755532,0.4372758936649339,18.625255292159114,-0.21951809894001786,2150.972091333594
development,0.5,0.94,4.0,True,quarter,56.1564796580664,301.5071674303827,2150.752573234654,0.0308688915673409,0.2037460011755532,0.4372758936649339,18.625255292159114,-0.21951809894001786,2150.972091333594
development,0.5,0.98,1.0,False,5minute,10.125586964509896,301.5071674303827,2135.584327244124,0.0273422807711008,0.2856917757775112,0.2984723124127636,3.3583238006598535,-0.012524925902547366,2135.5968521700265
development,0.5,0.98,1.0,False,envelope,9.976301131774608,301.5071674303827,2135.24820005597,2.2978841052179183e-13,0.2846540657091957,0.2983447132951518,3.308810605332662,-0.01341683463423694,2135.2616168906043
development,0.5,0.98,1.0,False,gross,9.63024612649606,301.5071674303827,2134.804542027457,0.0328310574369404,0.291959066750076,0.3204849035600864,3.1940355543022574,-0.02795532007381021,2134.832497347531
development,0.5,0.98,1.0,False,minute,10.028579450140587,301.5071674303827,2135.3534065766653,0.0069368981816386,0.2846242415945708,0.2984017636255146,3.326149602216724,-0.013501971590324967,2135.3669085482557
development,0.5,0.98,1.0,False,native,9.976301131774939,301.5071674303827,2135.2482000559694,0.0,0.2846540657091849,0.2983447132951682,3.3088106053327713,-0.013416834634263651,2135.261616890604
development,0.5,0.98,1.0,False,quarter,10.337463056430167,301.5071674303827,2135.939906851855,0.0543668488531027,0.2914319563778209,0.3150530980714242,3.4285961241094087,-0.023148718859731233,2135.963055570715
development,0.5,0.98,1.0,True,5minute,9.976301131774939,301.5071674303827,2135.2482000559694,0.0074971230682634,0.2846540657091849,0.2983447132951682,3.3088106053327713,-0.013416834634263651,2135.261616890604
development,0.5,0.98,1.0,True,envelope,9.976301131774939,301.5071674303827,2135.2482000559694,2.4980018054066022e-14,0.2846540657091849,0.2983447132951682,3.3088106053327713,-0.013416834634263651,2135.261616890604
development,0.5,0.98,1.0,True,gross,9.976301131774939,301.5071674303827,2135.2482000559694,0.0328310574368657,0.2846540657091849,0.2983447132951682,3.3088106053327713,-0.013416834634263651,2135.261616890604
development,0.5,0.98,1.0,True,minute,9.976301131774939,301.5071674303827,2135.2482000559694,0.0019326154624723,0.2846540657091849,0.2983447132951682,3.3088106053327713,-0.013416834634263651,2135.261616890604
development,0.5,0.98,1.0,True,native,9.976301131774939,301.5071674303827,2135.2482000559694,0.0,0.2846540657091849,0.2983447132951682,3.3088106053327713,-0.013416834634263651,2135.261616890604
development,0.5,0.98,1.0,True,quarter,9.976301131774939,301.5071674303827,2135.2482000559694,0.0328310574368657,0.2846540657091849,0.2983447132951682,3.3088106053327713,-0.013416834634263651,2135.261616890604
development,0.5,1.0,1.0,False,5minute,9.598634493621196,301.5071674303827,2141.384692645105,0.007650125579878,0.2873420609286919,0.3020453951245177,3.183551016523512,-0.014703334195825812,2141.399395979301
development,0.5,1.0,1.0,False,envelope,9.727103241852305,301.5071674303827,2141.5006745760948,2.9820590441431705e-13,0.2860868306525921,0.2999784401581046,3.226159870344797,-0.013891609505512492,2141.5145661856004
development,0.5,1.0,1.0,False,gross,9.38785363774765,301.5071674303827,2141.078234757276,0.0335010790172786,0.2932514923618559,0.3216046453869123,3.1136419468088707,-0.02835315302505642,2141.1065879103007
development,0.5,1.0,1.0,False,minute,9.711951170108204,301.5071674303827,2141.496294578746,0.0018900160657731,0.2860943770159928,0.3005898726474526,3.221134427044979,-0.014495495631459854,2141.5107900743774
development,0.5,1.0,1.0,False,native,9.727103241851788,301.5071674303827,2141.500674576094,0.0,0.2860868306525833,0.2999784401580547,3.2261598703446257,-0.013891609505471414,2141.5145661855995
development,0.5,1.0,1.0,False,quarter,9.38785363774768,301.5071674303827,2141.078234757276,0.03350107901728,0.2932514923618546,0.3216046453869301,3.113641946808881,-0.028353153025075517,2141.1065879103007
development,0.5,1.0,1.0,True,5minute,9.727103241851788,301.5071674303827,2141.500674576094,0.0076501255798606,0.2860868306525833,0.2999784401580547,3.2261598703446257,-0.013891609505471414,2141.5145661855995
development,0.5,1.0,1.0,True,envelope,9.727103241851788,301.5071674303827,2141.500674576094,2.4202861936828413e-14,0.2860868306525833,0.2999784401580547,3.2261598703446257,-0.013891609505471414,2141.5145661855995
development,0.5,1.0,1.0,True,gross,9.727103241851788,301.5071674303827,2141.500674576094,0.0335010790172102,0.2860868306525833,0.2999784401580547,3.2261598703446257,-0.013891609505471414,2141.5145661855995
development,0.5,1.0,1.0,True,minute,9.727103241851788,301.5071674303827,2141.500674576094,0.0018900160657711,0.2860868306525833,0.2999784401580547,3.2261598703446257,-0.013891609505471414,2141.5145661855995
development,0.5,1.0,1.0,True,native,9.727103241851788,301.5071674303827,2141.500674576094,0.0,0.2860868306525833,0.2999784401580547,3.2261598703446257,-0.013891609505471414,2141.5145661855995
development,0.5,1.0,1.0,True,quarter,9.727103241851788,301.5071674303827,2141.500674576094,0.0335010790172102,0.2860868306525833,0.2999784401580547,3.2261598703446257,-0.013891609505471414,2141.5145661855995
development,1.0,0.9,1.0,False,5minute,3.975923447609897,301.5071674303827,2102.4139681697993,0.2951359672357466,0.4848962308682745,0.4748470718982834,1.318682896162967,0.011165732188878988,2102.4028024376103
development,1.0,0.9,1.0,False,envelope,1.7825143017295149,301.5071674303827,2099.8624182206468,1.310063169057685e-12,0.5015163351849228,0.541841886002055,0.5912013027488286,-0.03629299573541896,2099.8987112163823
development,1.0,0.9,1.0,False,gross,1.6849017367972103,301.5071674303827,2099.7293124113357,0.0301509711155872,0.5065741444425418,0.5428042916213377,0.5588264289558722,-0.03260713246091632,2099.7619195437965
development,1.0,0.9,1.0,False,minute,2.3051900783642707,301.5071674303827,2100.4777641486285,0.1354915617767538,0.4865827506857408,0.5249542969235529,0.7645556482157373,-0.03453439161403087,2100.5122985402427
development,1.0,0.9,1.0,False,native,1.7825143017313174,301.5071674303827,2099.8624182206468,0.0,0.5015163351839134,0.5418418860020727,0.5912013027494266,-0.036292995736343425,2099.898711216383
development,1.0,0.9,1.0,False,quarter,7.130578509445648,301.5071674303827,2106.074445763278,0.4276612987145765,0.4835908585590828,0.3706716416856386,2.364978109879289,0.1254657965260491,2105.948979966752
development,1.0,0.9,1.0,True,5minute,1.7825143017313174,301.5071674303827,2099.8624182206468,0.0068851130218745,0.5015163351839134,0.5418418860020727,0.5912013027494266,-0.036292995736343425,2099.898711216383
development,1.0,0.9,1.0,True,envelope,1.7825143017313174,301.5071674303827,2099.8624182206468,4.9071857688431925e-14,0.5015163351839134,0.5418418860020727,0.5912013027494266,-0.036292995736343425,2099.898711216383
development,1.0,0.9,1.0,True,gross,1.7825143017313174,301.5071674303827,2099.8624182206468,0.0301509711154892,0.5015163351839134,0.5418418860020727,0.5912013027494266,-0.036292995736343425,2099.898711216383
development,1.0,0.9,1.0,True,minute,1.7825143017313174,301.5071674303827,2099.8624182206468,0.0005802979450873,0.5015163351839134,0.5418418860020727,0.5912013027494266,-0.036292995736343425,2099.898711216383
development,1.0,0.9,1.0,True,native,1.7825143017313174,301.5071674303827,2099.8624182206468,0.0,0.5015163351839134,0.5418418860020727,0.5912013027494266,-0.036292995736343425,2099.898711216383
development,1.0,0.9,1.0,True,quarter,1.7825143017313174,301.5071674303827,2099.8624182206468,0.0238827429259628,0.5015163351839134,0.5418418860020727,0.5912013027494266,-0.036292995736343425,2099.898711216383
development,1.0,0.94,0.25,False,5minute,2.3173018762908475,301.5071674303827,2116.2007967487975,0.3330994485403541,0.3900316967235585,0.4650798552867756,0.7685727327944557,-0.07054526904942408,2116.271342017847
development,1.0,0.94,0.25,False,envelope,0.7414247356154361,301.5071674303827,2114.5781640215873,1.1554091017274004e-12,0.5135299278433195,0.5208614428651573,0.24590617262411493,-0.0068916241205275505,2114.585055645708
development,1.0,0.94,0.25,False,gross,0.7019527607101504,301.5071674303827,2114.531794554801,0.0219489824607625,0.5183321639488458,0.5274769611395806,0.23281461820380428,-0.008596109359290711,2114.54039066416
development,1.0,0.94,0.25,False,minute,1.1641463656270017,301.5071674303827,2114.978692302733,0.110891577516166,0.4460747426315122,0.5057243738668603,0.3861090187502094,-0.05607065336122722,2115.0347629560943
development,1.0,0.94,0.25,False,native,0.741424735614668,301.5071674303827,2114.5781640215846,0.0,0.5135299278430351,0.5208614428655115,0.24590617262386016,-0.006891624121127835,2114.585055645706
development,1.0,0.94,0.25,False,quarter,4.4594404541161765,301.5071674303827,2118.579951859265,0.4259497176207276,0.3875701585495497,0.3804052272948982,1.47904956692144,0.007622267292182456,2118.5723295919724
development,1.0,0.94,0.25,True,5minute,0.741424735614668,301.5071674303827,2114.5781640215846,0.0054482731557613,0.5135299278430351,0.5208614428655115,0.24590617262386016,-0.006891624121127835,2114.585055645706
development,1.0,0.94,0.25,True,envelope,0.741424735614668,301.5071674303827,2114.5781640215846,4.8183679268731794e-14,0.5135299278430351,0.5208614428655115,0.24590617262386016,-0.006891624121127835,2114.585055645706
development,1.0,0.94,0.25,True,gross,0.741424735614668,301.5071674303827,2114.5781640215846,0.021948982460595,0.5135299278430351,0.5208614428655115,0.24590617262386016,-0.006891624121127835,2114.585055645706
development,1.0,0.94,0.25,True,minute,0.741424735614668,301.5071674303827,2114.5781640215846,0.0006177636121962,0.5135299278430351,0.5208614428655115,0.24590617262386016,-0.006891624121127835,2114.585055645706
development,1.0,0.94,0.25,True,native,0.741424735614668,301.5071674303827,2114.5781640215846,0.0,0.5135299278430351,0.5208614428655115,0.24590617262386016,-0.006891624121127835,2114.585055645706
development,1.0,0.94,0.25,True,quarter,0.741424735614668,301.5071674303827,2114.5781640215846,0.0193941209021816,0.5135299278430351,0.5208614428655115,0.24590617262386016,-0.006891624121127835,2114.585055645706
development,1.0,0.94,4.0,False,5minute,14.453906065663855,301.5071674303827,2124.309886952136,0.0676538295744974,0.3231627829223299,0.7294809147842997,4.793884732110466,-0.3819390439502515,2124.691825996086
development,1.0,0.94,4.0,False,envelope,13.943755097495453,301.5071674303827,2123.3356928216936,5.123679258645097e-13,0.3228900038003079,0.7480176670876599,4.624684453219518,-0.3996200034901109,2123.735312825184
development,1.0,0.94,4.0,False,gross,13.642183705786264,301.5071674303827,2123.0980284838206,0.020913241030585,0.3268739254217598,0.7594624734963555,4.5246631521408895,-0.40663323519011996,2123.5046617190105
development,1.0,0.94,4.0,False,minute,14.080279176618667,301.5071674303827,2123.5888263917864,0.0209580183752238,0.3228608001772623,0.7426384559367967,4.669964995067578,-0.3945909964139623,2123.9834173882005
development,1.0,0.94,4.0,False,native,13.94375509749651,301.5071674303827,2123.335692821695,0.0,0.3228900038003098,0.7480176670876941,4.624684453219869,-0.39962000349014126,2123.7353128251852
development,1.0,0.94,4.0,False,quarter,15.101046638471828,301.5071674303827,2125.6459171361953,0.1442636346577453,0.3263827153206881,0.7069585281245059,5.0085199523353365,-0.3577412640355887,2126.003658400231
development,1.0,0.94,4.0,True,5minute,13.94375509749651,301.5071674303827,2123.335692821695,0.0053381529670116,0.3228900038003098,0.7480176670876941,4.624684453219869,-0.39962000349014126,2123.7353128251852
development,1.0,0.94,4.0,True,envelope,13.94375509749651,301.5071674303827,2123.335692821695,4.9626969200744504e-14,0.3228900038003098,0.7480176670876941,4.624684453219869,-0.39962000349014126,2123.7353128251852
development,1.0,0.94,4.0,True,gross,13.94375509749651,301.5071674303827,2123.335692821695,0.0177618161882594,0.3228900038003098,0.7480176670876941,4.624684453219869,-0.39962000349014126,2123.7353128251852
development,1.0,0.94,4.0,True,minute,13.94375509749651,301.5071674303827,2123.335692821695,0.0010374046112133,0.3228900038003098,0.7480176670876941,4.624684453219869,-0.39962000349014126,2123.7353128251852
development,1.0,0.94,4.0,True,native,13.94375509749651,301.5071674303827,2123.335692821695,0.0,0.3228900038003098,0.7480176670876941,4.624684453219869,-0.39962000349014126,2123.7353128251852
development,1.0,0.94,4.0,True,quarter,13.94375509749651,301.5071674303827,2123.335692821695,0.0178769753141697,0.3228900038003098,0.7480176670876941,4.624684453219869,-0.39962000349014126,2123.7353128251852
development,1.0,0.98,1.0,False,5minute,1.690313043177684,301.5071674303827,2129.2938209260815,0.1001130391922377,0.4682839474229062,0.5342540507758536,0.5606211811093922,-0.0646507012858885,2129.358471627367
development,1.0,0.98,1.0,False,envelope,1.2513697600569158,301.5071674303827,2128.84545319109,1.0184630916398874e-12,0.5177437430407242,0.5483447132955078,0.4150381467617529,-0.029988950849687918,2128.87544214194
development,1.0,0.98,1.0,False,gross,1.1763913920066624,301.5071674303827,2128.747415594556,0.0210531056261376,0.5223095864829687,0.5552419407418804,0.39017029082013066,-0.032273707173733485,2128.77968930173
development,1.0,0.98,1.0,False,minute,1.369507633075247,301.5071674303827,2128.9598908911335,0.0243630831192179,0.4993773904970394,0.5444707577615364,0.4542205894297564,-0.04419149991920709,2129.0040823910526
development,1.0,0.98,1.0,False,native,1.2513697600601814,301.5071674303827,2128.845453191091,0.0,0.517743743040313,0.5483447132951997,0.415038146762836,-0.029988950849788993,2128.8754421419408
development,1.0,0.98,1.0,False,quarter,2.2458878919113316,301.5071674303827,2129.9404191405833,0.2313773442537902,0.4680172632984415,0.5152583327759643,0.7448870655553825,-0.046296248087972364,2129.986715388671
development,1.0,0.98,1.0,True,5minute,1.2513697600601814,301.5071674303827,2128.845453191091,0.0074971230682634,0.517743743040313,0.5483447132951997,0.415038146762836,-0.029988950849788993,2128.8754421419408
development,1.0,0.98,1.0,True,envelope,1.2513697600601814,301.5071674303827,2128.845453191091,4.9849013805669535e-14,0.517743743040313,0.5483447132951997,0.415038146762836,-0.029988950849788993,2128.8754421419408
development,1.0,0.98,1.0,True,gross,1.2513697600601814,301.5071674303827,2128.845453191091,0.0210531056254685,0.517743743040313,0.5483447132951997,0.415038146762836,-0.029988950849788993,2128.8754421419408
development,1.0,0.98,1.0,True,minute,1.2513697600601814,301.5071674303827,2128.845453191091,0.0006547631221355,0.517743743040313,0.5483447132951997,0.415038146762836,-0.029988950849788993,2128.8754421419408
development,1.0,0.98,1.0,True,native,1.2513697600601814,301.5071674303827,2128.845453191091,0.0,0.517743743040313,0.5483447132951997,0.415038146762836,-0.029988950849788993,2128.8754421419408
development,1.0,0.98,1.0,True,quarter,1.2513697600601814,301.5071674303827,2128.845453191091,0.0202194026426999,0.517743743040313,0.5483447132951997,0.415038146762836,-0.029988950849788993,2128.8754421419408
development,1.0,1.0,1.0,False,5minute,1.1152156479658728,301.5071674303827,2135.60336588224,0.0076501255803262,0.5207956079008103,0.5520653375635195,0.36988031079671546,-0.031269729662709245,2135.6346356119025
development,1.0,1.0,1.0,False,envelope,1.1431114191115253,301.5071674303827,2135.6407227791515,7.188138972935576e-13,0.5207162992018528,0.5499784401580167,0.3791324195884886,-0.029262140956163862,2135.6699849201077
development,1.0,1.0,1.0,False,gross,1.076640876072538,301.5071674303827,2135.554104882147,0.0206320435131336,0.5251704197276061,0.5570165192862243,0.3570863290741278,-0.03184609955861817,2135.5859509817055
development,1.0,1.0,1.0,False,minute,1.1418282729747735,301.5071674303827,2135.6382854926374,0.0006731055491041,0.520795607900748,0.5501721922851107,0.3787068422638473,-0.029376584384362747,2135.6676620770218
development,1.0,1.0,1.0,False,native,1.1431114191102276,301.5071674303827,2135.6407227791506,0.0,0.5207162992019481,0.5499784401579881,0.37913241958805816,-0.029262140956040072,2135.669984920107
development,1.0,1.0,1.0,False,quarter,1.0766408760725237,301.5071674303827,2135.554104882147,0.020632043513128,0.5251704197275842,0.5570165192862283,0.3570863290741231,-0.03184609955864415,2135.5859509817055
development,1.0,1.0,1.0,True,5minute,1.1431114191102276,301.5071674303827,2135.6407227791506,0.0076501255798606,0.5207162992019481,0.5499784401579881,0.37913241958805816,-0.029262140956040072,2135.669984920107
development,1.0,1.0,1.0,True,envelope,1.1431114191102276,301.5071674303827,2135.6407227791506,4.8405723873656825e-14,0.5207162992019481,0.5499784401579881,0.37913241958805816,-0.029262140956040072,2135.669984920107
development,1.0,1.0,1.0,True,gross,1.1431114191102276,301.5071674303827,2135.6407227791506,0.0206320435129593,0.5207162992019481,0.5499784401579881,0.37913241958805816,-0.029262140956040072,2135.669984920107
development,1.0,1.0,1.0,True,minute,1.1431114191102276,301.5071674303827,2135.6407227791506,0.000673105549061,0.5207162992019481,0.5499784401579881,0.37913241958805816,-0.029262140956040072,2135.669984920107
development,1.0,1.0,1.0,True,native,1.1431114191102276,301.5071674303827,2135.6407227791506,0.0,0.5207162992019481,0.5499784401579881,0.37913241958805816,-0.029262140956040072,2135.669984920107
development,1.0,1.0,1.0,True,quarter,1.1431114191102276,301.5071674303827,2135.6407227791506,0.0206320435129592,0.5207162992019481,0.5499784401579881,0.37913241958805816,-0.029262140956040072,2135.669984920107
development,2.0,0.9,1.0,False,5minute,2.5120870894320015,301.5071674303827,2100.379465619808,0.795135967235746,0.484896230868274,0.7340599993549746,0.8331765744879138,-0.22424739163803054,2100.603713011446
development,2.0,0.9,1.0,False,envelope,6.035943261301992e-10,301.5071674303827,2097.7491457353553,7.589373574035108e-12,1.001516335179811,1.0418418859950862,2.001923640072562e-10,-0.036292995733747606,2097.785438731089
development,2.0,0.9,1.0,False,gross,5.266274322921617e-10,301.5071674303827,2097.7491457353553,0.0242375101114549,0.977278825076331,1.0176043758911402,1.74664979536103e-10,-0.03629299573332824,2097.7854387310886
development,2.0,0.9,1.0,False,minute,0.7778374152512493,301.5071674303827,2098.374431252307,0.5600100692354378,0.5109616612567683,0.8015188018371873,0.2579830595340159,-0.26150142652237707,2098.6359326788297
development,2.0,0.9,1.0,False,native,6.04245159254152e-10,301.5071674303827,2097.749145735353,0.0,1.0015163351838965,1.0418418860020977,2.0040822392511476e-10,-0.036292995736381096,2097.7854387310895
development,2.0,0.9,1.0,False,quarter,5.762303244843195,301.5071674303827,2104.1853707574987,0.897044792293535,0.4835908585590828,0.60287073025339,1.911166256494946,-0.10735188452487648,2104.292722642024
development,2.0,0.9,1.0,True,5minute,6.04245159254152e-10,301.5071674303827,2097.749145735353,0.0038386184578544,1.0015163351838965,1.0418418860020977,2.0040822392511476e-10,-0.036292995736381096,2097.7854387310895
development,2.0,0.9,1.0,True,envelope,6.04245159254152e-10,301.5071674303827,2097.749145735353,9.969802761133907e-14,1.0015163351838965,1.0418418860020977,2.0040822392511476e-10,-0.036292995736381096,2097.7854387310895
development,2.0,0.9,1.0,True,gross,6.04245159254152e-10,301.5071674303827,2097.749145735353,9.969802761133907e-14,1.0015163351838965,1.0418418860020977,2.0040822392511476e-10,-0.036292995736381096,2097.7854387310895
development,2.0,0.9,1.0,True,minute,6.04245159254152e-10,301.5071674303827,2097.749145735353,0.0005482995116228,1.0015163351838965,1.0418418860020977,2.0040822392511476e-10,-0.036292995736381096,2097.7854387310895
development,2.0,0.9,1.0,True,native,6.04245159254152e-10,301.5071674303827,2097.749145735353,0.0,1.0015163351838965,1.0418418860020977,2.0040822392511476e-10,-0.036292995736381096,2097.7854387310895
development,2.0,0.9,1.0,True,quarter,6.04245159254152e-10,301.5071674303827,2097.749145735353,0.0131950805588783,1.0015163351838965,1.0418418860020977,2.0040822392511476e-10,-0.036292995736381096,2097.7854387310895
development,2.0,0.94,0.25,False,5minute,1.7422889848422751,301.5071674303827,2115.3926606816885,0.8330994485404007,0.3900316967235587,0.6182192232982779,0.5778598895976711,-0.21449627498023607,2115.607156956669
development,2.0,0.94,0.25,False,envelope,6.246275567045036e-10,301.5071674303827,2113.744724342812,2.031241841393694e-11,1.0135299278313052,1.0208614428465197,2.0716839404778944e-10,-0.006891624114301584,2113.7516159669262
development,2.0,0.94,0.25,False,gross,4.751464435980218e-10,301.5071674303827,2113.744724342812,0.0256478350998176,0.9878820927540936,0.9952136077667084,1.5759043065128195e-10,-0.006891624111857972,2113.7516159669235
development,2.0,0.94,0.25,False,minute,0.42847854074199243,301.5071674303827,2114.148941791116,0.5413231409937765,0.6007213486972336,0.6630147076082634,0.14211222386311168,-0.058555757376368034,2114.2074975484925
development,2.0,0.94,0.25,False,native,6.232819051755754e-10,301.5071674303827,2113.7447243428023,0.0,1.013529927843069,1.0208614428655118,2.067220857426183e-10,-0.006891624121096318,2113.7516159669235
development,2.0,0.94,0.25,False,quarter,3.9235598027069534,301.5071674303827,2117.823038322395,0.9259497176207264,0.3875701585495497,0.5268813119719443,1.3013155992760583,-0.13095248421705094,2117.953990806612
development,2.0,0.94,0.25,True,5minute,6.232819051755754e-10,301.5071674303827,2113.7447243428023,0.0022515882958868,1.013529927843069,1.0208614428655118,2.067220857426183e-10,-0.006891624121096318,2113.7516159669235
development,2.0,0.94,0.25,True,envelope,6.232819051755754e-10,301.5071674303827,2113.7447243428023,9.248157795127555e-14,1.013529927843069,1.0208614428655118,2.067220857426183e-10,-0.006891624121096318,2113.7516159669235
development,2.0,0.94,0.25,True,gross,6.232819051755754e-10,301.5071674303827,2113.7447243428023,9.248157795127555e-14,1.013529927843069,1.0208614428655118,2.067220857426183e-10,-0.006891624121096318,2113.7516159669235
development,2.0,0.94,0.25,True,minute,6.232819051755754e-10,301.5071674303827,2113.7447243428023,0.0003470711312174,1.013529927843069,1.0208614428655118,2.067220857426183e-10,-0.006891624121096318,2113.7516159669235
development,2.0,0.94,0.25,True,native,6.232819051755754e-10,301.5071674303827,2113.7447243428023,0.0,1.013529927843069,1.0208614428655118,2.067220857426183e-10,-0.006891624121096318,2113.7516159669235
development,2.0,0.94,0.25,True,quarter,6.232819051755754e-10,301.5071674303827,2113.7447243428023,0.0065899666645017,1.013529927843069,1.0208614428655118,2.067220857426183e-10,-0.006891624121096318,2113.7516159669235
development,2.0,0.94,4.0,False,5minute,1.8429617281742572,301.5071674303827,2113.7993304745405,0.4704675029129092,0.4203449162540074,1.1979521431018816,0.6112497238062483,-0.7309507932370017,2114.5302812677774
development,2.0,0.94,4.0,False,envelope,0.41457390661787563,301.5071674303827,2112.5732572839493,4.430678046674075e-12,0.7813922512322157,1.2480176670896006,0.1375005145486632,-0.4386278909059418,2113.0118851748553
development,2.0,0.94,4.0,False,gross,0.4142692388701686,301.5071674303827,2112.5410529847954,0.0232106853162636,0.7581815659142014,1.2554647370176495,0.1373994662882508,-0.4674461808372412,2113.0084991656327
development,2.0,0.94,4.0,False,minute,0.7909510608166185,301.5071674303827,2112.8730363251834,0.2195367015647795,0.6567212365371919,1.2285826761461127,0.2623324239876477,-0.5375497532323855,2113.4105860784157
development,2.0,0.94,4.0,False,native,0.4145739066212619,301.5071674303827,2112.573257283953,0.0,0.781392251229928,1.2480176670878884,0.13750051454978632,-0.4386278909064828,2113.0118851748593
development,2.0,0.94,4.0,False,quarter,3.403153969451363,301.5071674303827,2115.4885544040258,0.6442636346577447,0.36823081207113,1.1389076206925222,1.1287141192877754,-0.7244362001041086,2116.21299060413
development,2.0,0.94,4.0,True,5minute,0.4145739066212619,301.5071674303827,2112.573257283953,0.0032343673292053,0.781392251229928,1.2480176670878884,0.13750051454978632,-0.4386278909064828,2113.0118851748593
development,2.0,0.94,4.0,True,envelope,0.4145739066212619,301.5071674303827,2112.573257283953,9.547918011776346e-14,0.781392251229928,1.2480176670878884,0.13750051454978632,-0.4386278909064828,2113.0118851748593
development,2.0,0.94,4.0,True,gross,0.4145739066212619,301.5071674303827,2112.573257283953,0.021948982460595,0.781392251229928,1.2480176670878884,0.13750051454978632,-0.4386278909064828,2113.0118851748593
development,2.0,0.94,4.0,True,minute,0.4145739066212619,301.5071674303827,2112.573257283953,0.000306839013636,0.781392251229928,1.2480176670878884,0.13750051454978632,-0.4386278909064828,2113.0118851748593
development,2.0,0.94,4.0,True,native,0.4145739066212619,301.5071674303827,2112.573257283953,0.0,0.781392251229928,1.2480176670878884,0.13750051454978632,-0.4386278909064828,2113.0118851748593
development,2.0,0.94,4.0,True,quarter,0.4145739066212619,301.5071674303827,2112.573257283953,0.0193941209021816,0.781392251229928,1.2480176670878884,0.13750051454978632,-0.4386278909064828,2113.0118851748593
development,2.0,0.98,1.0,False,5minute,0.5971970296450476,301.5071674303827,2128.145213872241,0.5532825428494393,0.5886543982079666,0.7377505346481603,0.19807059140076297,-0.14611421371138983,2128.2913280859525
development,2.0,0.98,1.0,False,envelope,6.100110944858489e-10,301.5071674303827,2127.6528820753915,5.572875494408436e-12,1.0177437430428151,1.0483447132962271,2.0232059479206214e-10,-0.029988950848343777,2127.68287102624
development,2.0,0.98,1.0,False,gross,5.236119215558685e-10,301.5071674303827,2127.6528820753915,0.0265844013032938,0.9911593417369956,1.0217603119926293,1.736648339136977e-10,-0.02998895085052101,2127.682871026242
development,2.0,0.98,1.0,False,minute,4.503133237603736e-10,301.5071674303827,2127.7711980988092,0.2029761388319665,0.932795322229676,0.8454203203146956,1.4935410245739842e-10,0.08915816521936773,2127.6820399335897
development,2.0,0.98,1.0,False,native,6.106929510411598e-10,301.5071674303827,2127.652882075391,0.0,1.0177437430403111,1.0483447132951331,2.0254674416062343e-10,-0.02998895084972556,2127.6828710262407
development,2.0,0.98,1.0,False,quarter,1.3878226344021314,301.5071674303827,2128.8579497446003,0.7313773442537939,0.4680172632984418,0.7131245350446412,0.46029507232944183,-0.24020512631127547,2129.0981548709115
development,2.0,0.98,1.0,True,5minute,6.106929510411598e-10,301.5071674303827,2127.652882075391,0.0007133558960946,1.0177437430403111,1.0483447132951331,2.0254674416062343e-10,-0.02998895084972556,2127.6828710262407
development,2.0,0.98,1.0,True,envelope,6.106929510411598e-10,301.5071674303827,2127.652882075391,9.992007221626409e-14,1.0177437430403111,1.0483447132951331,2.0254674416062343e-10,-0.02998895084972556,2127.6828710262407
development,2.0,0.98,1.0,True,gross,6.106929510411598e-10,301.5071674303827,2127.652882075391,9.992007221626409e-14,1.0177437430403111,1.0483447132951331,2.0254674416062343e-10,-0.02998895084972556,2127.6828710262407
development,2.0,0.98,1.0,True,minute,6.106929510411598e-10,301.5071674303827,2127.652882075391,0.0001090187743433,1.0177437430403111,1.0483447132951331,2.0254674416062343e-10,-0.02998895084972556,2127.6828710262407
development,2.0,0.98,1.0,True,native,6.106929510411598e-10,301.5071674303827,2127.652882075391,0.0,1.0177437430403111,1.0483447132951331,2.0254674416062343e-10,-0.02998895084972556,2127.6828710262407
development,2.0,0.98,1.0,True,quarter,6.106929510411598e-10,301.5071674303827,2127.652882075391,0.0025016369668313,1.0177437430403111,1.0483447132951331,2.0254674416062343e-10,-0.02998895084972556,2127.6828710262407
development,2.0,1.0,1.0,False,5minute,5.814075963830727e-10,301.5071674303827,2134.6170007686997,0.0052185785293024,1.0154977206736324,1.0447598616303413,1.9283375627125622e-10,-0.02926214095670887,2134.6462629096563
development,2.0,1.0,1.0,False,envelope,6.130222777017632e-10,301.5071674303827,2134.6170007686997,7.458478279431802e-12,1.0207162992071763,1.0499784401644412,2.0331930511844584e-10,-0.02926214095726487,2134.646262909657
development,2.0,1.0,1.0,False,gross,5.254851224215387e-10,301.5071674303827,2134.6170007686997,0.0260527132781114,0.9946635859256064,1.0239257268809387,1.742861129637563e-10,-0.029262140955332305,2134.646262909655
development,2.0,1.0,1.0,False,minute,6.0617509331793e-10,301.5071674303827,2134.6170007686997,0.0009959832620372,1.0197203159413295,1.0489824568977044,2.0104831950898624e-10,-0.029262140956374916,2134.646262909656
development,2.0,1.0,1.0,False,native,6.134221532142814e-10,301.5071674303827,2134.6170007686983,0.0,1.0207162992019685,1.0499784401579837,2.0345193065963153e-10,-0.029262140956015203,2134.6462629096545
development,2.0,1.0,1.0,False,quarter,5.254843514274271e-10,301.5071674303827,2134.6170007686997,0.0260527132782322,0.9946635859253208,1.023925726880804,1.7428585725039528e-10,-0.029262140955483185,2134.646262909655
development,2.0,1.0,1.0,True,5minute,6.134221532142814e-10,301.5071674303827,2134.6170007686983,9.992007221626409e-14,1.0207162992019685,1.0499784401579837,2.0345193065963153e-10,-0.029262140956015203,2134.6462629096545
development,2.0,1.0,1.0,True,envelope,6.134221532142814e-10,301.5071674303827,2134.6170007686983,9.969802761133907e-14,1.0207162992019685,1.0499784401579837,2.0345193065963153e-10,-0.029262140956015203,2134.6462629096545
development,2.0,1.0,1.0,True,gross,6.134221532142814e-10,301.5071674303827,2134.6170007686983,9.969802761133907e-14,1.0207162992019685,1.0499784401579837,2.0345193065963153e-10,-0.029262140956015203,2134.6462629096545
development,2.0,1.0,1.0,True,minute,6.134221532142814e-10,301.5071674303827,2134.6170007686983,9.992007221626409e-14,1.0207162992019685,1.0499784401579837,2.0345193065963153e-10,-0.029262140956015203,2134.6462629096545
development,2.0,1.0,1.0,True,native,6.134221532142814e-10,301.5071674303827,2134.6170007686983,0.0,1.0207162992019685,1.0499784401579837,2.0345193065963153e-10,-0.029262140956015203,2134.6462629096545
development,2.0,1.0,1.0,True,quarter,6.134221532142814e-10,301.5071674303827,2134.6170007686983,9.969802761133907e-14,1.0207162992019685,1.0499784401579837,2.0345193065963153e-10,-0.029262140956015203,2134.6462629096545
evaluation,0.5,0.9,1.0,False,5minute,13.136679557332965,436.8222882035208,2516.775913689729,0.1244382979596873,0.2830940132284414,0.1878201166170295,3.007328131391598,0.10585988512379102,2516.6700538046052
evaluation,0.5,0.9,1.0,False,envelope,11.841977880625599,436.8222882035208,2513.2914436628985,2.2526425169644426e-13,0.2918418860019547,0.1986505869940095,2.7109371935500413,0.10354588778660578,2513.1878977751117
evaluation,0.5,0.9,1.0,False,gross,11.26573216630258,436.8222882035208,2512.87748128725,0.0361747647264136,0.3121641353486509,0.2072710911047304,2.5790195396471476,0.11654782693768942,2512.760933460312
evaluation,0.5,0.9,1.0,False,minute,11.979528167368192,436.8222882035208,2514.077414513464,0.0400536446867638,0.2895002137905921,0.1953260208450181,2.7424260370585265,0.10463799216174888,2513.9727765213024
evaluation,0.5,0.9,1.0,False,native,11.84197788062588,436.8222882035208,2513.2914436628994,0.0,0.2918418860020361,0.1986505869940479,2.710937193550105,0.10354588778665355,2513.1878977751126
evaluation,0.5,0.9,1.0,False,quarter,16.637379364545414,436.8222882035208,2522.399775523874,0.2434288476721155,0.2833668254268565,0.1671546092030985,3.8087295025554777,0.12912468469306443,2522.2706508391807
evaluation,0.5,0.9,1.0,True,5minute,11.84197788062588,436.8222882035208,2513.2914436628994,0.0132030575970418,0.2918418860020361,0.1986505869940479,2.710937193550105,0.10354588778665355,2513.1878977751126
evaluation,0.5,0.9,1.0,True,envelope,11.84197788062588,436.8222882035208,2513.2914436628994,2.475797344914099e-14,0.2918418860020361,0.1986505869940479,2.710937193550105,0.10354588778665355,2513.1878977751126
evaluation,0.5,0.9,1.0,True,gross,11.84197788062588,436.8222882035208,2513.2914436628994,0.0361747647264101,0.2918418860020361,0.1986505869940479,2.710937193550105,0.10354588778665355,2513.1878977751126
evaluation,0.5,0.9,1.0,True,minute,11.84197788062588,436.8222882035208,2513.2914436628994,0.0013814213089815,0.2918418860020361,0.1986505869940479,2.710937193550105,0.10354588778665355,2513.1878977751126
evaluation,0.5,0.9,1.0,True,native,11.84197788062588,436.8222882035208,2513.2914436628994,0.0,0.2918418860020361,0.1986505869940479,2.710937193550105,0.10354588778665355,2513.1878977751126
evaluation,0.5,0.9,1.0,True,quarter,11.84197788062588,436.8222882035208,2513.2914436628994,0.0361747647264101,0.2918418860020361,0.1986505869940479,2.710937193550105,0.10354588778665355,2513.1878977751126
evaluation,0.5,0.94,0.25,False,5minute,5.926849762693791,436.8222882035208,2532.7045407603414,0.1725407193062921,0.2264240952394555,0.2199192899939366,1.3568102916791642,0.00692000558033927,2532.697620754761
evaluation,0.5,0.94,0.25,False,envelope,5.146905318383034,436.8222882035208,2530.430001704209,3.6243230638888245e-13,0.2708614428656793,0.2326169923162951,1.1782606925920016,0.040685585690834275,2530.3893161185183
evaluation,0.5,0.94,0.25,False,gross,5.070628435585947,436.8222882035208,2530.3003877720453,0.0334484136281802,0.2718687248260194,0.2430832484695956,1.1607989272798918,0.03062284718768494,2530.2697649248576
evaluation,0.5,0.94,0.25,False,minute,5.148949356705713,436.8222882035208,2530.9736223447767,0.0594970808280877,0.2590401316433653,0.2294657571356657,1.1787286262066268,0.03146210054010598,2530.9421602442367
evaluation,0.5,0.94,0.25,False,native,5.146905318384737,436.8222882035208,2530.430001704209,0.0,0.2708614428655128,0.232616992316316,1.1782606925923915,0.04068558569063488,2530.3893161185188
evaluation,0.5,0.94,0.25,False,quarter,9.135707206955274,436.8222882035208,2536.686142553319,0.2178906181628209,0.1978404765112528,0.2000254400162389,2.091401344131698,-0.002053865694686927,2536.6881964190134
evaluation,0.5,0.94,0.25,True,5minute,5.146905318384737,436.8222882035208,2530.430001704209,0.0131481041038276,0.2708614428655128,0.232616992316316,1.1782606925923915,0.04068558569063488,2530.3893161185188
evaluation,0.5,0.94,0.25,True,envelope,5.146905318384737,436.8222882035208,2530.430001704209,2.3148150063434517e-14,0.2708614428655128,0.232616992316316,1.1782606925923915,0.04068558569063488,2530.3893161185188
evaluation,0.5,0.94,0.25,True,gross,5.146905318384737,436.8222882035208,2530.430001704209,0.0244641089380261,0.2708614428655128,0.232616992316316,1.1782606925923915,0.04068558569063488,2530.3893161185188
evaluation,0.5,0.94,0.25,True,minute,5.146905318384737,436.8222882035208,2530.430001704209,0.0009611234530619,0.2708614428655128,0.232616992316316,1.1782606925923915,0.04068558569063488,2530.3893161185188
evaluation,0.5,0.94,0.25,True,native,5.146905318384737,436.8222882035208,2530.430001704209,0.0,0.2708614428655128,0.232616992316316,1.1782606925923915,0.04068558569063488,2530.3893161185188
evaluation,0.5,0.94,0.25,True,quarter,5.146905318384737,436.8222882035208,2530.430001704209,0.0271476439331587,0.2708614428655128,0.232616992316316,1.1782606925923915,0.04068558569063488,2530.3893161185188
evaluation,0.5,0.94,4.0,False,5minute,78.45379461354665,436.8222882035208,2535.459669069966,0.0216118931619591,0.4352757197772704,0.1033422184502589,17.960117130514657,0.35312074609256544,2535.1065483238735
evaluation,0.5,0.94,4.0,False,envelope,78.61660012621284,436.8222882035208,2534.6074866612257,1.6608936448392344e-13,0.4372758936649382,0.1064462015917361,17.99738755307843,0.35194648092893843,2534.255540180297
evaluation,0.5,0.94,4.0,False,gross,77.92203974003914,436.8222882035208,2534.6565304804667,0.0411605823363918,0.4352874848125789,0.1056567618201154,17.838384588959965,0.35067098190687607,2534.30585949856
evaluation,0.5,0.94,4.0,False,minute,78.58677292080007,436.8222882035208,2534.820466678932,0.0061775276333876,0.4371283228908892,0.1059324179828085,17.990559328828372,0.3523360690511497,2534.468130609881
evaluation,0.5,0.94,4.0,False,native,78.61660012621347,436.8222882035208,2534.6074866612257,0.0,0.4372758936649339,0.1064462015917213,17.997387553078575,0.3519464809289496,2534.255540180297
evaluation,0.5,0.94,4.0,False,quarter,77.9959666378451,436.8222882035208,2537.0488046790756,0.071955795550041,0.4346508706350995,0.1005113549154826,17.855308381495824,0.355467569914486,2536.693337109161
evaluation,0.5,0.94,4.0,True,5minute,78.61660012621347,436.8222882035208,2534.6074866612257,0.0089983951463132,0.4372758936649339,0.1064462015917213,17.997387553078575,0.3519464809289496,2534.255540180297
evaluation,0.5,0.94,4.0,True,envelope,78.61660012621347,436.8222882035208,2534.6074866612257,2.4535928844215963e-14,0.4372758936649339,0.1064462015917213,17.997387553078575,0.3519464809289496,2534.255540180297
evaluation,0.5,0.94,4.0,True,gross,78.61660012621347,436.8222882035208,2534.6074866612257,0.0411605823363833,0.4372758936649339,0.1064462015917213,17.997387553078575,0.3519464809289496,2534.255540180297
evaluation,0.5,0.94,4.0,True,minute,78.61660012621347,436.8222882035208,2534.6074866612257,0.0011221384959047,0.4372758936649339,0.1064462015917213,17.997387553078575,0.3519464809289496,2534.255540180297
evaluation,0.5,0.94,4.0,True,native,78.61660012621347,436.8222882035208,2534.6074866612257,0.0,0.4372758936649339,0.1064462015917213,17.997387553078575,0.3519464809289496,2534.255540180297
evaluation,0.5,0.94,4.0,True,quarter,78.61660012621347,436.8222882035208,2534.6074866612257,0.0465828229248335,0.4372758936649339,0.1064462015917213,17.997387553078575,0.3519464809289496,2534.255540180297
evaluation,0.5,0.98,1.0,False,5minute,11.328193807017154,436.8222882035208,2550.578833434203,0.0319536101970898,0.2984723124127636,0.2091695047378764,2.593318636190837,0.09112531395396654,2550.487708120249
evaluation,0.5,0.98,1.0,False,envelope,11.482195722286143,436.8222882035208,2549.8994879331653,2.536790222329444e-13,0.2983447132951518,0.206479492328059,2.6285736859966375,0.09374002139499261,2549.80574791177
evaluation,0.5,0.98,1.0,False,gross,10.962425926006464,436.8222882035208,2549.7314034884607,0.0349506835884671,0.3204849035600864,0.2169003704986682,2.509584840803484,0.10569850312389613,2549.625704985337
evaluation,0.5,0.98,1.0,False,minute,11.457724565753397,436.8222882035208,2550.055759044106,0.0068915255451595,0.2984017636255146,0.2058412586103105,2.622971600848147,0.09444949491347361,2549.9613095491923
evaluation,0.5,0.98,1.0,False,native,11.482195722286091,436.8222882035208,2549.899487933166,0.0,0.2983447132951682,0.2064794923280833,2.628573685996626,0.09374002139498461,2549.8057479117706
evaluation,0.5,0.98,1.0,False,quarter,11.266962174787004,436.8222882035208,2551.554769698394,0.0775083545987522,0.3150530980714242,0.2069539350173085,2.579301120628165,0.11030526842256702,2551.4444644299715
evaluation,0.5,0.98,1.0,True,5minute,11.482195722286091,436.8222882035208,2549.899487933166,0.0121587819443374,0.2983447132951682,0.2064794923280833,2.628573685996626,0.09374002139498461,2549.8057479117706
evaluation,0.5,0.98,1.0,True,envelope,11.482195722286091,436.8222882035208,2549.899487933166,2.4702462297909733e-14,0.2983447132951682,0.2064794923280833,2.628573685996626,0.09374002139498461,2549.8057479117706
evaluation,0.5,0.98,1.0,True,gross,11.482195722286091,436.8222882035208,2549.899487933166,0.033221722707926,0.2983447132951682,0.2064794923280833,2.628573685996626,0.09374002139498461,2549.8057479117706
evaluation,0.5,0.98,1.0,True,minute,11.482195722286091,436.8222882035208,2549.899487933166,0.0011571624342791,0.2983447132951682,0.2064794923280833,2.628573685996626,0.09374002139498461,2549.8057479117706
evaluation,0.5,0.98,1.0,True,native,11.482195722286091,436.8222882035208,2549.899487933166,0.0,0.2983447132951682,0.2064794923280833,2.628573685996626,0.09374002139498461,2549.8057479117706
evaluation,0.5,0.98,1.0,True,quarter,11.482195722286091,436.8222882035208,2549.899487933166,0.033221722707926,0.2983447132951682,0.2064794923280833,2.628573685996626,0.09374002139498461,2549.8057479117706
evaluation,0.5,1.0,1.0,False,5minute,11.29784638054033,436.8222882035208,2558.5783784196556,0.0121678308550126,0.3020453951245177,0.2123614189709883,2.586371319788638,0.08968397615352941,2558.488694443502
evaluation,0.5,1.0,1.0,False,envelope,11.438056458124196,436.8222882035208,2558.567644630549,2.867428516850623e-13,0.2999784401581046,0.2082227893093639,2.618469058702212,0.09175565084874071,2558.4758889797
evaluation,0.5,1.0,1.0,False,gross,10.947341252415946,436.8222882035208,2558.4651901689617,0.0352788503665936,0.3216046453869123,0.2184352499165646,2.506131566097068,0.1031693954703477,2558.362020773491
evaluation,0.5,1.0,1.0,False,minute,11.422418970278535,436.8222882035208,2558.5728284812785,0.0011052512620516,0.3005898726474526,0.2082728475445174,2.6148892304132367,0.09231702510293524,2558.4805114561755
evaluation,0.5,1.0,1.0,False,native,11.43805645812469,436.8222882035208,2558.567644630549,0.0,0.2999784401580547,0.20822278930936,2.6184690587023254,0.09175565084869469,2558.4758889797
evaluation,0.5,1.0,1.0,False,quarter,10.947341252415976,436.8222882035208,2558.4651901689617,0.0352788503665936,0.3216046453869301,0.2184352499165631,2.5061315660970753,0.10316939547036702,2558.362020773491
evaluation,0.5,1.0,1.0,True,5minute,11.43805645812469,436.8222882035208,2558.567644630549,0.0119228755449067,0.2999784401580547,0.20822278930936,2.6184690587023254,0.09175565084869469,2558.4758889797
evaluation,0.5,1.0,1.0,True,envelope,11.43805645812469,436.8222882035208,2558.567644630549,2.4202861936828413e-14,0.2999784401580547,0.20822278930936,2.6184690587023254,0.09175565084869469,2558.4758889797
evaluation,0.5,1.0,1.0,True,gross,11.43805645812469,436.8222882035208,2558.567644630549,0.0325572882537688,0.2999784401580547,0.20822278930936,2.6184690587023254,0.09175565084869469,2558.4758889797
evaluation,0.5,1.0,1.0,True,minute,11.43805645812469,436.8222882035208,2558.567644630549,0.0011052512620408,0.2999784401580547,0.20822278930936,2.6184690587023254,0.09175565084869469,2558.4758889797
evaluation,0.5,1.0,1.0,True,native,11.43805645812469,436.8222882035208,2558.567644630549,0.0,0.2999784401580547,0.20822278930936,2.6184690587023254,0.09175565084869469,2558.4758889797
evaluation,0.5,1.0,1.0,True,quarter,11.43805645812469,436.8222882035208,2558.567644630549,0.0325572882537688,0.2999784401580547,0.20822278930936,2.6184690587023254,0.09175565084869469,2558.4758889797
evaluation,1.0,0.9,1.0,False,5minute,3.982910152750741,436.8222882035208,2512.1848664650083,0.3480723081219492,0.4748470718982834,0.2636019548002919,0.9117918797437952,0.23471679677554608,2511.950149668233
evaluation,1.0,0.9,1.0,False,envelope,1.8972562899951333,436.8222882035208,2508.4496659576703,1.0326184352038579e-12,0.541841886002055,0.4486505869945527,0.4343313840046501,0.10354588778611365,2508.3461200698844
evaluation,1.0,0.9,1.0,False,gross,1.8706086283370302,436.8222882035208,2508.3982431762893,0.0157591057473051,0.5428042916213377,0.4540944259998351,0.4282310401399415,0.09856651735722508,2508.299676658932
evaluation,1.0,0.9,1.0,False,minute,1.920106199049998,436.8222882035208,2509.2811454074667,0.201014986511349,0.5249542969235529,0.3050497766799339,0.4395623233756326,0.24433835582624333,2509.0368070516406
evaluation,1.0,0.9,1.0,False,native,1.897256289993949,436.8222882035208,2508.449665957671,0.0,0.5418418860020727,0.4486505869940104,0.43433138400437893,0.10354588778673593,2508.3461200698844
evaluation,1.0,0.9,1.0,False,quarter,9.353883266419729,436.8222882035208,2518.446526590314,0.4918800432467899,0.3706716416856386,0.2334144200647085,2.141347527134797,0.15250802402325567,2518.294018566291
evaluation,1.0,0.9,1.0,True,5minute,1.897256289993949,436.8222882035208,2508.449665957671,0.0094640863154151,0.5418418860020727,0.4486505869940104,0.43433138400437893,0.10354588778673593,2508.3461200698844
evaluation,1.0,0.9,1.0,True,envelope,1.897256289993949,436.8222882035208,2508.449665957671,4.8849813083506894e-14,0.5418418860020727,0.4486505869940104,0.43433138400437893,0.10354588778673593,2508.3461200698844
evaluation,1.0,0.9,1.0,True,gross,1.897256289993949,436.8222882035208,2508.449665957671,0.0157591057472542,0.5418418860020727,0.4486505869940104,0.43433138400437893,0.10354588778673593,2508.3461200698844
evaluation,1.0,0.9,1.0,True,minute,1.897256289993949,436.8222882035208,2508.449665957671,0.0009418936706842,0.5418418860020727,0.4486505869940104,0.43433138400437893,0.10354588778673593,2508.3461200698844
evaluation,1.0,0.9,1.0,True,native,1.897256289993949,436.8222882035208,2508.449665957671,0.0,0.5418418860020727,0.4486505869940104,0.43433138400437893,0.10354588778673593,2508.3461200698844
evaluation,1.0,0.9,1.0,True,quarter,1.897256289993949,436.8222882035208,2508.449665957671,0.0157591057472542,0.5418418860020727,0.4486505869940104,0.43433138400437893,0.10354588778673593,2508.3461200698844
evaluation,1.0,0.94,0.25,False,5minute,2.157677213801267,436.8222882035208,2531.110620172975,0.3973745419095127,0.4650798552867756,0.2259754496915927,0.49394851683849494,0.25436638893104563,2530.856253784044
evaluation,1.0,0.94,0.25,False,envelope,1.0623860381810208,436.8222882035208,2528.773405820648,1.1107781361374693e-12,0.5208614428651573,0.48261699231699,0.24320783688721537,0.04068558568953971,2528.7327202349584
evaluation,1.0,0.94,0.25,False,gross,1.0533450606065033,436.8222882035208,2528.751199027424,0.0101371238413587,0.5274769611395806,0.4879494405050253,0.24113812162344087,0.04205055386654823,2528.7091484735574
evaluation,1.0,0.94,0.25,False,minute,1.0705044030242195,436.8222882035208,2529.3249776440803,0.1525893715554154,0.5057243738668603,0.3772692002606188,0.2450663420648212,0.13665444000663993,2529.1883232040736
evaluation,1.0,0.94,0.25,False,native,1.062386038180774,436.8222882035208,2528.773405820649,0.0,0.5208614428655115,0.4826169923163113,0.24320783688715886,0.04068558569063854,2528.7327202349584
evaluation,1.0,0.94,0.25,False,quarter,5.777376633593822,436.8222882035208,2535.228189518761,0.4865205436653571,0.3804052272948982,0.2000254400162401,1.322591998992064,0.1918933907219767,2535.0362961280393
evaluation,1.0,0.94,0.25,True,5minute,1.062386038180774,436.8222882035208,2528.773405820649,0.0090613592381659,0.5208614428655115,0.4826169923163113,0.24320783688715886,0.04068558569063854,2528.7327202349584
evaluation,1.0,0.94,0.25,True,envelope,1.062386038180774,436.8222882035208,2528.773405820649,4.8627768478581856e-14,0.5208614428655115,0.4826169923163113,0.24320783688715886,0.04068558569063854,2528.7327202349584
evaluation,1.0,0.94,0.25,True,gross,1.062386038180774,436.8222882035208,2528.773405820649,0.0101371238410243,0.5208614428655115,0.4826169923163113,0.24320783688715886,0.04068558569063854,2528.7327202349584
evaluation,1.0,0.94,0.25,True,minute,1.062386038180774,436.8222882035208,2528.773405820649,0.0009018130889555,0.5208614428655115,0.4826169923163113,0.24320783688715886,0.04068558569063854,2528.7327202349584
evaluation,1.0,0.94,0.25,True,native,1.062386038180774,436.8222882035208,2528.773405820649,0.0,0.5208614428655115,0.4826169923163113,0.24320783688715886,0.04068558569063854,2528.7327202349584
evaluation,1.0,0.94,0.25,True,quarter,1.062386038180774,436.8222882035208,2528.773405820649,0.0090613592381657,0.5208614428655115,0.4826169923163113,0.24320783688715886,0.04068558569063854,2528.7327202349584
evaluation,1.0,0.94,4.0,False,5minute,18.061372357284586,436.8222882035208,2532.863209206046,0.1045420229216719,0.7294809147842997,0.316822725117893,4.13471859038236,0.4389980741131986,2532.424211131933
evaluation,1.0,0.94,4.0,False,envelope,18.44481805270652,436.8222882035208,2531.387018315169,5.485611964672898e-13,0.7480176670876599,0.361758058997125,4.222499297955432,0.4109144766920585,2530.976103838477
evaluation,1.0,0.94,4.0,False,gross,18.00647129745238,436.8222882035208,2531.2945968168397,0.034402550971917,0.7594624734963555,0.3450269565862671,4.122150307738634,0.44088884777668985,2530.853707969063
evaluation,1.0,0.94,4.0,False,minute,18.370734234809426,436.8222882035208,2531.7273382023836,0.02259606083418,0.7426384559367967,0.3549757085325021,4.205539582323299,0.4124071780896751,2531.314931024294
evaluation,1.0,0.94,4.0,False,native,18.444818052706328,436.8222882035208,2531.3870183151703,0.0,0.7480176670876941,0.3617580589971345,4.2224992979553875,0.41091447669208475,2530.976103838478
evaluation,1.0,0.94,4.0,False,quarter,17.92677131640686,436.8222882035208,2535.272083140598,0.252762730755627,0.7069585281245059,0.2579096298751331,4.10390490607351,0.4777115938823115,2534.794371546716
evaluation,1.0,0.94,4.0,True,5minute,18.444818052706328,436.8222882035208,2531.3870183151703,0.0080895990192214,0.7480176670876941,0.3617580589971345,4.2224992979553875,0.41091447669208475,2530.976103838478
evaluation,1.0,0.94,4.0,True,envelope,18.444818052706328,436.8222882035208,2531.3870183151703,4.8849813083506894e-14,0.7480176670876941,0.3617580589971345,4.2224992979553875,0.41091447669208475,2530.976103838478
evaluation,1.0,0.94,4.0,True,gross,18.444818052706328,436.8222882035208,2531.3870183151703,0.0319486104579768,0.7480176670876941,0.3617580589971345,4.2224992979553875,0.41091447669208475,2530.976103838478
evaluation,1.0,0.94,4.0,True,minute,18.444818052706328,436.8222882035208,2531.3870183151703,0.0012650559137441,0.7480176670876941,0.3617580589971345,4.2224992979553875,0.41091447669208475,2530.976103838478
evaluation,1.0,0.94,4.0,True,native,18.444818052706328,436.8222882035208,2531.3870183151703,0.0,0.7480176670876941,0.3617580589971345,4.2224992979553875,0.41091447669208475,2530.976103838478
evaluation,1.0,0.94,4.0,True,quarter,18.444818052706328,436.8222882035208,2531.3870183151703,0.0319486104579768,0.7480176670876941,0.3617580589971345,4.2224992979553875,0.41091447669208475,2530.976103838478
evaluation,1.0,0.98,1.0,False,5minute,1.7956317653777287,436.8222882035208,2548.937194455281,0.1643620663433023,0.5342540507758536,0.3313111816576128,0.41106688323127,0.20708456032473554,2548.730109894956
evaluation,1.0,0.98,1.0,False,envelope,1.7499617815766542,436.8222882035208,2548.232282502815,1.2921330672099884e-12,0.5483447132955078,0.4564794923285097,0.4006118343396722,0.09374002139489604,2548.1385424814202
evaluation,1.0,0.98,1.0,False,gross,1.7189283526496297,436.8222882035208,2548.189871544134,0.0171613497650074,0.5552419407418804,0.4614789363129293,0.39350747410781384,0.09567653513158274,2548.0941950090023
evaluation,1.0,0.98,1.0,False,minute,1.764358680344239,436.8222882035208,2548.391507535791,0.0375612171683042,0.5444707577615364,0.4288231721275061,0.4039076594741436,0.11800774044288809,2548.273499795348
evaluation,1.0,0.98,1.0,False,native,1.7499617815786332,436.8222882035208,2548.2322825028145,0.0,0.5483447132951997,0.4564794923280749,0.4006118343401252,0.09374002139502535,2548.1385424814193
evaluation,1.0,0.98,1.0,False,quarter,2.451581465115588,436.8222882035208,2550.1041986282526,0.297582220748934,0.5152583327759643,0.2566103064496072,0.5612308555037298,0.2639265574758746,2549.840272070777
evaluation,1.0,0.98,1.0,True,5minute,1.7499617815786332,436.8222882035208,2548.2322825028145,0.0086915078406951,0.5483447132951997,0.4564794923280749,0.4006118343401252,0.09374002139502535,2548.1385424814193
evaluation,1.0,0.98,1.0,True,envelope,1.7499617815786332,436.8222882035208,2548.2322825028145,4.8849813083506894e-14,0.5483447132951997,0.4564794923280749,0.4006118343401252,0.09374002139502535,2548.1385424814193
evaluation,1.0,0.98,1.0,True,gross,1.7499617815786332,436.8222882035208,2548.2322825028145,0.0171613497645605,0.5483447132951997,0.4564794923280749,0.4006118343401252,0.09374002139502535,2548.1385424814193
evaluation,1.0,0.98,1.0,True,minute,1.7499617815786332,436.8222882035208,2548.2322825028145,0.0008650043914524,0.5483447132951997,0.4564794923280749,0.4006118343401252,0.09374002139502535,2548.1385424814193
evaluation,1.0,0.98,1.0,True,native,1.7499617815786332,436.8222882035208,2548.2322825028145,0.0,0.5483447132951997,0.4564794923280749,0.4006118343401252,0.09374002139502535,2548.1385424814193
evaluation,1.0,0.98,1.0,True,quarter,1.7499617815786332,436.8222882035208,2548.2322825028145,0.0171613497645605,0.5483447132951997,0.4564794923280749,0.4006118343401252,0.09374002139502535,2548.1385424814193
evaluation,1.0,1.0,1.0,False,5minute,1.7094357034426773,436.8222882035208,2557.598368902439,0.0085176776842483,0.5520653375635195,0.4631222444141558,0.391334359442353,0.08894309314936372,2557.5094258092895
evaluation,1.0,1.0,1.0,False,envelope,1.7187751997806782,436.8222882035208,2557.6099282040996,6.741274205523952e-13,0.5499784401580167,0.4582227893095451,0.3934724134268259,0.09175565084847159,2557.518172553251
evaluation,1.0,1.0,1.0,False,gross,1.6780552620802143,436.8222882035208,2557.574879072346,0.0175118935995228,0.5570165192862243,0.4631222444141769,0.3841505590251356,0.09389427487204743,2557.480984797474
evaluation,1.0,1.0,1.0,False,minute,1.7193231438427914,436.8222882035208,2557.6098732971127,0.0008477043039334,0.5501721922851107,0.4584702147460735,0.3935978520953441,0.0917019775390372,2557.518171319574
evaluation,1.0,1.0,1.0,False,native,1.7187751997818195,436.8222882035208,2557.6099282040996,0.0,0.5499784401579881,0.458222789309361,0.3934724134270871,0.09175565084862713,2557.518172553251
evaluation,1.0,1.0,1.0,False,quarter,1.6780552620800584,436.8222882035208,2557.574879072346,0.0175118935995171,0.5570165192862283,0.4631222444141447,0.3841505590250999,0.09389427487208363,2557.480984797474
evaluation,1.0,1.0,1.0,True,5minute,1.7187751997818195,436.8222882035208,2557.6099282040996,0.0085176776838868,0.5499784401579881,0.458222789309361,0.3934724134270871,0.09175565084862713,2557.518172553251
evaluation,1.0,1.0,1.0,True,envelope,1.7187751997818195,436.8222882035208,2557.6099282040996,4.8183679268731794e-14,0.5499784401579881,0.458222789309361,0.3934724134270871,0.09175565084862713,2557.518172553251
evaluation,1.0,1.0,1.0,True,gross,1.7187751997818195,436.8222882035208,2557.6099282040996,0.0175118935992622,0.5499784401579881,0.458222789309361,0.3934724134270871,0.09175565084862713,2557.518172553251
evaluation,1.0,1.0,1.0,True,minute,1.7187751997818195,436.8222882035208,2557.6099282040996,0.000847704303629,0.5499784401579881,0.458222789309361,0.3934724134270871,0.09175565084862713,2557.518172553251
evaluation,1.0,1.0,1.0,True,native,1.7187751997818195,436.8222882035208,2557.6099282040996,0.0,0.5499784401579881,0.458222789309361,0.3934724134270871,0.09175565084862713,2557.518172553251
evaluation,1.0,1.0,1.0,True,quarter,1.7187751997818195,436.8222882035208,2557.6099282040996,0.0175118935992622,0.5499784401579881,0.458222789309361,0.3934724134270871,0.09175565084862713,2557.518172553251
evaluation,2.0,0.9,1.0,False,5minute,3.055577406618693,436.8222882035208,2511.620502230648,0.8736358743007229,0.7340599993549746,0.2636019548002927,0.6995012592386454,0.5227311606163132,2511.0977710700317
evaluation,2.0,0.9,1.0,False,envelope,7.522727858249636e-10,436.8222882035208,2507.8298693527736,1.1941114763658334e-11,1.0418418859950862,0.94865058698245,1.7221483567580015e-10,0.10354588779181803,2507.7263234649818
evaluation,2.0,0.9,1.0,False,gross,6.667778007508652e-10,436.8222882035208,2507.8298693527736,0.0242375101158629,1.0176043758911402,0.9244130768792184,1.52642806641818e-10,0.10354588779102422,2507.7263234649827
evaluation,2.0,0.9,1.0,False,minute,0.5211888344760791,436.8222882035208,2508.667044901572,0.5394405405083487,0.8015188018371873,0.4548422951401447,0.11931369999903735,0.38519611855226954,2508.2818487830195
evaluation,2.0,0.9,1.0,False,native,7.519613814220397e-10,436.8222882035208,2507.8298693527686,0.0,1.0418418860020977,0.9486505869940308,1.7214354709659223e-10,0.10354588778674098,2507.7263234649818
evaluation,2.0,0.9,1.0,False,quarter,8.821009584246212,436.8222882035208,2517.953337373146,1.002372730980326,0.60287073025339,0.2334144200647078,2.0193588611340263,0.41050701132075795,2517.5428303618255
evaluation,2.0,0.9,1.0,True,5minute,7.519613814220397e-10,436.8222882035208,2507.8298693527686,0.0036589448621513,1.0418418860020977,0.9486505869940308,1.7214354709659223e-10,0.10354588778674098,2507.7263234649818
evaluation,2.0,0.9,1.0,True,envelope,7.519613814220397e-10,436.8222882035208,2507.8298693527686,9.992007221626409e-14,1.0418418860020977,0.9486505869940308,1.7214354709659223e-10,0.10354588778674098,2507.7263234649818
evaluation,2.0,0.9,1.0,True,gross,7.519613814220397e-10,436.8222882035208,2507.8298693527686,9.992007221626409e-14,1.0418418860020977,0.9486505869940308,1.7214354709659223e-10,0.10354588778674098,2507.7263234649818
evaluation,2.0,0.9,1.0,True,minute,7.519613814220397e-10,436.8222882035208,2507.8298693527686,0.0007436554010018,1.0418418860020977,0.9486505869940308,1.7214354709659223e-10,0.10354588778674098,2507.7263234649818
evaluation,2.0,0.9,1.0,True,native,7.519613814220397e-10,436.8222882035208,2507.8298693527686,0.0,1.0418418860020977,0.9486505869940308,1.7214354709659223e-10,0.10354588778674098,2507.7263234649818
evaluation,2.0,0.9,1.0,True,quarter,7.519613814220397e-10,436.8222882035208,2507.8298693527686,0.0116859369760637,1.0418418860020977,0.9486505869940308,1.7214354709659223e-10,0.10354588778674098,2507.7263234649818
evaluation,2.0,0.94,0.25,False,5minute,1.8824720160076025,436.8222882035208,2531.2391313260455,0.906199017595502,0.6182192232982779,0.2259754496915917,0.43094687859208686,0.41728061021987906,2530.821850715826
evaluation,2.0,0.94,0.25,False,envelope,7.581737835731133e-10,436.8222882035208,2528.8773522542683,3.031863649027855e-11,1.0208614428465197,0.9826169922861172,1.7356572776796384e-10,0.04068558570255584,2528.8366666685656
evaluation,2.0,0.94,0.25,False,gross,5.749187591720998e-10,436.8222882035208,2528.8773522542683,0.0256478351117322,0.9952136077667084,0.9569691572045824,1.3161387930467463e-10,0.04068558570438936,2528.836666668564
evaluation,2.0,0.94,0.25,False,minute,0.3343300432774532,436.8222882035208,2529.4312968152135,0.5545196807670578,0.6630147076082634,0.4281625027329734,0.07653685544582028,0.24984277114392556,2529.1814540440696
evaluation,2.0,0.94,0.25,False,native,7.589593785030456e-10,436.8222882035208,2528.877352254256,0.0,1.0208614428655118,0.9826169923163136,1.737455709103921e-10,0.04068558569063641,2528.8366666685656
evaluation,2.0,0.94,0.25,False,quarter,5.832841927952317,436.8222882035208,2535.3897371951402,0.9982051733410916,0.5268813119719443,0.2000254400162392,1.335289449615887,0.3477190127188352,2535.0420181824215
evaluation,2.0,0.94,0.25,True,5minute,7.589593785030456e-10,436.8222882035208,2528.877352254256,0.0021461985652651,1.0208614428655118,0.9826169923163136,1.737455709103921e-10,0.04068558569063641,2528.8366666685656
evaluation,2.0,0.94,0.25,True,envelope,7.589593785030456e-10,436.8222882035208,2528.877352254256,9.536815781530097e-14,1.0208614428655118,0.9826169923163136,1.737455709103921e-10,0.04068558569063641,2528.8366666685656
evaluation,2.0,0.94,0.25,True,gross,7.589593785030456e-10,436.8222882035208,2528.877352254256,9.536815781530097e-14,1.0208614428655118,0.9826169923163136,1.737455709103921e-10,0.04068558569063641,2528.8366666685656
evaluation,2.0,0.94,0.25,True,minute,7.589593785030456e-10,436.8222882035208,2528.877352254256,0.0004286960288701,1.0208614428655118,0.9826169923163136,1.737455709103921e-10,0.04068558569063641,2528.8366666685656
evaluation,2.0,0.94,0.25,True,native,7.589593785030456e-10,436.8222882035208,2528.877352254256,0.0,1.0208614428655118,0.9826169923163136,1.737455709103921e-10,0.04068558569063641,2528.8366666685656
evaluation,2.0,0.94,0.25,True,quarter,7.589593785030456e-10,436.8222882035208,2528.877352254256,0.0068504986494123,1.0208614428655118,0.9826169923163136,1.737455709103921e-10,0.04068558569063641,2528.8366666685656
evaluation,2.0,0.94,4.0,False,5minute,1.1736177873053064,436.8222882035208,2529.8569884150784,0.4898110689739813,1.1979521431018816,0.4965041947458136,0.26867168159663674,0.7462212216553916,2529.110767193423
evaluation,2.0,0.94,4.0,False,envelope,0.29585846100298846,436.8222882035208,2528.1012652774634,3.653854996343853e-12,1.2480176670896006,0.8617584646285458,0.06772970816570248,0.41091404517133495,2527.690351232292
evaluation,2.0,0.94,4.0,False,gross,0.29383238760534786,436.8222882035208,2528.1039661744862,0.0080066170245979,1.2554647370176495,0.8537518476059766,0.06726588719036418,0.4273541376719925,2527.6766120368143
evaluation,2.0,0.94,4.0,False,minute,0.1849648620968568,436.8222882035208,2528.4979626702616,0.1220568025381554,1.2285826761461127,0.7665450546663914,0.042343274849263056,0.491529384552895,2528.0064332857087
evaluation,2.0,0.94,4.0,False,native,0.295858461009288,436.8222882035208,2528.1012652774625,0.0,1.2480176670878884,0.8617584646301879,0.0677297081671446,0.41091404516776653,2527.6903512322947
evaluation,2.0,0.94,4.0,False,quarter,3.745113717053848,436.8222882035208,2532.7771181961,0.8203217406024855,1.1389076206925222,0.2538126343774922,0.857354081554775,0.9415904109734361,2531.835527785127
evaluation,2.0,0.94,4.0,True,5minute,0.295858461009288,436.8222882035208,2528.1012652774625,0.0090613592381956,1.2480176670878884,0.8617584646301879,0.0677297081671446,0.41091404516776653,2527.6903512322947
evaluation,2.0,0.94,4.0,True,envelope,0.295858461009288,436.8222882035208,2528.1012652774625,9.9253938401489e-14,1.2480176670878884,0.8617584646301879,0.0677297081671446,0.41091404516776653,2527.6903512322947
evaluation,2.0,0.94,4.0,True,gross,0.295858461009288,436.8222882035208,2528.1012652774625,0.008006617022872,1.2480176670878884,0.8617584646301879,0.0677297081671446,0.41091404516776653,2527.6903512322947
evaluation,2.0,0.94,4.0,True,minute,0.295858461009288,436.8222882035208,2528.1012652774625,0.000901813088985,1.2480176670878884,0.8617584646301879,0.0677297081671446,0.41091404516776653,2527.6903512322947
evaluation,2.0,0.94,4.0,True,native,0.295858461009288,436.8222882035208,2528.1012652774625,0.0,1.2480176670878884,0.8617584646301879,0.0677297081671446,0.41091404516776653,2527.6903512322947
evaluation,2.0,0.94,4.0,True,quarter,0.295858461009288,436.8222882035208,2528.1012652774625,0.0090613592381956,1.2480176670878884,0.8617584646301879,0.0677297081671446,0.41091404516776653,2527.6903512322947
evaluation,2.0,0.98,1.0,False,5minute,0.4841028058389423,436.8222882035208,2549.052139688607,0.5733574458585158,0.7377505346481603,0.4168871756213402,0.11082374203703473,0.327411590843694,2548.724728097763
evaluation,2.0,0.98,1.0,False,envelope,7.592258575292543e-10,436.8222882035208,2548.3288997146833,1.8178791805212317e-12,1.0483447132962271,0.956479492327948,1.7380657490066573e-10,0.09374002139620316,2548.235159693287
evaluation,2.0,0.98,1.0,False,gross,6.661959797890854e-10,436.8222882035208,2548.3288997146833,0.0265844013046465,1.0217603119926293,0.9298950910255888,1.5250961266854969e-10,0.09374002139493931,2548.2351596932886
evaluation,2.0,0.98,1.0,False,minute,5.062807552157414e-10,436.8222882035208,2548.489178329419,0.3631699816303533,0.8454203203146956,0.5933545818181413,1.1590085233468192e-10,0.25720993724138197,2548.2319683921774
evaluation,2.0,0.98,1.0,False,native,7.589507993810146e-10,436.8222882035208,2548.3288997146815,0.0,1.0483447132951331,0.9564794923281076,1.7374360692589253e-10,0.09374002139492402,2548.2351596932867
evaluation,2.0,0.98,1.0,False,quarter,1.5297055023858601,436.8222882035208,2550.2552404470516,0.8358982867026141,0.7131245350446412,0.2566103064496092,0.35018943485620674,0.46583084550513476,2549.7894096015466
evaluation,2.0,0.98,1.0,True,5minute,7.589507993810146e-10,436.8222882035208,2548.3288997146815,0.0007003479854259,1.0483447132951331,0.9564794923281076,1.7374360692589253e-10,0.09374002139492402,2548.2351596932867
evaluation,2.0,0.98,1.0,True,envelope,7.589507993810146e-10,436.8222882035208,2548.3288997146815,9.9253938401489e-14,1.0483447132951331,0.9564794923281076,1.7374360692589253e-10,0.09374002139492402,2548.2351596932867
evaluation,2.0,0.98,1.0,True,gross,7.589507993810146e-10,436.8222882035208,2548.3288997146815,9.9253938401489e-14,1.0483447132951331,0.9564794923281076,1.7374360692589253e-10,0.09374002139492402,2548.2351596932867
evaluation,2.0,0.98,1.0,True,minute,7.589507993810146e-10,436.8222882035208,2548.3288997146815,0.0001404564174384,1.0483447132951331,0.9564794923281076,1.7374360692589253e-10,0.09374002139492402,2548.2351596932867
evaluation,2.0,0.98,1.0,True,native,7.589507993810146e-10,436.8222882035208,2548.3288997146815,0.0,1.0483447132951331,0.9564794923281076,1.7374360692589253e-10,0.09374002139492402,2548.2351596932867
evaluation,2.0,0.98,1.0,True,quarter,7.589507993810146e-10,436.8222882035208,2548.3288997146815,0.0022488299793126,1.0483447132951331,0.9564794923281076,1.7374360692589253e-10,0.09374002139492402,2548.2351596932867
evaluation,2.0,1.0,1.0,False,5minute,7.417807963377347e-10,436.8222882035208,2557.8767756362336,0.0052185785277378,1.0447598616303413,0.9530042107842284,1.698129459896355e-10,0.09175565084611292,2557.7850199853874
evaluation,2.0,1.0,1.0,False,envelope,7.641129341960397e-10,436.8222882035208,2557.8767756362336,1.0577316800208791e-11,1.0499784401644412,0.9582227893195426,1.7492535404695977e-10,0.09175565084489856,2557.7850199853888
evaluation,2.0,1.0,1.0,False,gross,6.714243443760423e-10,436.8222882035208,2557.8767756362336,0.0260527132770982,1.0239257268809387,0.9321700760340806,1.5370652150954753e-10,0.0917556508468581,2557.7850199853865
evaluation,2.0,1.0,1.0,False,minute,7.599705435410185e-10,436.8222882035208,2557.8767756362336,0.0009959832604233,1.0489824568977044,0.95722680605257,1.7397705292614073e-10,0.09175565084513437,2557.7850199853883
evaluation,2.0,1.0,1.0,False,native,7.641186294136609e-10,436.8222882035208,2557.8767756362354,0.0,1.0499784401579837,0.9582227893093566,1.7492665783062077e-10,0.09175565084862713,2557.785019985387
evaluation,2.0,1.0,1.0,False,quarter,6.714194393010921e-10,436.8222882035208,2557.8767756362336,0.0260527132772334,1.023925726880804,0.9321700760339752,1.5370539861012532e-10,0.0917556508468288,2557.785019985387
evaluation,2.0,1.0,1.0,True,5minute,7.641186294136609e-10,436.8222882035208,2557.8767756362354,9.903189379656396e-14,1.0499784401579837,0.9582227893093566,1.7492665783062077e-10,0.09175565084862713,2557.785019985387
evaluation,2.0,1.0,1.0,True,envelope,7.641186294136609e-10,436.8222882035208,2557.8767756362354,9.969802761133907e-14,1.0499784401579837,0.9582227893093566,1.7492665783062077e-10,0.09175565084862713,2557.785019985387
evaluation,2.0,1.0,1.0,True,gross,7.641186294136609e-10,436.8222882035208,2557.8767756362354,9.969802761133907e-14,1.0499784401579837,0.9582227893093566,1.7492665783062077e-10,0.09175565084862713,2557.785019985387
evaluation,2.0,1.0,1.0,True,minute,7.641186294136609e-10,436.8222882035208,2557.8767756362354,9.992007221626409e-14,1.0499784401579837,0.9582227893093566,1.7492665783062077e-10,0.09175565084862713,2557.785019985387
evaluation,2.0,1.0,1.0,True,native,7.641186294136609e-10,436.8222882035208,2557.8767756362354,0.0,1.0499784401579837,0.9582227893093566,1.7492665783062077e-10,0.09175565084862713,2557.785019985387
evaluation,2.0,1.0,1.0,True,quarter,7.641186294136609e-10,436.8222882035208,2557.8767756362354,9.947598300641405e-14,1.0499784401579837,0.9582227893093566,1.7492665783062077e-10,0.09175565084862713,2557.785019985387
